id_episodio,sip_paciente,timestamp_llegada,timestamp_alta,motivo_consulta,frecuencia_cardiaca,tension_arterial,destino_alta
EP-2026-02401,SIP-873402,30/08/2026 20:13:06,31/08/2026 02:03 AM,Urgencia por digestivo,105,146/103,ingreso_planta
EP-2026-00650,SIP-738211,2026/09/22 23:55:13,2026-09-23 09:31:13,Urgencia por cardiovascular,62,150_88,ingreso_planta
EP-2026-02146,SIP-188560,02/09/2026 01:26 PM,02/09/2026 09:39 PM,Urgencia por nefrourologia,116,PENDIENTE,ALTA_INGRESO_PEDIATRIA
EP-2026-00783,SIP-683397,20-09-2026 10:29:14,NULL,Urgencia por nefrourologia,85,98/64,INGRESO_PLANTA
EP-2026-00186,SIP-908485,29/09/2026 06:03 AM,2026-09-29 13:10:28,Urgencia por cardiovascular,117,121/83,domicilio
EP-2026-00750,SIP-575362,21-09-2026 02:38:52,21/09/2026 06:12 AM,Urgencia por psiquiatria,118,159/82,ingreso_planta
EP-2026-02911,SIP-893102,2026-08-23T10:37:02Z,23-08-2026 13:43:02,Urgencia por digestivo,90,99/97,domicilio
EP-2026-01721,SIP-287998,2026-09-08 04:33:00,2026/09/08 09:48:00,Urgencia por infeccioso,78,127/91,traslado_uci
EP-2026-01419,SIP-625263,2026/09/12 05:44:13,2026/09/12 15:38:13,Urgencia por pediatria,-15,163/71,observacion
EP-2026-00407,SIP-810537,N/D,2026-09-25 18:37:22,Urgencia por digestivo,119,127/81,ingreso_planta
EP-2026-01675,SIP-778316,2026-09-09T11:55:06Z,09/09/2026 08:40 PM,Urgencia por nefrourologia,60,130/76,ingreso_planta
EP-2026-01950,SIP-944591,2026/09/05 16:40:55,2026-09-05T18:12:55Z,Urgencia por infeccioso,s/d,116/75,observacion
EP-2026-03131,SIP-977822,2026/08/20 23:10:58,,Urgencia por traumatologia,89,112/57,ingreso_planta
EP-2026-00737,SIP-755594,2026/09/21 20:38:29,22/09/2026 04:51:29,Urgencia por infeccioso,121,155/80,domicilio
EP-2026-01894,SIP-177556,2026/09/06 00:15:59,2026/09/06 02:36:59,Urgencia por nefrourologia,999,108/84,ingreso_planta
EP-2026-03268,SIP-465946,2026-08-17T10:59:01Z,2026-08-17 17:56:01,Urgencia por psiquiatria,s/d,112/102,traslado_uci
EP-2026-00587,SIP-562190,2026/09/23 08:37:42,2026/09/23 10:41:42,Urgencia por respiratorio,113,136/70,traslado_uci
EP-2026-01290,SIP-323265,14-09-2026 08:42:55,14/09/2026 05:10 PM,Urgencia por nefrourologia,115,158/73,domicilio
EP-2026-01887,SIP-804861,2026/09/06 03:10:23,2026/09/06 05:12:23,Urgencia por respiratorio,96,95/74,traslado_uci
EP-2026-00446,SIP-633011,25/09/2026 12:20 AM,2026-09-25 03:10:08,Urgencia por cardiovascular,98,126/90,ingreso_pediatria
EP-2026-02926,SIP-217444,23-08-2026 09:56:35,23/08/2026 01:43 PM,Urgencia por nefrourologia,99,164/80,ingreso_planta
EP-2026-01092,SIP-254051,2026-09-16 10:53:34,2026-09-16 11:49:34,Urgencia por nefrourologia,80,141/81,traslado_uci
EP-2026-02725,SIP-643109,26/08/2026 09:23 PM,2026/08/27 07:01:19,Urgencia por respiratorio,85,156/92,ingreso_pediatria
EP-2026-00351,SIP-458027,26/09/2026 07:34 PM,27-09-2026 01:56:26,Urgencia por respiratorio,113,149/97,domicilio
EP-2026-01239,SIP-269895,14/09/2026 01:11:19,2026/09/14 04:58:19,Urgencia por cardiovascular,83,169/98,traslado_uci
EP-2026-02126,SIP-412673,2026-09-02T05:02:18Z,2026-09-02 12:13:18,Urgencia por infeccioso,104,98/72,observacion
EP-2026-02376,SIP-724461,30-08-2026 21:42:12,30-08-2026 22:43:12,Urgencia por nefrourologia,58,162/78,traslado_uci
EP-2026-01996,SIP-325196,2026-09-05 02:04:19,2026-09-05T05:22:19Z,Urgencia por respiratorio,97,119/79,domicilio
EP-2026-03401,SIP-891513,N/D,16/08/2026 08:39 PM,Urgencia por respiratorio,104,PENDIENTE,ingreso_pediatria
EP-2026-03384,SIP-956415,16/08/2026 12:57 PM,16/08/2026 16:19:22,Urgencia por traumatologia,450,97/90,ALTA_OBSERVACION
EP-2026-01238,SIP-704639,14/09/2026 01:13:09,,Urgencia por respiratorio,113,,ingreso_pediatria
EP-2026-02353,SIP-448765,30/08/2026 09:06 AM,2026/08/30 10:05:44,Urgencia por infeccioso,86,113/67,domicilio
EP-2026-02419,SIP-851877,30/08/2026 04:16 PM,2026-08-30 21:50:31,Urgencia por nefrourologia,54,98/73,traslado_uci
EP-2026-01010,SIP-588767,2026-09-17 14:28:26,NULL,Urgencia por nefrourologia,105,142/59,traslado_uci
EP-2026-02509,SIP-287082,2026-08-28T23:07:18Z,29/08/2026 12:31 AM,Urgencia por respiratorio,70,133/81,traslado_uci
EP-2026-01755,SIP-247704,2026/09/08 07:52:15,08-09-2026 08:35:15,Urgencia por psiquiatria,103,132/91,traslado_uci
EP-2026-01608,SIP-356623,10/09/2026 23:34:51,2026-09-11T05:16:51Z,Urgencia por cardiovascular,95,134/98,ingreso_planta
EP-2026-02367,SIP-316139,2026/08/30 08:32:03,30-08-2026 14:07:03,Urgencia por neurologia,89,PENDIENTE,observacion
EP-2026-00975,SIP-764505,2026-09-18 04:05:02,18/09/2026 08:48 AM,Urgencia por psiquiatria,108,96/60,traslado_uci
EP-2026-00412,SIP-623641,2026-09-25T11:55:16Z,25/09/2026 19:50:16,Urgencia por pediatria,73,162/67,domicilio
EP-2026-00309,SIP-742423,27/09/2026 12:25 PM,2026/09/27 14:26:46,Urgencia por digestivo,106,108/65,ingreso_planta
EP-2026-01463,SIP-481797,11/09/2026 01:32:47,2026-09-11T07:58:47Z,Urgencia por nefrourologia,90,123/72,domicilio
EP-2026-03150,SIP-204587,19/08/2026 09:39 PM,20/08/2026 07:29:52,Urgencia por psiquiatria,111,147/59,ingreso_pediatria
EP-2026-01906,SIP-560866,2026/09/06 06:18:09,06-09-2026 14:54:09,Urgencia por traumatologia,85,111/81,ingreso_pediatria
EP-2026-00079,SIP-511944,2026/09/30 04:16:32,30/09/2026 08:24:32,Urgencia por pediatria,100,140/99,ingreso_pediatria
EP-2026-01472,SIP-842350,11-09-2026 08:43:54,2026/09/11 09:39:54,Urgencia por neurologia,125,136/68,traslado_uci
EP-2026-03418,SIP-637723,15-08-2026 08:39:48,2026-08-15 09:37:48,Urgencia por cardiovascular,95,95/96,ingreso_planta
EP-2026-01347,SIP-711177,13/09/2026 06:33:59,13/09/2026 07:41:59,Urgencia por neurologia,125,148/103,alta
EP-2026-01095,SIP-495725,16-09-2026 15:03:48,2026-09-16 17:46:48,Urgencia por respiratorio,120,156/95,domicilio
EP-2026-00390,SIP-584275,2026-09-26T00:37:38Z,26-09-2026 03:16:38,Urgencia por traumatologia,53,155/91,None
EP-2026-01503,SIP-576681,2026-09-11T15:03:31Z,2026-09-11T20:00:31Z,Urgencia por neurologia,69,97/90,traslado_uci
EP-2026-00652,SIP-359499,2026/09/22 19:45:43,2026/09/23 04:41:43,Urgencia por nefrourologia,65,129/92,observacion
EP-2026-02322,SIP-812378,31-08-2026 23:34:04,,Urgencia por respiratorio,102,122/84,ingreso_planta
EP-2026-00123,SIP-609378,30/09/2026 12:18:41,2026-09-30 20:15:41,Urgencia por infeccioso,86,156_72,ALTA_TRASLADO_UCI
EP-2026-00912,SIP-170319,18/09/2026 13:38:23,2026/09/18 14:22:23,Urgencia por neurologia,97,168/101,ingreso_pediatria
EP-2026-01756,SIP-503958,2026-09-08T14:25:55Z,08-09-2026 17:45:55,Urgencia por nefrourologia,96,145/78,observacion
EP-2026-00029,SIP-248525,01-10-2026 21:56:11,02/10/2026 03:40 AM,Urgencia por digestivo,98,104/81,domicilio
EP-2026-00002,SIP-481201,01-10-2026 16:47:13,2026/10/02 00:29:13,Urgencia por traumatologia,66,149/87,traslado_uci
EP-2026-03237,SIP-917252,18/08/2026 16:39:01,2026/08/18 21:46:01,Urgencia por nefrourologia,104,111/65,ingreso_planta
EP-2026-01513,SIP-803824,11-09-2026 14:22:43,2026-09-11T20:32:43Z,Urgencia por traumatologia,68,167/101,ALTA_INGRESO_PLANTA
EP-2026-03064,SIP-710726,21/08/2026 01:50 AM,21/08/2026 06:55 AM,Urgencia por cardiovascular,94,161/60,ingreso_planta
EP-2026-01629,SIP-984319,2026-09-09T12:09:43Z,2026/09/09 17:42:43,Urgencia por psiquiatria,77,147/76,ingreso_pediatria
EP-2026-02318,SIP-879883,2026-08-31T13:24:26Z,2026-08-31 21:53:26,Urgencia por traumatologia,114,96/91,ingreso_pediatria
EP-2026-01492,SIP-872025,11-09-2026 22:38:58,12/09/2026 08:16:58,Urgencia por pediatria,71,131/97,ingreso_planta
EP-2026-01800,SIP-725238,07/09/2026 10:53 PM,2026/09/08 00:26:32,Urgencia por infeccioso,80,100/68,domicilio
EP-2026-02974,SIP-180485,2026/08/22 10:02:56,22/08/2026 16:23:56,Urgencia por infeccioso,63,145/77,traslado_uci
EP-2026-00535,SIP-924679,24/09/2026 19:25:05,25/09/2026 05:25 AM,Urgencia por traumatologia,89,157/96,domicilio
EP-2026-02380,SIP-322004,2026/08/30 03:51:54,2026-08-30T05:15:54Z,Urgencia por traumatologia,101,145/104,ingreso_planta
EP-2026-02277,SIP-392978,01-09-2026 10:37:25,N/D,Urgencia por digestivo,90,161/55,ingreso_planta
EP-2026-01908,SIP-972641,06/09/2026 08:19 PM,2026-09-07T03:04:43Z,Urgencia por infeccioso,121,145/68,alta
EP-2026-02278,SIP-833191,2026-09-01 06:52:37,01/09/2026 08:16 AM,Urgencia por pediatria,87,100/91,observacion
EP-2026-00955,SIP-756534,18/09/2026 23:17:44,2026-09-19T05:19:44Z,Urgencia por traumatologia,61,67/111,traslado_uci
EP-2026-03337,SIP-403231,17/08/2026 15:05:43,17-08-2026 16:09:43,Urgencia por digestivo,ERROR,156/102,domicilio
EP-2026-02456,SIP-221118,2026-08-29 02:27:43,29/08/2026 11:16:43,Urgencia por nefrourologia,108,141/72,traslado_uci
EP-2026-01393,SIP-225122,2026-09-12 09:07:22,12/09/2026 11:08 AM,Urgencia por infeccioso,59,105/104,ingreso_pediatria
EP-2026-00100,SIP-931806,30-09-2026 10:56:25,2026-09-30T19:28:25Z,Urgencia por infeccioso,115,133/80,ingreso_planta
EP-2026-03316,SIP-848247,17-08-2026 11:48:30,2026-08-17 12:28:30,Urgencia por respiratorio,70,139/96,ingreso_planta
EP-2026-00703,SIP-301756,22-09-2026 05:01:45,22-09-2026 10:15:45,Urgencia por respiratorio,116,136/98,domicilio
EP-2026-02991,SIP-849183,22/08/2026 03:37:43,22-08-2026 09:17:43,Urgencia por psiquiatria,100,164/85,ingreso_planta
EP-2026-01785,SIP-415796,07/09/2026 04:03 AM,2026/09/07 10:17:57,Urgencia por digestivo,58,161/64,observacion
EP-2026-02627,SIP-780732,27/08/2026 15:32:25,2026/08/27 19:25:25,Urgencia por cardiovascular,83,168/77,None
EP-2026-03366,SIP-181220,,2026-08-16T07:35:11Z,Urgencia por cardiovascular,56,154/82,ingreso_planta
EP-2026-01999,SIP-321711,05/09/2026 10:22 AM,05/09/2026 12:03 PM,Urgencia por nefrourologia,58,148/97,domicilio
EP-2026-03412,SIP-854093,2026-08-15T12:52:15Z,NULL,Urgencia por psiquiatria,109,126/92,ALTA_TRASLADO_UCI
EP-2026-02007,SIP-858859,04/09/2026 05:13 PM,2026-09-05T01:52:05Z,Urgencia por cardiovascular,450,162/60,traslado_uci
EP-2026-02762,SIP-404061,2026-08-25 14:01:52,2026-08-25T17:22:52Z,Urgencia por traumatologia,77,140/83,ALTA_INGRESO_PLANTA
EP-2026-03106,SIP-724696,2026-08-20T00:09:52Z,20/08/2026 07:56:52,Urgencia por neurologia,81,106/90,observacion
EP-2026-00302,SIP-197563,27-09-2026 21:50:29,,Urgencia por traumatologia,67,117/81,traslado_uci
EP-2026-02982,SIP-225978,22-08-2026 05:21:40,22/08/2026 08:29:40,Urgencia por psiquiatria,999,115/102,traslado_uci
EP-2026-01056,SIP-840782,2026/09/16 19:13:34,16/09/2026 23:56:34,Urgencia por cardiovascular,114,106/86,null
EP-2026-00322,SIP-521534,2026-09-27 11:31:01,27/09/2026 07:23 PM,Urgencia por traumatologia,107,111/78,domicilio
EP-2026-02490,SIP-192546,29/08/2026 02:06:46,2026-08-29T02:51:46Z,Urgencia por nefrourologia,74,154/74,observacion
EP-2026-00375,SIP-603787,2026-09-26T11:27:31Z,26/09/2026 06:13 PM,Urgencia por neurologia,76,95/105,
EP-2026-01390,SIP-890068,12-09-2026 07:52:54,2026-09-12T17:28:54Z,Urgencia por digestivo,102,NORMAL,traslado_uci
EP-2026-01460,SIP-797748,2026-09-12 08:18:46,12/09/2026 04:01 PM,Urgencia por digestivo,79,121/91,observacion
EP-2026-00946,SIP-657347,18/09/2026 21:53:36,19-09-2026 01:22:36,Urgencia por respiratorio,72,124/103,domicilio
EP-2026-03307,SIP-170130,17/08/2026 14:08:07,18-08-2026 00:00:07,Urgencia por nefrourologia,83,96/77,domicilio
EP-2026-02101,SIP-902099,2026/09/03 17:14:44,2026/09/03 20:35:44,Urgencia por digestivo,84,165/70,observacion
EP-2026-02168,SIP-606156,02/09/2026 22:09:02,2026-09-02 23:28:02,Urgencia por neurologia,63,133/99,ingreso_pediatria
EP-2026-00861,SIP-148795,19-09-2026 11:15:44,19/09/2026 06:39 PM,Urgencia por pediatria,86,146/89,domicilio
EP-2026-02731,SIP-808264,2026-08-26 14:58:18,26/08/2026 21:03:18,Urgencia por nefrourologia,103,137/95,
EP-2026-00049,SIP-117708,2026/10/01 03:11:05,2026/10/01 10:55:05,Urgencia por pediatria,115,,ingreso_planta
EP-2026-00216,SIP-151650,28/09/2026 03:25:22,2026/09/28 11:10:22,Urgencia por digestivo,120,PENDIENTE,ingreso_pediatria
EP-2026-01006,SIP-566036,2026/09/17 06:58:28,17/09/2026 04:36 PM,Urgencia por pediatria,88,141/100,observacion
EP-2026-02771,SIP-477042,25/08/2026 06:29:46,2026-08-25 12:04:46,Urgencia por psiquiatria,0,148/99,traslado_uci
EP-2026-03048,SIP-988373,21/08/2026 01:52 PM,21/08/2026 21:43:27,Urgencia por digestivo,98,142/95,traslado_uci
EP-2026-03169,SIP-247403,19/08/2026 13:35:58,19/08/2026 09:29 PM,Urgencia por respiratorio,61,103/78,traslado_uci
EP-2026-01660,SIP-160066,2026-09-09 09:58:17,2026-09-09T17:07:17Z,Urgencia por infeccioso,121,146/56,domicilio
EP-2026-03329,SIP-668056,17-08-2026 18:09:42,2026-08-17T19:59:42Z,Urgencia por neurologia,73,150/78,ingreso_planta
EP-2026-01079,SIP-180920,2026/09/16 03:08:47,2026-09-16T11:54:47Z,Urgencia por cardiovascular,71,NORMAL,ingreso_planta
EP-2026-00721,SIP-808105,2026-09-21 10:55:28,21-09-2026 16:06:28,Urgencia por pediatria,114,128/95,ingreso_planta
EP-2026-02663,SIP-868235,27/08/2026 08:39:03,,Urgencia por infeccioso,108,107/88,domicilio
EP-2026-01509,SIP-780417,2026-09-11T23:48:16Z,12-09-2026 03:06:16,Urgencia por psiquiatria,83,143/87,ingreso_pediatria
EP-2026-01617,SIP-882550,2026-09-09 23:48:08,2026-09-10T09:01:08Z,Urgencia por pediatria,83,155/55,domicilio
EP-2026-01145,SIP-165584,2026-09-15T18:33:49Z,2026-09-15 23:58:49,Urgencia por nefrourologia,93,144/82,ingreso_planta
EP-2026-01069,SIP-349965,2026-09-16T04:02:06Z,2026/09/16 12:53:06,Urgencia por nefrourologia,118,153/65,traslado_uci
EP-2026-00313,SIP-745474,27/09/2026 05:16 PM,27/09/2026 09:09 PM,Urgencia por cardiovascular,101,118/61,ingreso_planta
EP-2026-03491,SIP-371100,N/D,2026/08/14 21:12:28,Urgencia por nefrourologia,56,154/64,ingreso_pediatria
EP-2026-03286,SIP-350753,17/08/2026 13:05:33,2026-08-17 15:43:33,Urgencia por pediatria,62,114/76,ALTA_INGRESO_PEDIATRIA
EP-2026-02566,SIP-164102,28/08/2026 07:18 PM,2026-08-28 23:36:56,Urgencia por neurologia,73,98/56,observacion
EP-2026-02140,SIP-309881,2026/09/02 08:57:24,2026/09/02 12:18:24,Urgencia por digestivo,62,157/55,observacion
EP-2026-03069,SIP-351541,21/08/2026 08:53 PM,21/08/2026 10:33 PM,Urgencia por pediatria,56,131/76,ALTA_INGRESO_PLANTA
EP-2026-01182,SIP-454699,2026/09/15 00:25:51,2026/09/15 08:37:51,Urgencia por infeccioso,84,131/90,domicilio
EP-2026-03011,SIP-893511,2026/08/22 11:24:08,22-08-2026 14:57:08,Urgencia por cardiovascular,98,120/61,ingreso_planta
EP-2026-01913,SIP-872978,2026-09-06 08:32:41,06-09-2026 11:34:41,Urgencia por pediatria,55,139/66,observacion
EP-2026-02894,SIP-432855,2026/08/23 23:52:35,2026-08-24 09:51:35,Urgencia por psiquiatria,121,120/71,ingreso_planta
EP-2026-01983,SIP-146632,2026/09/05 09:42:30,05/09/2026 18:57:30,Urgencia por traumatologia,80,143/100,ingreso_pediatria
EP-2026-01245,SIP-194804,14/09/2026 14:33:13,2026/09/14 17:01:13,Urgencia por respiratorio,60,115/97,observacion
EP-2026-03289,SIP-691141,2026/08/17 09:59:05,2026-08-17T15:09:05Z,Urgencia por respiratorio,108,100/88,ingreso_pediatria
EP-2026-00501,SIP-638305,2026/09/24 18:26:22,2026-09-25 03:39:22,Urgencia por digestivo,61,129/68,ingreso_planta
EP-2026-00022,SIP-799415,2026-10-01T01:17:42Z,2026-10-01 07:51:42,Urgencia por infeccioso,ERROR,119/96,ALTA_INGRESO_PEDIATRIA
EP-2026-03382,SIP-499853,2026-08-16 20:40:35,17-08-2026 04:10:35,Urgencia por digestivo,108,161/103,ingreso_pediatria
EP-2026-00803,SIP-978897,20-09-2026 03:14:08,N/D,Urgencia por respiratorio,103,156/62,observacion
EP-2026-02305,SIP-122327,2026-08-31 18:12:07,31-08-2026 19:32:07,Urgencia por traumatologia,118,154/62,domicilio
EP-2026-02292,SIP-993304,2026-08-31T19:02:34Z,2026/08/31 21:31:34,Urgencia por infeccioso,70,124/105,domicilio
EP-2026-03044,SIP-468385,21/08/2026 17:14:52,2026/08/21 18:01:52,Urgencia por digestivo,71,170/100,observacion
EP-2026-01517,SIP-658235,11/09/2026 12:14 PM,2026-09-11 15:13:09,Urgencia por nefrourologia,73,120/77,
EP-2026-01915,SIP-835321,06-09-2026 03:22:01,06/09/2026 10:39:01,Urgencia por traumatologia,69,110/66,ingreso_planta
EP-2026-00877,SIP-507961,19/09/2026 08:59:35,19-09-2026 10:47:35,Urgencia por cardiovascular,999,128/97,ALTA_TRASLADO_UCI
EP-2026-00728,SIP-625903,21/09/2026 20:52:51,2026-09-21T21:27:51Z,Urgencia por traumatologia,97,138/90,ingreso_pediatria
EP-2026-03387,SIP-468679,2026-08-16 11:05:55,2026-08-16T16:30:55Z,Urgencia por psiquiatria,56,119/91,ingreso_planta
EP-2026-01588,SIP-746816,2026-09-10 08:39:36,2026/09/10 11:08:36,Urgencia por nefrourologia,57,111/83,observacion
EP-2026-00323,SIP-630725,,2026-09-28 03:27:35,Urgencia por respiratorio,93,163/73,observacion
EP-2026-01834,SIP-214915,2026/09/07 21:58:56,,Urgencia por digestivo,100,98/63,ingreso_planta
EP-2026-01063,SIP-374670,16/09/2026 09:43 PM,,Urgencia por pediatria,70,103/56,ALTA_OBSERVACION
EP-2026-00807,SIP-413479,2026/09/20 15:59:11,2026/09/20 17:42:11,Urgencia por cardiovascular,87,152/91,ingreso_planta
EP-2026-02862,SIP-672845,2026-08-24 20:51:37,24/08/2026 21:27:37,Urgencia por digestivo,80,166/74,domicilio
EP-2026-03409,SIP-731316,16/08/2026 18:08:54,16-08-2026 22:10:54,Urgencia por traumatologia,89,158/91,traslado_uci
EP-2026-01898,SIP-990532,2026-09-06T21:12:13Z,,Urgencia por nefrourologia,101,130/58,ingreso_planta
EP-2026-00537,SIP-106629,2026/09/24 08:16:07,24/09/2026 09:30:07,Urgencia por respiratorio,105,159/86,domicilio
EP-2026-02412,SIP-896852,30/08/2026 08:05 PM,31-08-2026 00:58:08,Urgencia por infeccioso,78,151/97,domicilio
EP-2026-01408,SIP-781213,12/09/2026 07:52 PM,13/09/2026 12:44 AM,Urgencia por infeccioso,109,126/55,ingreso_pediatria
EP-2026-01174,SIP-957997,15-09-2026 10:10:14,NULL,Urgencia por nefrourologia,52,127/82,ingreso_planta
EP-2026-02551,SIP-377929,28/08/2026 11:22 AM,28/08/2026 16:50:18,Urgencia por nefrourologia,103,156/94,traslado_uci
EP-2026-00953,SIP-713486,18/09/2026 21:52:04,2026-09-19 06:38:04,Urgencia por nefrourologia,119,101-94,observacion
EP-2026-03005,SIP-700270,2026-08-22 22:38:25,22/08/2026 23:45:25,Urgencia por nefrourologia,82,106/75,observacion
EP-2026-02020,SIP-427837,2026-09-04 00:17:23,04-09-2026 03:07:23,Urgencia por respiratorio,63,137/96,ingreso_pediatria
EP-2026-01309,SIP-832518,13-09-2026 03:46:10,13/09/2026 05:19 AM,Urgencia por neurologia,72,160/68,domicilio
EP-2026-00411,SIP-706942,2026/09/25 03:45:20,2026-09-25T05:43:20Z,Urgencia por cardiovascular,117,113/74,ingreso_planta
EP-2026-00575,SIP-312618,24/09/2026 03:33 PM,24/09/2026 08:05 PM,Urgencia por psiquiatria,108,132/95,ingreso_pediatria
EP-2026-01623,SIP-802961,09-09-2026 07:19:55,09/09/2026 10:38 AM,Urgencia por digestivo,66,122/65,ingreso_pediatria
EP-2026-01212,SIP-378208,2026-09-14T00:16:29Z,2026/09/14 01:31:29,Urgencia por pediatria,63,117/95,domicilio
EP-2026-00863,SIP-856787,19-09-2026 06:34:08,19/09/2026 12:42:08,Urgencia por infeccioso,93,159/83,observacion
EP-2026-00493,SIP-521916,2026/09/24 03:56:32,24/09/2026 06:50:32,Urgencia por pediatria,54,99/91,observacion
EP-2026-03202,SIP-824286,19-08-2026 04:50:10,19/08/2026 01:19 PM,Urgencia por psiquiatria,82,155/97,ingreso_planta
EP-2026-00388,SIP-827189,2026-09-26 16:13:55,26-09-2026 20:39:55,Urgencia por psiquiatria,104,62/130,observacion
EP-2026-00115,SIP-880815,30/09/2026 01:00 PM,2026-09-30T17:43:20Z,Urgencia por cardiovascular,999,144/73,domicilio
EP-2026-03334,SIP-746791,17-08-2026 19:33:16,2026/08/17 22:45:16,Urgencia por nefrourologia,53,159/87,observacion
EP-2026-00593,SIP-125707,2026-09-23 14:14:16,NULL,Urgencia por infeccioso,77,135/86,ingreso_planta
EP-2026-01547,SIP-745347,2026/09/10 06:29:57,2026-09-10T12:20:57Z,Urgencia por neurologia,52,130/62,ingreso_planta
EP-2026-01066,SIP-962218,2026/09/16 11:56:07,2026-09-16 21:13:07,Urgencia por psiquiatria,105,105/62,ingreso_planta
EP-2026-01078,SIP-137996,2026/09/16 07:14:05,16/09/2026 16:46:05,Urgencia por neurologia,110,162/91,None
EP-2026-01376,SIP-315789,2026-09-12T21:01:23Z,2026-09-13T06:26:23Z,Urgencia por cardiovascular,74,116/92,traslado_uci
EP-2026-02307,SIP-820967,31/08/2026 01:11 PM,2026-08-31 22:43:13,Urgencia por pediatria,101,131/75,domicilio
EP-2026-01995,SIP-860405,2026/09/05 23:15:03,06/09/2026 07:22 AM,Urgencia por neurologia,111,108/73,ingreso_planta
EP-2026-01319,SIP-238975,2026-09-13T22:02:58Z,,Urgencia por nefrourologia,114,145/93,domicilio
EP-2026-03347,SIP-560429,16/08/2026 10:41 PM,17/08/2026 02:49 AM,Urgencia por respiratorio,77,134/103,ingreso_planta
EP-2026-01266,SIP-174889,14/09/2026 11:14 PM,15/09/2026 00:43:04,Urgencia por digestivo,76,157/62,ingreso_pediatria
EP-2026-01028,SIP-213041,17/09/2026 10:46 PM,NULL,Urgencia por traumatologia,125,130/90,observacion
EP-2026-00896,SIP-537525,19/09/2026 08:03:00,19-09-2026 15:08:00,Urgencia por respiratorio,57,109/87,traslado_uci
EP-2026-03172,SIP-408425,2026-08-19T12:10:54Z,19/08/2026 13:38:54,Urgencia por digestivo,62,170/83,domicilio
EP-2026-03440,SIP-836846,2026/08/15 17:15:32,2026-08-15 20:25:32,Urgencia por pediatria,55,125/55,ingreso_pediatria
EP-2026-00715,SIP-780997,21/09/2026 20:51:53,21/09/2026 23:38:53,Urgencia por infeccioso,76,99/93,ingreso_pediatria
EP-2026-00913,SIP-290989,18-09-2026 23:06:04,19/09/2026 05:53:04,Urgencia por respiratorio,54,122/69,observacion
EP-2026-03114,SIP-267023,2026/08/20 09:46:59,N/D,Urgencia por neurologia,75,161/72,ingreso_planta
EP-2026-02931,SIP-665758,23/08/2026 10:31 AM,23/08/2026 14:43:10,Urgencia por nefrourologia,91,149/92,traslado_uci
EP-2026-00885,SIP-490395,2026-09-19T00:06:17Z,19/09/2026 04:52 AM,Urgencia por digestivo,105,117/94,domicilio
EP-2026-02784,SIP-268763,25-08-2026 15:28:15,2026-08-25T19:19:15Z,Urgencia por cardiovascular,52,143/55,domicilio
EP-2026-00929,SIP-756756,2026-09-18T00:13:22Z,18/09/2026 06:17 AM,Urgencia por pediatria,94,157/57,domicilio
EP-2026-02985,SIP-314993,2026/08/22 03:23:57,2026-08-22T10:58:57Z,Urgencia por pediatria,65,139/72,ingreso_pediatria
EP-2026-02133,SIP-638893,2026/09/02 11:10:27,2026-09-02T13:15:27Z,Urgencia por respiratorio,80,96/96,ingreso_pediatria
EP-2026-00486,SIP-631295,24-09-2026 11:47:27,24/09/2026 19:35:27,Urgencia por respiratorio,95,PENDIENTE,ingreso_pediatria
EP-2026-03498,SIP-621428,14-08-2026 06:37:52,14/08/2026 09:41 AM,Urgencia por traumatologia,106,96/60,traslado_uci
EP-2026-01763,SIP-363992,2026-09-08 12:42:15,2026/09/08 18:20:15,Urgencia por neurologia,112,s/d,observacion
EP-2026-01250,SIP-334354,14-09-2026 16:34:45,2026-09-15 00:42:45,Urgencia por nefrourologia,109,151/90,traslado_uci
EP-2026-03322,SIP-777741,2026-08-17T09:51:14Z,17/08/2026 02:13 PM,Urgencia por neurologia,68,117/105,ingreso_planta
EP-2026-02438,SIP-960335,30/08/2026 12:43:37,30-08-2026 16:08:37,Urgencia por infeccioso,s/d,150/101,ingreso_pediatria
EP-2026-02864,SIP-155262,2026-08-24 07:51:23,24-08-2026 12:48:23,Urgencia por respiratorio,79,143/72,observacion
EP-2026-00012,SIP-326693,01-10-2026 19:22:27,2026-10-01T22:29:27Z,Urgencia por respiratorio,65,104/79,observacion
EP-2026-01264,SIP-933317,2026/09/14 14:39:21,2026-09-14T23:02:21Z,Urgencia por cardiovascular,62,158/82,ingreso_planta
EP-2026-00616,SIP-337690,23/09/2026 23:56:10,,Urgencia por infeccioso,70,111/90,traslado_uci
EP-2026-00468,SIP-761710,25/09/2026 10:08 AM,25/09/2026 19:11:06,Urgencia por psiquiatria,56,122/84,traslado_uci
EP-2026-02283,SIP-320350,01-09-2026 11:11:28,2026-09-01T16:24:28Z,Urgencia por traumatologia,74,98/67,ingreso_planta
EP-2026-02361,SIP-986752,30/08/2026 14:03:41,2026-08-30T19:49:41Z,Urgencia por cardiovascular,121,117/80,ingreso_pediatria
EP-2026-01861,SIP-582408,2026-09-06T02:17:30Z,2026-09-06 04:08:30,Urgencia por nefrourologia,64,163/87,None
EP-2026-01550,SIP-785851,2026-09-10 21:30:59,10/09/2026 22:52:59,Urgencia por digestivo,73,161/71,ingreso_pediatria
EP-2026-00555,SIP-796063,2026-09-24T03:00:12Z,24/09/2026 11:21 AM,Urgencia por cardiovascular,61,163/55,ingreso_pediatria
EP-2026-02022,SIP-991782,04-09-2026 21:11:13,05/09/2026 03:54 AM,Urgencia por digestivo,121,95/84,ingreso_planta
EP-2026-03281,SIP-574749,2026-08-17T02:16:10Z,2026-08-17T11:19:10Z,Urgencia por infeccioso,65,160/73,ingreso_pediatria
EP-2026-00661,SIP-283063,2026-09-22 21:33:12,2026/09/23 00:16:12,Urgencia por psiquiatria,67,167_92,ingreso_pediatria
EP-2026-02708,SIP-639533,26/08/2026 09:46 PM,27/08/2026 01:56:42,Urgencia por respiratorio,88,155/94,observacion
EP-2026-01840,SIP-787631,07/09/2026 09:32:36,2026-09-07T11:11:36Z,Urgencia por digestivo,122,143/105,ingreso_pediatria
EP-2026-02652,SIP-326519,27-08-2026 07:08:46,2026/08/27 15:32:46,Urgencia por pediatria,70,100/104,traslado_uci
EP-2026-00624,SIP-306155,2026-09-23 06:21:58,,Urgencia por infeccioso,67,113/60,ingreso_pediatria
EP-2026-01325,SIP-824529,2026-09-13 18:30:31,13/09/2026 11:05 PM,Urgencia por neurologia,76,135/63,domicilio
EP-2026-01164,SIP-313720,15-09-2026 23:55:50,16/09/2026 09:15 AM,Urgencia por psiquiatria,92,162/97,observacion
EP-2026-03046,SIP-897750,21/08/2026 23:09:11,22/08/2026 05:59:11,Urgencia por respiratorio,55,104/68,ingreso_pediatria
EP-2026-00289,SIP-147758,27-09-2026 00:39:06,2026-09-27T04:25:06Z,Urgencia por neurologia,69,167/63,domicilio
EP-2026-02875,SIP-551176,24/08/2026 13:39:30,24/08/2026 08:34 PM,Urgencia por digestivo,122,155/95,traslado_uci
EP-2026-00977,SIP-949915,18-09-2026 03:28:09,2026-09-18 04:09:09,Urgencia por infeccioso,-15,103/78,observacion
EP-2026-01562,SIP-128223,2026-09-10 10:48:22,10-09-2026 20:00:22,Urgencia por nefrourologia,54,160/58,traslado_uci
EP-2026-03216,SIP-594289,2026-08-18 01:14:49,2026/08/18 09:36:49,Urgencia por traumatologia,96,137/68,ingreso_planta
EP-2026-01827,SIP-613162,07/09/2026 12:50:15,2026-09-07 19:46:15,Urgencia por cardiovascular,80,106/81,domicilio
EP-2026-02343,SIP-590180,30-08-2026 01:48:58,2026/08/30 05:44:58,Urgencia por digestivo,117,146/91,traslado_uci
EP-2026-00378,SIP-885018,2026-09-26 07:35:54,2026-09-26T12:50:54Z,Urgencia por traumatologia,125,141/88,observacion
EP-2026-02329,SIP-113852,2026/08/31 17:07:23,2026-09-01 01:39:23,Urgencia por neurologia,95,127/82,ingreso_planta
EP-2026-01446,SIP-726754,2026-09-12T13:41:03Z,12-09-2026 16:07:03,Urgencia por traumatologia,ERROR,164/90,observacion
EP-2026-00224,SIP-944316,28/09/2026 16:56:59,28/09/2026 10:36 PM,Urgencia por cardiovascular,85,98/59,
EP-2026-02096,SIP-185354,2026-09-03T22:53:52Z,04/09/2026 07:31:52,Urgencia por cardiovascular,92,168/70,observacion
EP-2026-00492,SIP-523396,24-09-2026 06:55:41,24/09/2026 15:25:41,Urgencia por respiratorio,123,131/62,ingreso_planta
EP-2026-03283,SIP-473305,17-08-2026 03:13:10,17/08/2026 12:19:10,Urgencia por nefrourologia,75,131/79,domicilio
EP-2026-02944,SIP-259382,2026-08-22 10:14:41,N/D,Urgencia por traumatologia,73,119/88,ingreso_planta
EP-2026-02411,SIP-963821,30-08-2026 00:04:46,,Urgencia por traumatologia,87,167/100,ingreso_planta
EP-2026-02537,SIP-540825,2026/08/28 00:09:41,2026/08/28 09:22:41,Urgencia por infeccioso,105,120/60,ingreso_planta
EP-2026-02202,SIP-785416,02/09/2026 16:51:42,02/09/2026 21:00:42,Urgencia por nefrourologia,66,126/102,observacion
EP-2026-00003,SIP-554103,2026/10/01 07:22:26,2026-10-01 12:53:26,Urgencia por digestivo,110,161/86,ingreso_planta
EP-2026-01923,SIP-930910,06/09/2026 08:08 PM,06/09/2026 10:12 PM,Urgencia por nefrourologia,65,157/72,ingreso_planta
EP-2026-02193,SIP-440161,02-09-2026 13:18:17,2026-09-02 19:17:17,Urgencia por infeccioso,104,166/60,ingreso_pediatria
EP-2026-03479,SIP-194945,14/08/2026 14:53:50,2026-08-14 20:53:50,Urgencia por nefrourologia,83,150/88,traslado_uci
EP-2026-02713,SIP-143622,2026/08/26 13:00:51,26/08/2026 05:36 PM,Urgencia por cardiovascular,59,158/79,observacion
EP-2026-02293,SIP-184119,2026-08-31T02:37:50Z,31/08/2026 05:31:50,Urgencia por cardiovascular,68,167/76,traslado_uci
EP-2026-02705,SIP-725265,NULL,26/08/2026 04:35 PM,Urgencia por neurologia,104,162/71,traslado_uci
EP-2026-01287,SIP-860897,2026-09-14T12:30:18Z,14/09/2026 15:44:18,Urgencia por psiquiatria,91,98/69,traslado_uci
EP-2026-02198,SIP-795764,2026-09-02 06:06:09,2026/09/02 07:09:09,Urgencia por psiquiatria,54,161/85,traslado_uci
EP-2026-01927,SIP-272264,2026-09-06T20:39:57Z,,Urgencia por digestivo,76,96/102,ingreso_planta
EP-2026-03483,SIP-783752,2026/08/14 10:43:05,2026-08-14T18:30:05Z,Urgencia por nefrourologia,114,111/86,observacion
EP-2026-03275,SIP-450474,2026-08-17T02:50:02Z,NULL,Urgencia por cardiovascular,109,155/90,ingreso_planta
EP-2026-00027,SIP-953597,2026/10/01 05:43:37,2026-10-01T13:38:37Z,Urgencia por psiquiatria,64,109/68,ingreso_pediatria
EP-2026-02752,SIP-108811,2026/08/26 23:00:57,2026-08-27 06:20:57,Urgencia por pediatria,124,104/101,traslado_uci
EP-2026-02929,SIP-318886,23-08-2026 06:38:42,23/08/2026 07:12 AM,Urgencia por digestivo,93,129/69,ingreso_planta
EP-2026-02960,SIP-756871,22-08-2026 12:32:22,2026/08/22 18:26:22,Urgencia por digestivo,999,123/96,domicilio
EP-2026-00307,SIP-981928,27-09-2026 21:44:13,28/09/2026 00:53:13,Urgencia por digestivo,-99,PENDIENTE,domicilio
EP-2026-02900,SIP-465836,2026-08-23T15:28:56Z,2026-08-23T19:41:56Z,Urgencia por respiratorio,70,101/93,domicilio
EP-2026-00140,SIP-942230,,2026-09-29 17:34:41,Urgencia por respiratorio,117,169/103,ingreso_planta
EP-2026-03117,SIP-766770,2026/08/20 04:22:42,2026-08-20T14:19:42Z,Urgencia por neurologia,103,169/75,ingreso_planta
EP-2026-00699,SIP-154397,2026-09-22T09:51:06Z,2026-09-22 17:03:06,Urgencia por psiquiatria,116,119/76,null
EP-2026-03324,SIP-522855,2026-08-17 08:13:01,17/08/2026 10:23 AM,Urgencia por respiratorio,111,147/84,domicilio
EP-2026-01778,SIP-579781,07-09-2026 07:19:44,2026/09/07 13:08:44,Urgencia por infeccioso,60,141/63,observacion
EP-2026-03400,SIP-144822,2026-08-16T16:31:31Z,16/08/2026 11:53 PM,Urgencia por neurologia,102,109/65,traslado_uci
EP-2026-01650,SIP-384225,2026/09/09 09:31:35,2026/09/09 19:31:35,Urgencia por pediatria,-15,124/77,domicilio
EP-2026-03220,SIP-690354,18/08/2026 04:54 AM,2026/08/18 08:11:27,Urgencia por respiratorio,52,126/100,observacion
EP-2026-02511,SIP-561298,28/08/2026 11:06 PM,29/08/2026 00:13:09,Urgencia por neurologia,100,101/67,domicilio
EP-2026-01836,SIP-854869,2026-09-07 18:46:14,07-09-2026 21:29:14,Urgencia por cardiovascular,91,114/80,ingreso_planta
EP-2026-01424,SIP-127923,2026/09/12 20:49:58,2026/09/12 23:35:58,Urgencia por nefrourologia,109,96/80,traslado_uci
EP-2026-02742,SIP-953809,26/08/2026 02:52:58,26/08/2026 05:08 AM,Urgencia por infeccioso,82,129/103,ingreso_planta
EP-2026-01088,SIP-521207,16/09/2026 13:14:54,,Urgencia por digestivo,64,132 87,traslado_uci
EP-2026-01219,SIP-482248,14-09-2026 22:23:07,14/09/2026 11:53 PM,Urgencia por traumatologia,104,143/68,observacion
EP-2026-00296,SIP-606028,2026-09-27T18:36:35Z,27-09-2026 21:20:35,Urgencia por psiquiatria,116,128/96,observacion
EP-2026-00359,SIP-908718,26/09/2026 09:04 PM,2026-09-27 06:56:32,Urgencia por respiratorio,53,100/73,traslado_uci
EP-2026-00815,SIP-847806,20-09-2026 18:52:39,21/09/2026 12:13 AM,Urgencia por nefrourologia,92,158/102,None
EP-2026-02190,SIP-209903,02/09/2026 03:53 PM,2026-09-02 18:52:15,Urgencia por neurologia,107,145/66,ingreso_planta
EP-2026-03247,SIP-871161,2026-08-18 18:30:22,2026-08-19 00:32:22,Urgencia por respiratorio,103,153/68,domicilio
EP-2026-01599,SIP-960327,10/09/2026 05:02 AM,10/09/2026 12:32:12,Urgencia por pediatria,81,140/72,ingreso_pediatria
EP-2026-00019,SIP-646326,01-10-2026 16:45:19,2026-10-01T21:54:19Z,Urgencia por neurologia,70,166/69,ingreso_pediatria
EP-2026-02743,SIP-647231,2026/08/26 17:58:58,,Urgencia por traumatologia,67,164/74,observacion
EP-2026-00670,SIP-890579,2026-09-22 18:43:32,2026-09-22 21:30:32,Urgencia por nefrourologia,125,164/63,ingreso_pediatria
EP-2026-01172,SIP-535008,15/09/2026 05:22 PM,16/09/2026 03:09 AM,Urgencia por traumatologia,75,110/74,domicilio
EP-2026-00526,SIP-252738,24-09-2026 20:07:50,25/09/2026 06:03 AM,Urgencia por nefrourologia,113,105/59,ingreso_planta
EP-2026-01328,SIP-892890,13/09/2026 10:36 PM,2026-09-14 07:58:20,Urgencia por cardiovascular,89,164/55,ingreso_pediatria
EP-2026-01246,SIP-324008,14/09/2026 11:27 PM,15-09-2026 09:24:14,Urgencia por traumatologia,100,146/99,ingreso_planta
EP-2026-01676,SIP-415528,09/09/2026 10:26:41,09-09-2026 11:23:41,Urgencia por infeccioso,82,116/104,ingreso_planta
EP-2026-02011,SIP-817549,04-09-2026 16:02:20,,Urgencia por cardiovascular,55,151/96,ingreso_pediatria
EP-2026-00602,SIP-191047,2026-09-23 21:25:10,23/09/2026 10:29 PM,Urgencia por pediatria,75,105/60,ingreso_pediatria
EP-2026-03135,SIP-383314,2026-08-20 19:19:22,2026/08/20 23:39:22,Urgencia por nefrourologia,97,167/78,ingreso_planta
EP-2026-02264,SIP-925317,2026/09/01 17:00:32,2026-09-01T21:56:32Z,Urgencia por digestivo,52,125/97,traslado_uci
EP-2026-00693,SIP-217742,22/09/2026 03:18 AM,22/09/2026 01:08 PM,Urgencia por cardiovascular,74,106/98,traslado_uci
EP-2026-02592,SIP-122415,2026-08-28T20:42:15Z,29-08-2026 04:07:15,Urgencia por nefrourologia,63,154/88,domicilio
EP-2026-02255,SIP-444935,01-09-2026 09:58:36,01/09/2026 04:12 PM,Urgencia por psiquiatria,110,153/92,observacion
EP-2026-02006,SIP-687057,2026-09-04T15:45:06Z,2026-09-04T23:59:06Z,Urgencia por digestivo,81,150/96,None
EP-2026-00968,SIP-375203,N/D,18/09/2026 11:51 PM,Urgencia por traumatologia,80,158/68,traslado_uci
EP-2026-00876,SIP-409410,19-09-2026 05:54:20,2026/09/19 06:24:20,Urgencia por infeccioso,95,122/94,domicilio
EP-2026-00672,SIP-596742,,22/09/2026 04:01 PM,Urgencia por nefrourologia,97,151/74,ingreso_planta
EP-2026-03177,SIP-177023,2026-08-19T19:08:44Z,19/08/2026 08:33 PM,Urgencia por traumatologia,63,114/100,ingreso_pediatria
EP-2026-01340,SIP-839341,13/09/2026 02:34 AM,N/D,Urgencia por cardiovascular,53,132/60,ingreso_planta
EP-2026-02451,SIP-291264,29-08-2026 11:43:29,29-08-2026 15:00:29,Urgencia por respiratorio,74,142/85,observacion
EP-2026-00524,SIP-449951,24-09-2026 10:55:09,24/09/2026 06:06 PM,Urgencia por respiratorio,-15,144/85,domicilio
EP-2026-00956,SIP-821632,18/09/2026 20:27:24,2026-09-19T04:54:24Z,Urgencia por digestivo,61,140/69,ingreso_planta
EP-2026-01402,SIP-860705,2026-09-12 08:40:14,2026/09/12 10:40:14,Urgencia por nefrourologia,106,108/72,Domicilio
EP-2026-00074,SIP-277846,NULL,01/10/2026 02:14:00,Urgencia por pediatria,87,126/62,observacion
EP-2026-02913,SIP-376295,23-08-2026 19:56:27,2026-08-24 04:05:27,Urgencia por infeccioso,90,144/77,observacion
EP-2026-00673,SIP-717281,22/09/2026 02:39 AM,22-09-2026 09:52:21,Urgencia por psiquiatria,77,166/70,traslado_uci
EP-2026-01181,SIP-466842,2026/09/15 15:08:53,15-09-2026 17:04:53,Urgencia por traumatologia,-15,109/61,ingreso_pediatria
EP-2026-00420,SIP-468865,25/09/2026 09:17 PM,2026-09-26T03:36:30Z,Urgencia por nefrourologia,125,145/86,ingreso_pediatria
EP-2026-02397,SIP-969774,2026-08-30T02:50:32Z,30/08/2026 07:38:32,Urgencia por respiratorio,102,121/103,ingreso_planta
EP-2026-00288,SIP-406849,27/09/2026 03:25 AM,27-09-2026 05:56:26,Urgencia por traumatologia,122,96/94,traslado_uci
EP-2026-02812,SIP-416226,2026/08/25 03:26:06,2026/08/25 12:09:06,Urgencia por cardiovascular,61,106/72,traslado_uci
EP-2026-00598,SIP-332784,2026-09-23 13:40:13,2026-09-23 15:35:13,Urgencia por infeccioso,123,124/94,domicilio
EP-2026-00251,SIP-821242,28/09/2026 12:59:19,28/09/2026 20:16:19,Urgencia por traumatologia,83,153/66,observacion
EP-2026-01000,SIP-750161,2026-09-17T23:48:56Z,2026-09-18T05:58:56Z,Urgencia por cardiovascular,66,115/79,observacion
EP-2026-02461,SIP-996533,2026/08/29 17:46:46,30/08/2026 02:49:46,Urgencia por traumatologia,69,129/103,ingreso_pediatria
EP-2026-01596,SIP-330107,10/09/2026 12:38 PM,2026-09-10T20:26:09Z,Urgencia por respiratorio,90,100/74,domicilio
EP-2026-02282,SIP-335102,01-09-2026 22:17:37,02/09/2026 00:50:37,Urgencia por digestivo,118,113/66,Domicilio
EP-2026-00578,SIP-751812,2026/09/24 08:53:13,,Urgencia por infeccioso,93,159/75,ingreso_pediatria
EP-2026-01661,SIP-126257,09/09/2026 21:15:25,2026/09/10 03:35:25,Urgencia por pediatria,101,168/70,ingreso_pediatria
EP-2026-03321,SIP-166634,2026-08-17 07:46:01,N/D,Urgencia por neurologia,82,150/81,observacion
EP-2026-00452,SIP-180071,25/09/2026 09:36 AM,2026/09/25 10:44:26,Urgencia por psiquiatria,104,PENDIENTE,observacion
EP-2026-01382,SIP-156764,2026/09/12 05:50:33,12-09-2026 15:07:33,Urgencia por nefrourologia,s/d,107-66,observacion
EP-2026-02999,SIP-298831,2026-08-22T00:00:57Z,22/08/2026 02:20:57,Urgencia por nefrourologia,52,111/94,observacion
EP-2026-01494,SIP-635781,11-09-2026 00:12:15,2026/09/11 03:10:15,Urgencia por pediatria,125,157/96,domicilio
EP-2026-03352,SIP-541129,16/08/2026 04:57 PM,2026/08/16 22:31:51,Urgencia por psiquiatria,72,151_96,ingreso_planta
EP-2026-03215,SIP-294863,18-08-2026 10:43:56,18/08/2026 07:44 PM,Urgencia por respiratorio,103,164/58,domicilio
EP-2026-00125,SIP-953354,2026-09-30 06:33:11,2026-09-30 13:09:11,Urgencia por traumatologia,58,99/60,observacion
EP-2026-00036,SIP-468174,2026-10-01T06:17:12Z,01-10-2026 13:30:12,Urgencia por pediatria,74,134/103,ingreso_pediatria
EP-2026-03139,SIP-310051,2026-08-20 18:52:42,21/08/2026 02:14 AM,Urgencia por infeccioso,53,170/104,ingreso_pediatria
EP-2026-01416,SIP-413126,12-09-2026 19:41:21,2026/09/12 21:04:21,Urgencia por psiquiatria,999,170/67,ingreso_planta
EP-2026-02768,SIP-440955,N/D,,Urgencia por cardiovascular,69,158/104,observacion
EP-2026-01850,SIP-413231,07/09/2026 04:42 AM,07-09-2026 14:25:31,Urgencia por neurologia,120,119/92,observacion
EP-2026-00192,SIP-566607,28/09/2026 09:19 AM,28-09-2026 13:12:53,Urgencia por traumatologia,125,165/94,domicilio
EP-2026-01397,SIP-581393,12/09/2026 12:12:20,12/09/2026 15:36:20,Urgencia por digestivo,115,134/101,ingreso_pediatria
EP-2026-02783,SIP-820206,25/08/2026 05:31 PM,2026-08-25 18:14:36,Urgencia por digestivo,-99,119/58,ingreso_planta
EP-2026-00326,SIP-420350,27/09/2026 04:38 AM,2026/09/27 08:23:56,Urgencia por neurologia,77,133/81,observacion
EP-2026-02436,SIP-686100,2026-08-30 06:02:34,2026-08-30 12:08:34,Urgencia por traumatologia,98,126/103,observacion
EP-2026-00132,SIP-403188,30/09/2026 21:40:43,2026-10-01T05:44:43Z,Urgencia por digestivo,58,144_59,traslado_uci
EP-2026-00469,SIP-834646,25/09/2026 13:24:28,25/09/2026 10:04 PM,Urgencia por neurologia,104,146/65,domicilio
EP-2026-00981,SIP-730567,2026-09-17 18:26:03,17/09/2026 21:38:03,Urgencia por traumatologia,101,127/73,observacion
EP-2026-00020,SIP-260540,2026-10-01T11:35:35Z,2026-10-01T14:22:35Z,Urgencia por cardiovascular,84,97/57,domicilio
EP-2026-00284,SIP-596801,2026-09-27T15:40:15Z,2026/09/27 16:32:15,Urgencia por pediatria,110,141/55,traslado_uci
EP-2026-02494,SIP-380257,29/08/2026 03:32 AM,2026-08-29T07:21:01Z,Urgencia por respiratorio,79,162 75,observacion
EP-2026-01901,SIP-914460,2026-09-06 17:08:30,06/09/2026 20:49:30,Urgencia por nefrourologia,83,101/57,ingreso_planta
EP-2026-00443,SIP-255528,2026-09-25 10:47:03,2026-09-25T16:10:03Z,Urgencia por cardiovascular,92,106/76,ingreso_planta
EP-2026-01203,SIP-521995,2026-09-15 22:55:08,2026/09/16 02:51:08,Urgencia por digestivo,-99,144/94,domicilio
EP-2026-01227,SIP-877566,14/09/2026 10:41 PM,15-09-2026 07:17:37,Urgencia por cardiovascular,86,163/69,ingreso_pediatria
EP-2026-01041,SIP-242484,NULL,2026-09-18T06:39:17Z,Urgencia por pediatria,99,104/100,Domicilio
EP-2026-03482,SIP-587976,14/08/2026 04:58 AM,2026-08-14 13:18:16,Urgencia por digestivo,75,117/73,ingreso_planta
EP-2026-02806,SIP-254298,2026/08/25 23:09:35,2026-08-26 07:27:35,Urgencia por cardiovascular,112,139/67,ingreso_pediatria
EP-2026-03393,SIP-280485,2026-08-16 06:28:21,16-08-2026 13:45:21,Urgencia por nefrourologia,85,106/60,ingreso_planta
EP-2026-02457,SIP-222843,2026/08/29 07:06:20,29/08/2026 11:50 AM,Urgencia por respiratorio,55,138/88,ingreso_planta
EP-2026-00502,SIP-865829,24/09/2026 18:14:02,2026-09-25T02:02:02Z,Urgencia por psiquiatria,122,130/82,observacion
EP-2026-00745,SIP-749321,21-09-2026 17:06:01,2026/09/22 00:33:01,Urgencia por neurologia,90,163/85,traslado_uci
EP-2026-00576,SIP-341374,24/09/2026 16:51:30,2026/09/24 22:24:30,Urgencia por neurologia,109,125/91,traslado_uci
EP-2026-00521,SIP-708543,N/D,24-09-2026 19:55:11,Urgencia por traumatologia,95,161/85,traslado_uci
EP-2026-00700,SIP-740835,22/09/2026 04:55 PM,NULL,Urgencia por cardiovascular,ERROR,135 105,observacion
EP-2026-00767,SIP-144007,21/09/2026 11:57 AM,2026-09-21 12:32:41,Urgencia por respiratorio,57,154/61,observacion
EP-2026-00577,SIP-931127,24/09/2026 22:16:57,2026/09/25 08:15:57,Urgencia por cardiovascular,91,133/82,observacion
EP-2026-01016,SIP-235646,2026-09-17 11:49:45,17/09/2026 01:34 PM,Urgencia por psiquiatria,123,145/67,Domicilio
EP-2026-00014,SIP-162947,01/10/2026 02:33 PM,2026-10-01T12:33:17Z,Urgencia por cardiovascular,94,169/96,ingreso_pediatria
EP-2026-01697,SIP-989480,09/09/2026 16:26:07,2026-09-09T18:35:07Z,Urgencia por neurologia,76,PENDIENTE,observacion
EP-2026-00386,SIP-480745,N/D,2026-09-26T15:46:59Z,Urgencia por pediatria,100,128/73,domicilio
EP-2026-00139,SIP-234501,2026/09/29 18:56:48,30/09/2026 12:51 AM,Urgencia por digestivo,87,167/77,ingreso_planta
EP-2026-01040,SIP-186100,2026-09-17T09:21:21Z,2026-09-17T11:34:21Z,Urgencia por cardiovascular,108,167/86,domicilio
EP-2026-01074,SIP-981461,16/09/2026 12:41 AM,2026-09-16T01:21:14Z,Urgencia por pediatria,-99,118/86,domicilio
EP-2026-00457,SIP-168926,2026-09-25 05:07:25,2026-09-25T14:41:25Z,Urgencia por respiratorio,68,125/92,ingreso_pediatria
EP-2026-01829,SIP-995091,2026-09-07 13:16:08,07/09/2026 23:15:08,Urgencia por pediatria,57,97/74,traslado_uci
EP-2026-00840,SIP-576621,20/09/2026 03:56 PM,20-09-2026 19:30:14,Urgencia por respiratorio,117,166/87,traslado_uci
EP-2026-01300,SIP-243248,2026-09-13T08:22:45Z,13/09/2026 14:06:45,Urgencia por infeccioso,110,133/105,domicilio
EP-2026-02413,SIP-727038,NULL,N/D,Urgencia por nefrourologia,63,100/92,ingreso_pediatria
EP-2026-01374,SIP-916722,2026-09-12 21:08:55,,Urgencia por neurologia,83,166/84,observacion
EP-2026-00317,SIP-386202,NULL,27/09/2026 05:31 PM,Urgencia por infeccioso,100,104/78,ingreso_planta
EP-2026-00509,SIP-390067,2026/09/24 03:25:47,24/09/2026 04:35 AM,Urgencia por cardiovascular,ERROR,121/95,domicilio
EP-2026-00037,SIP-982568,2026/10/01 16:33:13,01/10/2026 05:46 PM,Urgencia por digestivo,87,154/76,domicilio
EP-2026-00883,SIP-573889,19-09-2026 18:02:35,N/D,Urgencia por neurologia,115,112/67,observacion
EP-2026-01741,SIP-146106,2026/09/08 16:25:56,2026-09-09T02:11:56Z,Urgencia por infeccioso,121,160/88,ingreso_planta
EP-2026-02482,SIP-502137,29-08-2026 05:47:22,2026-08-29 06:52:22,Urgencia por traumatologia,102,111/90,traslado_uci
EP-2026-00940,SIP-200818,18/09/2026 08:54:01,18-09-2026 14:52:01,Urgencia por respiratorio,64,140/81,observacion
EP-2026-00042,SIP-577300,01/10/2026 05:51:47,NULL,Urgencia por digestivo,104,145/64,ingreso_planta
EP-2026-02802,SIP-760594,2026-08-25T11:33:03Z,25/08/2026 03:23 PM,Urgencia por cardiovascular,80,144/66,traslado_uci
EP-2026-02646,SIP-390648,27/08/2026 23:59:02,28/08/2026 02:30 AM,Urgencia por pediatria,60,115/91,domicilio
EP-2026-01497,SIP-712997,NULL,2026-09-11T19:24:13Z,Urgencia por cardiovascular,102,170/99,domicilio
EP-2026-02722,SIP-534391,2026/08/26 11:26:56,NULL,Urgencia por digestivo,63,131/78,traslado_uci
EP-2026-02109,SIP-102908,03/09/2026 20:51:05,N/D,Urgencia por nefrourologia,-99,111/66,observacion
EP-2026-03151,SIP-383476,19/08/2026 04:36 AM,19/08/2026 12:40 PM,Urgencia por cardiovascular,84,110/64,ingreso_pediatria
EP-2026-00566,SIP-183874,2026/09/24 10:11:10,2026-09-24T16:02:10Z,Urgencia por traumatologia,99,138/83,domicilio
EP-2026-03497,SIP-331538,14/08/2026 07:38:58,,Urgencia por pediatria,-99,119/88,traslado_uci
EP-2026-02160,SIP-320621,02-09-2026 21:51:43,03/09/2026 02:50 AM,Urgencia por traumatologia,117,97/97,traslado_uci
EP-2026-01739,SIP-387348,2026-09-08T19:32:30Z,09/09/2026 04:57 AM,Urgencia por digestivo,70,104/71,ingreso_planta
EP-2026-00785,SIP-448613,2026/09/20 10:23:26,2026-09-20 14:24:26,Urgencia por pediatria,115,157/70,domicilio
EP-2026-02471,SIP-414365,29/08/2026 12:38 AM,2026/08/29 04:47:51,Urgencia por respiratorio,78,148/105,domicilio
EP-2026-01817,SIP-355211,2026-09-07 07:26:40,07-09-2026 13:03:40,Urgencia por cardiovascular,60,98/55,ingreso_pediatria
EP-2026-02682,SIP-426604,26/08/2026 09:11 PM,27-08-2026 03:41:50,Urgencia por digestivo,110,160/104,observacion
EP-2026-01564,SIP-415253,10/09/2026 09:44 AM,2026-09-10 10:40:46,Urgencia por infeccioso,90,106 76,observacion
EP-2026-00310,SIP-239189,27/09/2026 04:24:50,27-09-2026 09:06:50,Urgencia por digestivo,63,145/69,ingreso_pediatria
EP-2026-00062,SIP-730274,30/09/2026 20:33:24,NULL,Urgencia por neurologia,73,164/60,ingreso_planta
EP-2026-01679,SIP-542193,NULL,09/09/2026 19:56:13,Urgencia por traumatologia,67,123/77,traslado_uci
EP-2026-02828,SIP-661696,2026-08-24T11:33:56Z,24-08-2026 21:01:56,Urgencia por psiquiatria,67,161/93,domicilio
EP-2026-00262,SIP-559221,28-09-2026 20:38:51,2026-09-29T04:45:51Z,Urgencia por respiratorio,76,134/59,ingreso_planta
EP-2026-02103,SIP-994839,,03/09/2026 18:34:16,Urgencia por digestivo,109,148/71,observacion
EP-2026-01761,SIP-426837,08/09/2026 09:53 PM,09/09/2026 04:31 AM,Urgencia por digestivo,87,156/87,traslado_uci
EP-2026-02091,SIP-130527,03/09/2026 02:51:02,2026-09-03 11:45:02,Urgencia por infeccioso,121,99/70,observacion
EP-2026-02231,SIP-620182,01-09-2026 04:37:32,01-09-2026 08:00:32,Urgencia por infeccioso,67,154/91,ingreso_pediatria
EP-2026-02777,SIP-376909,2026-08-25 21:44:26,26/08/2026 02:49:26,Urgencia por cardiovascular,115,150/72,ingreso_pediatria
EP-2026-00220,SIP-473088,28/09/2026 03:48:17,28-09-2026 11:13:17,Urgencia por infeccioso,124,126/86,ingreso_planta
EP-2026-00988,SIP-920791,17/09/2026 00:27:55,2026/09/17 05:22:55,Urgencia por traumatologia,75,107/96,traslado_uci
EP-2026-02786,SIP-576885,2026-08-25 03:54:54,2026/08/25 09:34:54,Urgencia por neurologia,96,165/77,ingreso_pediatria
EP-2026-02360,SIP-307528,2026-08-30 06:06:09,30/08/2026 03:21 PM,Urgencia por neurologia,91,119/90,domicilio
EP-2026-00311,SIP-945953,2026/09/27 05:49:45,NULL,Urgencia por nefrourologia,57,170/99,observacion
EP-2026-00753,SIP-457124,2026-09-21T04:15:42Z,2026/09/21 13:45:42,Urgencia por neurologia,64,142/83,traslado_uci
EP-2026-01524,SIP-172632,11-09-2026 16:04:39,,Urgencia por traumatologia,101,140/78,ingreso_planta
EP-2026-01427,SIP-965756,12/09/2026 19:44:15,13/09/2026 05:21 AM,Urgencia por psiquiatria,84,160/95,observacion
EP-2026-03374,SIP-917162,2026-08-16 20:07:35,2026-08-16 20:39:35,Urgencia por traumatologia,53,147/98,observacion
EP-2026-00701,SIP-867584,2026-09-22 09:20:56,22/09/2026 10:38:56,Urgencia por traumatologia,65,164/66,ingreso_planta
EP-2026-01367,SIP-710023,12-09-2026 16:58:27,NULL,Urgencia por digestivo,122,100-67,traslado_uci
EP-2026-01783,SIP-498661,2026/09/07 20:52:12,07/09/2026 22:28:12,Urgencia por traumatologia,94,135/102,ingreso_pediatria
EP-2026-00403,SIP-500118,25-09-2026 17:45:17,2026-09-25 21:21:17,Urgencia por psiquiatria,90,159/55,ingreso_pediatria
EP-2026-02791,SIP-535548,25/08/2026 06:31:00,2026-08-25T11:21:00Z,Urgencia por cardiovascular,80,144/60,observacion
EP-2026-00901,SIP-509581,2026-09-18T09:00:10Z,2026-09-18T13:26:10Z,Urgencia por cardiovascular,119,160/59,traslado_uci
EP-2026-03187,SIP-442818,2026/08/19 00:53:15,19/08/2026 10:09:15,Urgencia por nefrourologia,120,114/58,traslado_uci
EP-2026-00782,SIP-410132,2026/09/20 16:22:51,,Urgencia por digestivo,999,157/66,observacion
EP-2026-02044,SIP-246754,04/09/2026 02:11:08,2026-09-04T11:46:08Z,Urgencia por neurologia,107,168/67,observacion
EP-2026-01241,SIP-107345,14-09-2026 00:37:47,14/09/2026 04:22 AM,Urgencia por pediatria,62,153/76,traslado_uci
EP-2026-00944,SIP-780008,2026/09/18 15:37:25,2026-09-18T20:57:25Z,Urgencia por psiquiatria,122,169/73,ingreso_planta
EP-2026-03104,SIP-140861,2026/08/20 13:09:25,20/08/2026 14:35:25,Urgencia por traumatologia,103,135/104,observacion
EP-2026-02434,SIP-420772,30/08/2026 07:23:51,2026-08-30 09:55:51,Urgencia por traumatologia,62,100/72,traslado_uci
EP-2026-01457,SIP-615422,2026/09/12 15:24:14,2026-09-13T00:03:14Z,Urgencia por respiratorio,74,88/102,ingreso_planta
EP-2026-03446,SIP-947976,2026-08-15 06:29:11,15-08-2026 14:26:11,Urgencia por digestivo,68,,null
EP-2026-01895,SIP-338678,2026-09-06T09:04:53Z,06/09/2026 05:22 PM,Urgencia por pediatria,93,154/104,observacion
EP-2026-03249,SIP-590919,18-08-2026 02:59:13,2026/08/18 11:16:13,Urgencia por cardiovascular,120,127/98,ingreso_planta
EP-2026-03290,SIP-772583,2026/08/17 15:42:45,2026-08-17 22:11:45,Urgencia por infeccioso,112,148/73,ingreso_planta
EP-2026-01224,SIP-377003,2026-09-14 01:30:24,14/09/2026 05:18 AM,Urgencia por neurologia,105,106 101,domicilio
EP-2026-02055,SIP-771989,03/09/2026 00:47:28,03-09-2026 08:58:28,Urgencia por traumatologia,115,110/59,ingreso_planta
EP-2026-01848,SIP-110661,,08/09/2026 04:19 AM,Urgencia por respiratorio,73,109/76,observacion
EP-2026-00286,SIP-419747,2026-09-27 08:27:09,27/09/2026 16:13:09,Urgencia por infeccioso,123,164/78,ingreso_planta
EP-2026-02026,SIP-985605,04-09-2026 14:19:24,04/09/2026 05:31 PM,Urgencia por psiquiatria,96,151/102,ingreso_planta
EP-2026-01381,SIP-341283,12/09/2026 18:44:54,,Urgencia por psiquiatria,124,153/63,ingreso_pediatria
EP-2026-02257,SIP-996545,01/09/2026 09:35 AM,01-09-2026 17:29:59,Urgencia por infeccioso,65,130/104,ingreso_pediatria
EP-2026-00836,SIP-781866,2026-09-20 15:44:16,20/09/2026 21:40:16,Urgencia por traumatologia,65,125/85,domicilio
EP-2026-01884,SIP-949457,06/09/2026 06:42 AM,2026-09-06T16:24:01Z,Urgencia por psiquiatria,85,158/83,ingreso_planta
EP-2026-02591,SIP-389775,28-08-2026 10:47:37,2026/08/28 15:04:37,Urgencia por traumatologia,113,167/70,traslado_uci
EP-2026-02765,SIP-206707,2026-08-25 19:43:24,26-08-2026 02:16:24,Urgencia por pediatria,58,129/82,domicilio
EP-2026-00823,SIP-561960,20/09/2026 11:10 PM,NULL,Urgencia por traumatologia,94,NORMAL,ingreso_planta
EP-2026-00583,SIP-644105,24-09-2026 05:18:59,2026-09-24T12:22:59Z,Urgencia por neurologia,92,159/100,domicilio
EP-2026-01062,SIP-200403,,2026-09-16T08:31:10Z,Urgencia por traumatologia,53,143/96,ingreso_planta
EP-2026-01514,SIP-613694,11/09/2026 03:05 PM,11/09/2026 19:43:18,Urgencia por psiquiatria,123,160/102,ingreso_planta
EP-2026-03121,SIP-481709,20/08/2026 12:15 AM,2026/08/19 23:15:35,Urgencia por cardiovascular,94,119_56,ingreso_planta
EP-2026-01272,SIP-544094,14/09/2026 12:27 AM,14-09-2026 08:45:56,Urgencia por cardiovascular,99,100/87,alta
EP-2026-01988,SIP-111532,NULL,2026/09/06 00:19:16,Urgencia por traumatologia,81,113/58,observacion
EP-2026-01138,SIP-365699,2026-09-15T23:53:05Z,16/09/2026 01:13:05,Urgencia por infeccioso,98,107/64,domicilio
EP-2026-00551,SIP-835647,2026/09/24 04:51:13,24/09/2026 07:33:13,Urgencia por nefrourologia,67,138/84,observacion
EP-2026-02099,SIP-724357,2026-09-03T09:17:29Z,2026-09-03 14:25:29,Urgencia por respiratorio,98,169/79,ingreso_pediatria
EP-2026-01077,SIP-649219,N/D,2026-09-16 16:57:00,Urgencia por traumatologia,121,156/61,ingreso_pediatria
EP-2026-00562,SIP-422951,N/D,,Urgencia por neurologia,55,151/73,observacion
EP-2026-01049,SIP-655111,2026-09-16 15:16:27,16-09-2026 18:50:27,Urgencia por psiquiatria,106,111/93,traslado_uci
EP-2026-00732,SIP-315589,21/09/2026 10:17 AM,2026-09-21T15:33:59Z,Urgencia por neurologia,91,110/90,ingreso_pediatria
EP-2026-01033,SIP-572924,NULL,17-09-2026 21:14:10,Urgencia por traumatologia,98,,domicilio
EP-2026-03467,SIP-391035,15/08/2026 10:54:18,2026/08/15 13:31:18,Urgencia por neurologia,57,133/84,observacion
EP-2026-00056,SIP-497186,2026/10/01 18:49:07,NULL,Urgencia por infeccioso,103,110/86,traslado_uci
EP-2026-03180,SIP-652267,2026/08/19 00:29:53,2026-08-19T07:37:53Z,Urgencia por neurologia,60,164/67,observacion
EP-2026-02756,SIP-709607,26-08-2026 22:13:06,2026-08-27T03:02:06Z,Urgencia por pediatria,95,103/84,observacion
EP-2026-01235,SIP-966557,2026-09-14T10:43:26Z,2026-09-14T14:30:26Z,Urgencia por cardiovascular,125,103/65,domicilio
EP-2026-02596,SIP-316828,2026/08/27 21:12:33,28/08/2026 01:09:33,Urgencia por neurologia,98,142/63,ingreso_pediatria
EP-2026-00460,SIP-908009,2026-09-25 02:08:12,2026-09-25 03:00:12,Urgencia por traumatologia,117,123/71,ingreso_pediatria
EP-2026-01860,SIP-688767,06-09-2026 18:04:56,2026/09/07 01:25:56,Urgencia por respiratorio,112,73/159,domicilio
EP-2026-01192,SIP-533154,2026-09-15 15:53:22,2026-09-16T00:01:22Z,Urgencia por traumatologia,117,121/74,domicilio
EP-2026-02698,SIP-924096,26/08/2026 13:59:18,2026/08/26 21:25:18,Urgencia por cardiovascular,93,s/d,FALLECIMIENTO
EP-2026-02562,SIP-799940,28/08/2026 13:37:17,28/08/2026 15:55:17,Urgencia por digestivo,117,120/85,ingreso_planta
EP-2026-00219,SIP-809464,28/09/2026 06:19 PM,2026/09/28 19:44:20,Urgencia por cardiovascular,89,165/87,ingreso_planta
EP-2026-01060,SIP-469204,2026-09-16 06:00:55,16-09-2026 07:09:55,Urgencia por nefrourologia,89,162/79,ingreso_planta
EP-2026-01196,SIP-136509,2026-09-15T10:46:22Z,2026-09-15T18:49:22Z,Urgencia por respiratorio,125,138/96,observacion
EP-2026-02895,SIP-149059,23/08/2026 09:49 AM,2026/08/23 11:25:59,Urgencia por psiquiatria,69,99/99,domicilio
EP-2026-00067,SIP-194166,30/09/2026 06:48:44,,Urgencia por pediatria,106,136/62,ingreso_pediatria
EP-2026-02811,SIP-902224,2026/08/25 02:30:05,25/08/2026 07:12:05,Urgencia por neurologia,120,157/57,traslado_uci
EP-2026-02733,SIP-164687,2026-08-26T16:34:33Z,26/08/2026 19:45:33,Urgencia por infeccioso,116,149/81,ingreso_planta
EP-2026-03198,SIP-564550,2026-08-19 23:38:42,20-08-2026 09:21:42,Urgencia por nefrourologia,123,100/90,domicilio
EP-2026-03130,SIP-687509,2026/08/20 14:48:36,2026-08-20T21:46:36Z,Urgencia por infeccioso,106,166/92,observacion
EP-2026-01011,SIP-826339,17/09/2026 20:52:42,2026-09-18 06:33:42,Urgencia por digestivo,103,108/59,ingreso_planta
EP-2026-03259,SIP-127922,18/08/2026 10:32:21,18-08-2026 13:32:21,Urgencia por digestivo,100,100/100,observacion
EP-2026-02498,SIP-241472,29/08/2026 06:09:36,29/08/2026 11:15 AM,Urgencia por psiquiatria,105,151/82,ingreso_planta
EP-2026-01839,SIP-957557,2026-09-07T02:34:11Z,07/09/2026 11:25:11,Urgencia por psiquiatria,99,160/63,ingreso_planta
EP-2026-02567,SIP-197611,28/08/2026 19:44:37,2026-08-29T00:19:37Z,Urgencia por traumatologia,107,125/97,traslado_uci
EP-2026-00480,SIP-490637,25/09/2026 11:23 PM,N/D,Urgencia por infeccioso,74,119/80,domicilio
EP-2026-02938,SIP-823697,22/08/2026 10:48:12,2026/08/22 16:51:12,Urgencia por traumatologia,450,101/74,ingreso_pediatria
EP-2026-01303,SIP-415051,NULL,2026-09-13T18:08:45Z,Urgencia por cardiovascular,108,125/58,domicilio
EP-2026-02218,SIP-687990,01/09/2026 01:39 PM,2026-09-01 20:35:24,Urgencia por pediatria,-99,161/74,ingreso_planta
EP-2026-03166,SIP-876329,19/08/2026 12:19 PM,2026-08-19 19:23:49,Urgencia por psiquiatria,116,165/93,ingreso_pediatria
EP-2026-00886,SIP-683375,NULL,2026-09-19T10:45:11Z,Urgencia por psiquiatria,95,169/103,ingreso_pediatria
EP-2026-01816,SIP-619439,07/09/2026 05:51 AM,07-09-2026 14:43:09,Urgencia por psiquiatria,-99,153/64,ingreso_planta
EP-2026-02751,SIP-776745,NULL,25-08-2026 20:40:51,Urgencia por traumatologia,122,138/71,observacion
EP-2026-02838,SIP-136929,2026-08-24T02:43:27Z,24/08/2026 04:34:27,Urgencia por cardiovascular,56,121/71,domicilio
EP-2026-00030,SIP-307710,2026/10/01 21:52:37,02-10-2026 04:07:37,Urgencia por neurologia,106,154/93,domicilio
EP-2026-02630,SIP-894334,27-08-2026 16:25:44,2026-08-27 23:31:44,Urgencia por respiratorio,62,117/61,domicilio
EP-2026-03016,SIP-449784,2026-08-22T13:15:53Z,22/08/2026 04:57 PM,Urgencia por cardiovascular,115,136/95,observacion
EP-2026-00760,SIP-127364,21/09/2026 09:40 PM,2026-09-21T23:33:04Z,Urgencia por nefrourologia,106,134/76,traslado_uci
EP-2026-00428,SIP-624510,25/09/2026 07:45 AM,25/09/2026 11:09:12,Urgencia por traumatologia,107,110/84,ingreso_pediatria
EP-2026-03248,SIP-366529,2026/08/18 05:56:17,18-08-2026 07:42:17,Urgencia por neurologia,124,108/94,observacion
EP-2026-01868,SIP-475096,06-09-2026 15:19:11,2026-09-06 18:15:11,Urgencia por neurologia,68,155/98,domicilio
EP-2026-01956,SIP-471589,2026/09/05 03:28:11,05/09/2026 09:20 AM,Urgencia por digestivo,65,120/90,traslado_uci
EP-2026-00392,SIP-642328,2026/09/26 16:00:50,2026-09-26T19:19:50Z,Urgencia por infeccioso,98,137/82,ingreso_planta
EP-2026-00610,SIP-767083,23/09/2026 04:50 AM,23/09/2026 12:06 PM,Urgencia por digestivo,73,141/94,ingreso_pediatria
EP-2026-02598,SIP-336117,27-08-2026 12:17:29,27/08/2026 04:34 PM,Urgencia por psiquiatria,104,124/71,traslado_uci
EP-2026-01119,SIP-129168,16/09/2026 04:34 AM,N/D,Urgencia por infeccioso,59,155/70,ingreso_planta
EP-2026-01853,SIP-561750,07-09-2026 17:01:51,08/09/2026 00:42:51,Urgencia por nefrourologia,65,75/168,
EP-2026-00659,SIP-794942,NULL,2026/09/22 04:49:51,Urgencia por nefrourologia,124,98/97,ingreso_planta
EP-2026-02062,SIP-691018,2026-09-03 02:29:59,2026/09/03 12:08:59,Urgencia por infeccioso,84,147/80,traslado_uci
EP-2026-02820,SIP-150250,2026-08-25T22:07:48Z,2026-08-26T03:47:48Z,Urgencia por infeccioso,125,155/70,ingreso_pediatria
EP-2026-01468,SIP-304185,2026-09-11T14:22:18Z,11/09/2026 20:55:18,Urgencia por traumatologia,117,132/105,ingreso_pediatria
EP-2026-03485,SIP-344096,2026-08-14 00:20:35,,Urgencia por infeccioso,99,110/100,ingreso_planta
EP-2026-03200,SIP-373267,19-08-2026 20:33:51,20/08/2026 03:41:51,Urgencia por infeccioso,109,110/100,traslado_uci
EP-2026-02832,SIP-578407,2026-08-24 23:24:09,2026/08/25 00:30:09,Urgencia por cardiovascular,100,145/83,ingreso_pediatria
EP-2026-03123,SIP-362288,20/08/2026 12:09 PM,2026/08/20 15:44:41,Urgencia por cardiovascular,52,127/67,observacion
EP-2026-02654,SIP-637604,27-08-2026 15:00:12,2026/08/27 17:56:12,Urgencia por psiquiatria,108,NORMAL,ingreso_pediatria
EP-2026-01563,SIP-694307,2026/09/10 14:49:32,2026-09-10 22:43:32,Urgencia por nefrourologia,52,100/89,traslado_uci
EP-2026-02819,SIP-967393,25-08-2026 16:26:56,2026/08/26 01:21:56,Urgencia por pediatria,95,150/82,ingreso_planta
EP-2026-00738,SIP-873508,2026-09-21 18:44:21,21/09/2026 22:11:21,Urgencia por nefrourologia,87,147_69,ingreso_planta
EP-2026-03186,SIP-307236,19/08/2026 08:17 AM,2026-08-19 12:55:48,Urgencia por digestivo,92,159/103,observacion
EP-2026-02858,SIP-315951,N/D,24/08/2026 05:35 PM,Urgencia por nefrourologia,101,121_86,domicilio
EP-2026-03325,SIP-192094,17/08/2026 05:00 AM,2026-08-17T08:38:21Z,Urgencia por nefrourologia,124,167/58,ingreso_pediatria
EP-2026-01190,SIP-370569,15-09-2026 23:58:00,16/09/2026 02:40:00,Urgencia por psiquiatria,66,s/d,observacion
EP-2026-02271,SIP-638257,2026/09/01 17:17:15,,Urgencia por traumatologia,52,160/105,ingreso_pediatria
EP-2026-00897,SIP-988863,2026-09-19T00:16:42Z,19/09/2026 06:40:42,Urgencia por respiratorio,66,122/73,observacion
EP-2026-00713,SIP-751944,2026-09-21 14:08:25,21/09/2026 16:13:25,Urgencia por cardiovascular,69,97/98,observacion
EP-2026-01863,SIP-985259,2026-09-06T17:17:03Z,2026-09-06T21:48:03Z,Urgencia por neurologia,75,113/96,ingreso_pediatria
EP-2026-01128,SIP-988803,,15/09/2026 02:52:47,Urgencia por infeccioso,52,126/75,ingreso_pediatria
EP-2026-00053,SIP-361736,2026-10-01T02:45:21Z,2026/10/01 08:21:21,Urgencia por pediatria,100,167/103,observacion
EP-2026-01943,SIP-860781,2026-09-05T08:01:50Z,2026-09-05T16:35:50Z,Urgencia por neurologia,92,95/62,domicilio
EP-2026-00622,SIP-776009,2026-09-23T02:56:42Z,2026-09-23 10:02:42,Urgencia por neurologia,98,104/73,null
EP-2026-02531,SIP-286665,2026-08-28T22:42:15Z,2026-08-29 08:10:15,Urgencia por neurologia,86,108/74,ingreso_planta
EP-2026-02444,SIP-770035,2026/08/29 02:38:04,29/08/2026 04:53 AM,Urgencia por traumatologia,66,160/71,observacion
EP-2026-02449,SIP-583999,2026/08/29 06:19:24,2026/08/29 14:33:24,Urgencia por digestivo,79,150/64,observacion
EP-2026-02410,SIP-731307,30-08-2026 19:22:19,2026/08/31 02:04:19,Urgencia por psiquiatria,71,97/55,ingreso_planta
EP-2026-02658,SIP-928010,27/08/2026 02:16 AM,2026-08-27 10:38:03,Urgencia por pediatria,52,154/59,domicilio
EP-2026-01729,SIP-780625,NULL,08/09/2026 00:46:44,Urgencia por digestivo,66,141/66,traslado_uci
EP-2026-00864,SIP-342478,2026-09-19T00:07:32Z,19/09/2026 02:05:32,Urgencia por respiratorio,125,169/95,ingreso_pediatria
EP-2026-01758,SIP-778828,2026-09-08T21:13:07Z,2026/09/08 23:15:07,Urgencia por infeccioso,71,170/64,traslado_uci
EP-2026-02155,SIP-948397,2026/09/02 08:29:59,2026-09-02T10:00:59Z,Urgencia por cardiovascular,80,116/63,ingreso_pediatria
EP-2026-00412,SIP-623641,2026-09-25T11:55:16Z,25/09/2026 19:50:16,Urgencia por pediatria,73,162/67,domicilio
EP-2026-00852,SIP-324640,2026-09-19 11:48:28,2026-09-19 17:03:28,Urgencia por cardiovascular,107,105/65,observacion
EP-2026-01084,SIP-287587,2026/09/16 02:54:02,16/09/2026 04:15:02,Urgencia por neurologia,57,140/72,observacion
EP-2026-01133,SIP-411427,2026-09-15 00:58:55,15/09/2026 05:19:55,Urgencia por traumatologia,74,155/78,domicilio
EP-2026-00552,SIP-336494,2026-09-24 19:10:21,24/09/2026 22:48:21,Urgencia por respiratorio,63,162/71,ingreso_planta
EP-2026-01144,SIP-242718,2026/09/15 11:25:51,2026-09-15T13:48:51Z,Urgencia por respiratorio,89,97/88,domicilio
EP-2026-00448,SIP-179391,,25/09/2026 08:51 PM,Urgencia por digestivo,-15,119/96,ingreso_pediatria
EP-2026-00415,SIP-552395,N/D,25/09/2026 16:08:32,Urgencia por cardiovascular,74,164/95,domicilio
EP-2026-00964,SIP-847739,2026-09-18T01:47:54Z,18-09-2026 04:56:54,Urgencia por neurologia,98,105/91,observacion
EP-2026-02539,SIP-821181,NULL,28/08/2026 06:14 AM,Urgencia por neurologia,85,105/62,ingreso_pediatria
EP-2026-00614,SIP-266621,2026-09-23 18:53:03,,Urgencia por traumatologia,ERROR,112/88,domicilio
EP-2026-00261,SIP-745848,2026-09-28 22:57:19,2026-09-29T07:06:19Z,Urgencia por neurologia,107,111/81,ingreso_planta
EP-2026-01548,SIP-508266,10/09/2026 15:40:29,11/09/2026 00:55:29,Urgencia por cardiovascular,77,144/97,ingreso_planta
EP-2026-01905,SIP-359249,06/09/2026 01:39 PM,06/09/2026 22:39:24,Urgencia por nefrourologia,90,156/91,ingreso_pediatria
EP-2026-01959,SIP-205965,2026/09/05 19:50:04,2026-09-05T15:50:04Z,Urgencia por infeccioso,112,134/93,domicilio
EP-2026-01601,SIP-623634,10/09/2026 07:22 PM,11-09-2026 00:44:19,Urgencia por respiratorio,83,139/57,traslado_uci
EP-2026-02576,SIP-107999,28/08/2026 11:45 PM,N/D,Urgencia por respiratorio,103,123/88,traslado_uci
EP-2026-02543,SIP-127239,28/08/2026 10:57 AM,,Urgencia por psiquiatria,110,139/69,domicilio
EP-2026-03097,SIP-212138,2026-08-20 01:45:50,NULL,Urgencia por neurologia,97,132/88,ingreso_pediatria
EP-2026-00135,SIP-104159,2026-09-30T23:23:56Z,01/10/2026 03:14:56,Urgencia por nefrourologia,58,151/103,traslado_uci
EP-2026-00229,SIP-956634,28/09/2026 09:34 AM,28/09/2026 12:51:19,Urgencia por respiratorio,ERROR,108/65,domicilio
EP-2026-00165,SIP-976007,2026/09/29 23:00:35,30-09-2026 05:34:35,Urgencia por psiquiatria,58,135/97,observacion
EP-2026-01539,SIP-354620,11/09/2026 05:33:36,N/D,Urgencia por psiquiatria,57,96/60,observacion
EP-2026-02404,SIP-740600,N/D,30-08-2026 16:43:12,Urgencia por neurologia,-15,109/70,domicilio
EP-2026-00155,SIP-707122,29-09-2026 21:52:51,30-09-2026 07:14:51,Urgencia por nefrourologia,88,99/60,FALLECIMIENTO
EP-2026-01175,SIP-722610,2026-09-15T19:05:35Z,2026/09/15 23:08:35,Urgencia por infeccioso,61,155/98,traslado_uci
EP-2026-01486,SIP-744302,2026-09-11 11:13:43,,Urgencia por digestivo,59,159/80,traslado_uci
EP-2026-02898,SIP-760592,23/08/2026 07:21 AM,23-08-2026 14:26:45,Urgencia por nefrourologia,92,133/57,alta
EP-2026-02852,SIP-196343,24/08/2026 02:17:43,,Urgencia por respiratorio,91,122/60,ingreso_planta
EP-2026-02230,SIP-294310,2026-09-01 04:42:33,01/09/2026 11:25:33,Urgencia por digestivo,70,100/95,domicilio
EP-2026-00938,SIP-985291,18/09/2026 04:10 AM,18/09/2026 10:37 AM,Urgencia por respiratorio,109,168/104,domicilio
EP-2026-02882,SIP-209504,2026/08/23 21:38:48,24-08-2026 06:25:48,Urgencia por pediatria,61,161/95,traslado_uci
EP-2026-00639,SIP-964030,23-09-2026 06:34:29,2026-09-23 12:52:29,Urgencia por psiquiatria,109,98/103,ingreso_planta
EP-2026-01753,SIP-848988,08-09-2026 03:53:29,08/09/2026 01:29 PM,Urgencia por infeccioso,84,102/70,traslado_uci
EP-2026-01769,SIP-133551,07-09-2026 05:39:53,2026/09/07 13:46:53,Urgencia por psiquiatria,106,162/56,ingreso_pediatria
EP-2026-02800,SIP-185128,25/08/2026 20:16:32,26/08/2026 06:06:32,Urgencia por infeccioso,64,96/55,traslado_uci
EP-2026-02989,SIP-389422,2026-08-22 01:53:37,,Urgencia por nefrourologia,94,114/70,traslado_uci
EP-2026-01098,SIP-288036,16/09/2026 01:19:59,2026-09-16T07:00:59Z,Urgencia por nefrourologia,97,155/56,traslado_uci
EP-2026-02963,SIP-976008,2026/08/22 18:33:48,2026/08/22 21:48:48,Urgencia por psiquiatria,84,105/68,ingreso_planta
EP-2026-02431,SIP-488150,2026-08-30T08:25:07Z,30-08-2026 12:43:07,Urgencia por respiratorio,124,125/102,ingreso_pediatria
EP-2026-00197,SIP-317882,28-09-2026 06:51:20,2026/09/28 11:26:20,Urgencia por digestivo,88,117/94,
EP-2026-00574,SIP-753199,24-09-2026 16:49:02,24/09/2026 06:14 PM,Urgencia por respiratorio,103,166/93,traslado_uci
EP-2026-01963,SIP-119507,2026/09/05 09:03:51,2026/09/05 13:31:51,Urgencia por traumatologia,122,126/72,alta
EP-2026-02359,SIP-986385,2026/08/30 19:49:44,31/08/2026 00:54:44,Urgencia por infeccioso,76,170/65,observacion
EP-2026-03395,SIP-759817,16-08-2026 11:41:10,16/08/2026 06:33 PM,Urgencia por nefrourologia,84,115/99,ingreso_pediatria
EP-2026-00734,SIP-355978,2026/09/21 14:49:42,21/09/2026 18:58:42,Urgencia por nefrourologia,113,156/94,ingreso_pediatria
EP-2026-03111,SIP-887361,2026-08-20 00:04:42,20-08-2026 03:14:42,Urgencia por nefrourologia,84,128/79,ingreso_pediatria
EP-2026-02298,SIP-768920,2026-08-31 13:36:05,31-08-2026 14:36:05,Urgencia por nefrourologia,92,153_71,ingreso_pediatria
EP-2026-02886,SIP-769410,23/08/2026 10:15:37,2026-08-23 15:58:37,Urgencia por traumatologia,62,133/65,domicilio
EP-2026-02804,SIP-600256,25-08-2026 11:33:48,2026-08-25 19:01:48,Urgencia por respiratorio,100,160/60,domicilio
EP-2026-03242,SIP-263687,18/08/2026 09:50 PM,19-08-2026 01:11:52,Urgencia por infeccioso,111,162/66,observacion
EP-2026-02071,SIP-394762,03/09/2026 01:38 AM,2026-09-03T09:19:20Z,Urgencia por psiquiatria,125,148/57,observacion
EP-2026-00134,SIP-545713,2026-09-30T22:42:10Z,2026-10-01T05:11:10Z,Urgencia por digestivo,60,95/91,ingreso_planta
EP-2026-00328,SIP-208758,27-09-2026 11:56:10,2026-09-27 21:03:10,Urgencia por infeccioso,92,123/84,ingreso_planta
EP-2026-02034,SIP-367943,2026-09-04T06:39:45Z,04-09-2026 10:17:45,Urgencia por nefrourologia,74,147/101,observacion
EP-2026-00417,SIP-225982,2026-09-25T19:57:39Z,2026-09-26 02:24:39,Urgencia por respiratorio,115,112/59,ingreso_planta
EP-2026-02873,SIP-359053,2026/08/24 03:49:08,2026-08-24T07:10:08Z,Urgencia por cardiovascular,-99,156/73,ingreso_planta
EP-2026-02347,SIP-874874,30-08-2026 17:19:24,2026-08-31 00:24:24,Urgencia por traumatologia,61,132/103,observacion
EP-2026-00903,SIP-343988,2026-09-18T15:55:53Z,,Urgencia por infeccioso,60,112/105,observacion
EP-2026-01667,SIP-434957,2026/09/09 07:25:23,09/09/2026 10:19 AM,Urgencia por digestivo,80,154/84,ingreso_pediatria
EP-2026-02610,SIP-575816,2026-08-27 18:19:22,27/08/2026 19:34:22,Urgencia por respiratorio,56,104/75,observacion
EP-2026-00665,SIP-100018,2026/09/22 22:03:50,2026/09/22 23:35:50,Urgencia por pediatria,119,125/80,domicilio
EP-2026-00312,SIP-650121,2026/09/27 11:00:54,27-09-2026 12:40:54,Urgencia por infeccioso,94,111/81,domicilio
EP-2026-03017,SIP-972536,21-08-2026 06:31:01,21/08/2026 13:43:01,Urgencia por pediatria,0,150/80,traslado_uci
EP-2026-01512,SIP-106637,NULL,2026/09/11 20:52:20,Urgencia por respiratorio,450,113/96,traslado_uci
EP-2026-01620,SIP-409306,09/09/2026 05:18:28,NULL,Urgencia por infeccioso,103,126/65,ingreso_planta
EP-2026-00071,SIP-484119,30-09-2026 07:21:31,30/09/2026 08:29:31,Urgencia por cardiovascular,114,153/78,traslado_uci
EP-2026-01082,SIP-125808,2026-09-16T06:03:05Z,16/09/2026 08:25:05,Urgencia por psiquiatria,103,101/76,observacion
EP-2026-02978,SIP-411148,NULL,23-08-2026 00:49:07,Urgencia por digestivo,72,106/56,ingreso_pediatria
EP-2026-00644,SIP-845211,23-09-2026 17:01:32,24/09/2026 01:26 AM,Urgencia por digestivo,101,161/94,traslado_uci
EP-2026-02263,SIP-560684,2026-09-01 03:22:57,2026/09/01 06:16:57,Urgencia por traumatologia,84,163/90,ingreso_planta
EP-2026-02370,SIP-280346,30-08-2026 19:24:23,2026-08-30 20:47:23,Urgencia por neurologia,73,NORMAL,ingreso_planta
EP-2026-02286,SIP-661544,NULL,01/09/2026 02:13 PM,Urgencia por infeccioso,-99,129/69,observacion
EP-2026-01285,SIP-145740,2026-09-14 01:05:32,2026-09-14 09:21:32,Urgencia por respiratorio,57,136/87,None
EP-2026-02527,SIP-580295,28/08/2026 00:44:32,28/08/2026 10:26 AM,Urgencia por cardiovascular,99,170/73,ingreso_pediatria
EP-2026-01296,SIP-911994,14/09/2026 11:08 PM,2026-09-15T07:06:58Z,Urgencia por pediatria,62,145/98,ingreso_pediatria
EP-2026-02325,SIP-322653,2026-08-31T06:26:29Z,2026-08-31 14:05:29,Urgencia por neurologia,107,139/102,observacion
EP-2026-01444,SIP-921686,2026-09-12 11:25:56,12/09/2026 12:41 PM,Urgencia por neurologia,118,NORMAL,observacion
EP-2026-00483,SIP-295324,25/09/2026 11:41 AM,2026-09-25 16:42:56,Urgencia por digestivo,58,118/88,traslado_uci
EP-2026-00305,SIP-140848,2026/09/27 06:04:12,27-09-2026 08:25:12,Urgencia por cardiovascular,123,162/70,traslado_uci
EP-2026-02907,SIP-859105,23/08/2026 08:56 AM,2026-08-23T12:08:13Z,Urgencia por nefrourologia,100,170/56,traslado_uci
EP-2026-03240,SIP-406763,NULL,,Urgencia por nefrourologia,120,140/62,None
EP-2026-00511,SIP-904763,24/09/2026 13:30:44,24/09/2026 08:18 PM,Urgencia por infeccioso,87,157/80,traslado_uci
EP-2026-01595,SIP-325333,10/09/2026 18:15:39,10/09/2026 07:10 PM,Urgencia por cardiovascular,120,138/93,observacion
EP-2026-00269,SIP-129463,28/09/2026 10:01:50,28/09/2026 10:46 AM,Urgencia por traumatologia,112,134/104,traslado_uci
EP-2026-00141,SIP-522700,2026-09-29T02:12:35Z,29/09/2026 07:59 AM,Urgencia por cardiovascular,80,146/83,domicilio
EP-2026-00888,SIP-528688,19/09/2026 03:23:50,2026/09/19 07:25:50,Urgencia por pediatria,92,139/95,FALLECIMIENTO
EP-2026-02688,SIP-197330,2026-08-26 05:44:51,2026/08/26 11:54:51,Urgencia por cardiovascular,118,155/95,traslado_uci
EP-2026-03193,SIP-734901,2026-08-19 23:36:03,20-08-2026 06:25:03,Urgencia por digestivo,67,112/101,traslado_uci
EP-2026-03061,SIP-847784,2026/08/21 19:50:15,2026/08/21 20:34:15,Urgencia por respiratorio,84,111/101,domicilio
EP-2026-02418,SIP-849099,,30-08-2026 17:32:24,Urgencia por cardiovascular,-99,96/71,domicilio
EP-2026-00768,SIP-120352,2026-09-21T13:51:49Z,21/09/2026 05:22 PM,Urgencia por psiquiatria,122,95/81,ingreso_pediatria
EP-2026-03396,SIP-690416,16-08-2026 00:10:10,2026/08/16 09:06:10,Urgencia por psiquiatria,107,139/63,domicilio
EP-2026-01185,SIP-556884,2026-09-15 03:11:31,2026-09-15T11:42:31Z,Urgencia por cardiovascular,117,170/77,domicilio
EP-2026-03428,SIP-494089,2026/08/15 08:07:57,,Urgencia por neurologia,58,134/65,domicilio
EP-2026-01519,SIP-515693,11-09-2026 10:59:24,2026-09-11T12:35:24Z,Urgencia por neurologia,104,138/96,ingreso_pediatria
EP-2026-03310,SIP-480148,NULL,2026-08-17T11:25:46Z,Urgencia por digestivo,124,146/85,traslado_uci
EP-2026-01406,SIP-910846,2026/09/12 13:50:22,2026-09-12T16:11:22Z,Urgencia por cardiovascular,109,108/66,observacion
EP-2026-00880,SIP-773972,2026-09-19 12:00:35,2026-09-19T18:39:35Z,Urgencia por digestivo,450,154/95,observacion
EP-2026-02417,SIP-854122,2026-08-30T11:31:49Z,2026/08/30 19:17:49,Urgencia por respiratorio,71,124/93,ingreso_pediatria
EP-2026-01100,SIP-685059,16/09/2026 13:40:17,2026-09-16T14:52:17Z,Urgencia por neurologia,117,147/70,observacion
EP-2026-01743,SIP-673187,2026-09-08 03:35:11,2026-09-08 08:04:11,Urgencia por neurologia,ERROR,128/76,ingreso_pediatria
EP-2026-00611,SIP-934373,2026-09-23T02:47:54Z,2026/09/23 07:00:54,Urgencia por pediatria,93,98/102,traslado_uci
EP-2026-01942,SIP-921179,2026-09-05 22:09:45,2026/09/06 02:27:45,Urgencia por psiquiatria,84,125/62,domicilio
EP-2026-02391,SIP-753710,2026/08/30 01:22:18,30-08-2026 10:19:18,Urgencia por psiquiatria,71,130/56,domicilio
EP-2026-00843,SIP-906796,2026-09-20T06:33:27Z,2026-09-20T07:26:27Z,Urgencia por neurologia,100,125/63,ingreso_planta
EP-2026-00267,SIP-115001,2026/09/28 04:25:27,28-09-2026 08:43:27,Urgencia por digestivo,59,100/86,ingreso_planta
EP-2026-00299,SIP-261468,27-09-2026 15:12:40,2026-09-27 17:20:40,Urgencia por traumatologia,450,145/86,domicilio
EP-2026-02516,SIP-319891,2026-08-28T14:32:32Z,2026-08-28 17:31:32,Urgencia por neurologia,69,147/83,ingreso_planta
EP-2026-01253,SIP-932299,2026/09/14 22:01:18,15/09/2026 06:57 AM,Urgencia por pediatria,116,111/103,ingreso_planta
EP-2026-00581,SIP-573460,2026-09-24 16:14:05,2026-09-24T17:06:05Z,Urgencia por infeccioso,-15,104/67,ingreso_pediatria
EP-2026-01954,SIP-417796,2026-09-05T00:14:01Z,2026-09-05T08:39:01Z,Urgencia por respiratorio,109,121/105,observacion
EP-2026-00751,SIP-143153,21/09/2026 17:18:10,22/09/2026 01:23 AM,Urgencia por digestivo,98,161/104,ingreso_planta
EP-2026-02971,SIP-354641,22/08/2026 03:49 PM,22-08-2026 18:14:55,Urgencia por nefrourologia,70,115/70,observacion
EP-2026-02961,SIP-592747,2026/08/22 04:38:47,2026/08/22 14:15:47,Urgencia por infeccioso,84,144/74,ingreso_planta
EP-2026-00447,SIP-693870,2026/09/25 17:18:21,26/09/2026 01:05 AM,Urgencia por cardiovascular,97,166/92,domicilio
EP-2026-02747,SIP-361481,2026/08/26 10:26:24,2026-08-26T14:36:24Z,Urgencia por traumatologia,66,115/72,ingreso_pediatria
EP-2026-00242,SIP-872204,2026-09-28T19:25:41Z,29/09/2026 01:21 AM,Urgencia por neurologia,86,121/63,alta
EP-2026-00315,SIP-249689,,27-09-2026 18:12:33,Urgencia por pediatria,67,110/78,domicilio
EP-2026-01258,SIP-531449,NULL,2026-09-14T20:29:05Z,Urgencia por infeccioso,66,130/91,domicilio
EP-2026-03318,SIP-833622,17/08/2026 03:10 PM,17/08/2026 09:41 PM,Urgencia por digestivo,56,124/98,ingreso_pediatria
EP-2026-03038,SIP-460693,2026-08-21 06:41:17,2026-08-21 08:03:17,Urgencia por cardiovascular,54,PENDIENTE,domicilio
EP-2026-01231,SIP-413807,14/09/2026 22:44:48,15/09/2026 01:44 AM,Urgencia por respiratorio,67,115/101,ingreso_planta
EP-2026-01297,SIP-336149,2026-09-14T22:25:21Z,NULL,Urgencia por neurologia,94,163_73,observacion
EP-2026-00320,SIP-122573,2026-09-27T21:37:03Z,2026-09-28T01:57:03Z,Urgencia por digestivo,64,152/104,ingreso_planta
EP-2026-00482,SIP-437027,2026-09-25 21:39:55,2026/09/26 02:33:55,Urgencia por nefrourologia,117,124/84,ingreso_pediatria
EP-2026-01140,SIP-707919,2026-09-15 17:16:48,2026/09/15 19:52:48,Urgencia por neurologia,75,PENDIENTE,FALLECIMIENTO
EP-2026-00484,SIP-956462,2026-09-25T08:35:06Z,25/09/2026 03:40 PM,Urgencia por respiratorio,108,123_89,ingreso_pediatria
EP-2026-01771,SIP-230723,N/D,2026-09-07T08:08:32Z,Urgencia por nefrourologia,113,107/75,traslado_uci
EP-2026-01018,SIP-446696,2026/09/17 01:35:35,17/09/2026 04:47:35,Urgencia por pediatria,77,124/63,traslado_uci
EP-2026-00851,SIP-940764,2026-09-19T07:44:50Z,19/09/2026 16:44:50,Urgencia por neurologia,72,160/62,domicilio
EP-2026-01921,SIP-739640,06-09-2026 00:28:31,06/09/2026 02:03 AM,Urgencia por respiratorio,111,146/94,ingreso_planta
EP-2026-02932,SIP-869136,,23/08/2026 06:19 PM,Urgencia por nefrourologia,56,106/98,ingreso_pediatria
EP-2026-00429,SIP-239347,25-09-2026 21:07:42,26/09/2026 05:37 AM,Urgencia por neurologia,-15,96/88,ingreso_planta
EP-2026-00705,SIP-616594,22-09-2026 03:34:38,22-09-2026 10:07:38,Urgencia por nefrourologia,79,124/64,traslado_uci
EP-2026-00394,SIP-235522,26/09/2026 23:57:15,27-09-2026 01:21:15,Urgencia por digestivo,99,125/74,domicilio
EP-2026-00015,SIP-846406,2026-10-01T18:59:53Z,2026/10/01 21:45:53,Urgencia por traumatologia,75,165/101,ingreso_planta
EP-2026-00144,SIP-176376,2026/09/29 17:29:58,29/09/2026 20:40:58,Urgencia por respiratorio,113,170/93,traslado_uci
EP-2026-00341,SIP-193283,2026-09-27 18:35:58,2026/09/28 01:48:58,Urgencia por neurologia,111,122/67,domicilio
EP-2026-01612,SIP-694570,10-09-2026 17:25:14,11-09-2026 01:56:14,Urgencia por cardiovascular,81,121/65,ingreso_pediatria
EP-2026-01631,SIP-115100,2026/09/09 21:45:13,10-09-2026 05:27:13,Urgencia por digestivo,125,140/87,ingreso_pediatria
EP-2026-01251,SIP-128562,14/09/2026 08:17:40,2026-09-14T11:50:40Z,Urgencia por neurologia,63,140/61,traslado_uci
EP-2026-00471,SIP-217654,25/09/2026 12:15:23,25/09/2026 16:47:23,Urgencia por nefrourologia,85,121/69,domicilio
EP-2026-03279,SIP-944871,17/08/2026 11:57 AM,17/08/2026 08:31 PM,Urgencia por cardiovascular,84,146/80,traslado_uci
EP-2026-02920,SIP-914211,2026/08/23 16:09:01,2026-08-23T23:10:01Z,Urgencia por neurologia,73,NORMAL,ingreso_pediatria
EP-2026-00709,SIP-442845,2026/09/21 06:55:08,2026-09-21 13:57:08,Urgencia por digestivo,93,167/103,ALTA_INGRESO_PLANTA
EP-2026-01893,SIP-994230,2026/09/06 12:09:35,,Urgencia por cardiovascular,91,121/73,traslado_uci
EP-2026-03074,SIP-639209,2026/08/20 09:47:56,2026/08/20 13:55:56,Urgencia por traumatologia,73,164/82,ingreso_pediatria
EP-2026-00994,SIP-271049,17-09-2026 00:23:56,2026-09-17T09:04:56Z,Urgencia por psiquiatria,54,117/97,observacion
EP-2026-02333,SIP-549291,2026-08-31 13:19:28,31/08/2026 10:10 PM,Urgencia por digestivo,87,98/101,traslado_uci
EP-2026-01881,SIP-791704,,2026/09/06 06:40:12,Urgencia por digestivo,93,96/97,observacion
EP-2026-03255,SIP-164219,18/08/2026 20:21:49,2026-08-19T00:10:49Z,Urgencia por pediatria,ERROR,152/55,ingreso_planta
EP-2026-00770,SIP-921455,21/09/2026 19:31:41,22/09/2026 01:47:41,Urgencia por infeccioso,124,140/83,domicilio
EP-2026-01378,SIP-120818,2026-09-12 01:46:05,2026-09-12 04:10:05,Urgencia por nefrourologia,125,135/85,ingreso_planta
EP-2026-02423,SIP-961086,30-08-2026 07:20:33,30/08/2026 12:46:33,Urgencia por cardiovascular,106,95/99,observacion
EP-2026-02246,SIP-473366,2026-09-01 09:53:48,N/D,Urgencia por traumatologia,74,117/82,INGRESO_PLANTA
EP-2026-00774,SIP-550995,20/09/2026 18:51:51,21/09/2026 04:31 AM,Urgencia por neurologia,84,98/98,ingreso_pediatria
EP-2026-01892,SIP-592833,2026-09-06T12:00:49Z,06/09/2026 17:31:49,Urgencia por digestivo,116,147/94,ALTA_INGRESO_PEDIATRIA
EP-2026-02970,SIP-136927,22-08-2026 11:20:34,22/08/2026 04:26 PM,Urgencia por respiratorio,65,108/60,ALTA_INGRESO_PLANTA
EP-2026-01759,SIP-625235,2026/09/08 19:59:14,2026-09-09T00:39:14Z,Urgencia por psiquiatria,450,155/100,traslado_uci
EP-2026-02642,SIP-170903,27/08/2026 10:27:15,2026-08-27T16:15:15Z,Urgencia por pediatria,54,77/101,traslado_uci
EP-2026-01165,SIP-972154,15/09/2026 17:05:42,15-09-2026 21:29:42,Urgencia por pediatria,83,103/101,traslado_uci
EP-2026-02272,SIP-855531,2026-09-01T21:10:39Z,02/09/2026 00:03:39,Urgencia por infeccioso,125,115/104,domicilio
EP-2026-00531,SIP-762456,24-09-2026 10:55:18,24/09/2026 08:53 PM,Urgencia por digestivo,s/d,NORMAL,ingreso_planta
EP-2026-00478,SIP-303564,2026-09-25 11:07:58,,Urgencia por cardiovascular,78,99/64,traslado_uci
EP-2026-01075,SIP-792081,2026/09/16 06:40:13,2026/09/16 10:07:13,Urgencia por neurologia,59,127/70,observacion
EP-2026-02097,SIP-926425,03/09/2026 02:09 AM,2026/09/03 06:15:10,Urgencia por psiquiatria,65,107/94,domicilio
EP-2026-01917,SIP-912233,06/09/2026 20:05:22,06-09-2026 21:23:22,Urgencia por cardiovascular,73,101/101,domicilio
EP-2026-03077,SIP-330466,20/08/2026 12:03:42,20/08/2026 03:42 PM,Urgencia por cardiovascular,95,126/90,ingreso_pediatria
EP-2026-03018,SIP-463555,21/08/2026 11:57 PM,22/08/2026 02:19:20,Urgencia por infeccioso,109,s/d,traslado_uci
EP-2026-03434,SIP-581870,2026-08-15T16:36:06Z,2026-08-15T12:36:06Z,Urgencia por nefrourologia,83,138/81,domicilio
EP-2026-00487,SIP-617692,,2026-09-24T08:45:17Z,Urgencia por neurologia,55,150/77,domicilio
EP-2026-01582,SIP-124222,2026-09-10 20:40:23,11/09/2026 04:13 AM,Urgencia por respiratorio,62,131_96,traslado_uci
EP-2026-00338,SIP-903356,2026/09/27 03:37:57,2026-09-27 11:28:57,Urgencia por nefrourologia,69,99/97,ingreso_pediatria
EP-2026-00396,SIP-238522,2026/09/26 09:14:09,26/09/2026 09:48:09,Urgencia por pediatria,119,117/65,TRASLADO_UCI
EP-2026-00691,SIP-850648,22/09/2026 10:38:52,2026/09/22 15:11:52,Urgencia por respiratorio,97,105/105,ingreso_planta
EP-2026-03441,SIP-184306,15/08/2026 05:07 PM,16/08/2026 02:44:07,Urgencia por infeccioso,97,142/87,traslado_uci
EP-2026-01568,SIP-216717,2026-09-10T14:38:21Z,10/09/2026 17:29:21,Urgencia por traumatologia,111,116/72,observacion
EP-2026-02396,SIP-890663,30-08-2026 06:45:20,2026-08-30 09:39:20,Urgencia por psiquiatria,80,168/94,ingreso_planta
EP-2026-01737,SIP-777391,2026-09-08T06:37:05Z,2026-09-08T09:14:05Z,Urgencia por traumatologia,87,155/62,FALLECIMIENTO
EP-2026-01537,SIP-231587,11/09/2026 10:05 AM,,Urgencia por psiquiatria,82,140/60,observacion
EP-2026-03411,SIP-632768,2026-08-15T05:16:15Z,15-08-2026 05:57:15,Urgencia por neurologia,74,155/100,ingreso_pediatria
EP-2026-01304,SIP-955505,2026/09/13 02:09:17,2026-09-13T11:37:17Z,Urgencia por psiquiatria,72,102/79,domicilio
EP-2026-03270,SIP-514377,17/08/2026 07:40 AM,17/08/2026 12:38:49,Urgencia por cardiovascular,122,159/58,ingreso_pediatria
EP-2026-00297,SIP-391154,2026-09-27 17:36:58,2026/09/27 23:06:58,Urgencia por nefrourologia,ERROR,114/58,traslado_uci
EP-2026-02121,SIP-797875,03/09/2026 05:35 AM,03/09/2026 08:26 AM,Urgencia por pediatria,73,131/99,Domicilio
EP-2026-00087,SIP-659152,,2026/09/30 18:29:35,Urgencia por traumatologia,95,156/89,traslado_uci
EP-2026-01654,SIP-386970,09/09/2026 01:49 AM,2026-09-09T06:25:55Z,Urgencia por pediatria,92,129/95,observacion
EP-2026-03127,SIP-194819,2026-08-20 22:09:51,N/D,Urgencia por pediatria,95,124/79,observacion
EP-2026-00092,SIP-978203,30/09/2026 14:05:30,30/09/2026 05:34 PM,Urgencia por traumatologia,95,136/71,INGRESO_PEDIATRIA
EP-2026-01678,SIP-522528,09-09-2026 19:49:55,09-09-2026 21:33:55,Urgencia por infeccioso,54,130/80,OBSERVACION
EP-2026-00541,SIP-143118,24-09-2026 06:51:42,24-09-2026 07:38:42,Urgencia por respiratorio,67,123/105,observacion
EP-2026-01508,SIP-724477,2026/09/11 13:01:55,11/09/2026 21:54:55,Urgencia por cardiovascular,84,161/62,observacion
EP-2026-01280,SIP-735270,14-09-2026 18:21:56,14/09/2026 08:58 PM,Urgencia por nefrourologia,62,138/65,ingreso_pediatria
EP-2026-00435,SIP-358930,25/09/2026 12:19:04,2026-09-25T19:50:04Z,Urgencia por digestivo,-15,105/82,Domicilio
EP-2026-02426,SIP-222734,30/08/2026 10:47:49,30/08/2026 16:27:49,Urgencia por traumatologia,113,110/97,ingreso_pediatria
EP-2026-00882,SIP-918974,19-09-2026 00:32:41,2026-09-19T02:14:41Z,Urgencia por respiratorio,89,98/87,domicilio
EP-2026-03007,SIP-406042,22/08/2026 04:49 AM,N/D,Urgencia por psiquiatria,63,110/71,domicilio
EP-2026-02302,SIP-945603,31-08-2026 22:29:16,2026-09-01 01:19:16,Urgencia por cardiovascular,80,134/66,domicilio
EP-2026-03425,SIP-835676,15/08/2026 22:46:54,16-08-2026 03:05:54,Urgencia por cardiovascular,-99,NORMAL,observacion
EP-2026-01643,SIP-719348,2026-09-09 21:30:00,2026-09-09 22:53:00,Urgencia por infeccioso,100,158/65,ingreso_planta
EP-2026-03480,SIP-380763,14-08-2026 11:04:03,2026-08-14T13:48:03Z,Urgencia por neurologia,119,134/95,ingreso_planta
EP-2026-00951,SIP-853589,18/09/2026 11:19 PM,2026-09-18 21:19:02,Urgencia por neurologia,75,107/90,domicilio
EP-2026-02352,SIP-123808,30-08-2026 09:04:50,2026-08-30 11:39:50,Urgencia por neurologia,56,105/87,traslado_uci
EP-2026-01789,SIP-267392,2026-09-07T20:08:13Z,2026-09-07 23:19:13,Urgencia por digestivo,75,165/102,ingreso_planta
EP-2026-01384,SIP-495558,12/09/2026 02:47 PM,2026-09-12 19:13:18,Urgencia por nefrourologia,119,104/84,ingreso_planta
EP-2026-02087,SIP-974044,2026/09/03 15:37:44,03/09/2026 17:51:44,Urgencia por cardiovascular,72,130/103,ingreso_pediatria
EP-2026-00233,SIP-136118,28/09/2026 11:04:54,2026-09-28T20:19:54Z,Urgencia por nefrourologia,-15,153/105,domicilio
EP-2026-02114,SIP-479533,03-09-2026 16:22:29,03/09/2026 22:15:29,Urgencia por digestivo,111,104/77,ingreso_pediatria
EP-2026-01681,SIP-778085,2026-09-09T13:30:09Z,09-09-2026 14:10:09,Urgencia por digestivo,73,125/98,observacion
EP-2026-00182,SIP-274454,2026/09/29 21:54:02,2026-09-29T22:30:02Z,Urgencia por traumatologia,114,159/69,ingreso_planta
EP-2026-01305,SIP-536956,2026-09-13T23:52:47Z,2026-09-14 02:23:47,Urgencia por digestivo,87,103/95,observacion
EP-2026-01663,SIP-787490,2026-09-09T23:46:33Z,2026-09-10T01:03:33Z,Urgencia por infeccioso,85,108/72,alta
EP-2026-02220,SIP-899589,2026/09/01 08:29:33,2026/09/01 16:43:33,Urgencia por traumatologia,86,95/98,ingreso_pediatria
EP-2026-01248,SIP-339786,14/09/2026 09:40 AM,2026-09-14 17:27:05,Urgencia por nefrourologia,67,NORMAL,traslado_uci
EP-2026-02015,SIP-496085,04/09/2026 02:40:44,04-09-2026 04:20:44,Urgencia por respiratorio,73,142/78,ingreso_planta
EP-2026-00979,SIP-682081,2026/09/17 05:35:30,2026-09-17T08:38:30Z,Urgencia por digestivo,109,166/58,ingreso_planta
EP-2026-02584,SIP-543432,2026-08-28 07:03:52,2026-08-28T15:14:52Z,Urgencia por traumatologia,83,103/85,ingreso_planta
EP-2026-01129,SIP-921240,2026-09-15T15:05:54Z,15/09/2026 18:11:54,Urgencia por nefrourologia,106,118/64,observacion
EP-2026-00748,SIP-527126,,21/09/2026 12:19:33,Urgencia por traumatologia,100,137/103,ingreso_planta
EP-2026-03174,SIP-671608,19/08/2026 07:43 PM,N/D,Urgencia por respiratorio,117,128_70,domicilio
EP-2026-00625,SIP-495845,2026/09/23 07:56:44,23/09/2026 04:20 PM,Urgencia por neurologia,87,139/67,ingreso_pediatria
EP-2026-03107,SIP-134272,20/08/2026 06:40:31,20/08/2026 14:29:31,Urgencia por infeccioso,106,100/83,ingreso_planta
EP-2026-02732,SIP-810123,2026-08-26 17:27:41,2026-08-26T23:54:41Z,Urgencia por infeccioso,109,128/76,observacion
EP-2026-01670,SIP-713491,09/09/2026 03:23 AM,09/09/2026 06:30:24,Urgencia por infeccioso,93,123/65,traslado_uci
EP-2026-03042,SIP-415577,21/08/2026 16:39:54,2026/08/21 19:49:54,Urgencia por neurologia,118,101/62,domicilio
EP-2026-02912,SIP-894616,23/08/2026 04:13 PM,2026/08/24 01:58:04,Urgencia por nefrourologia,125,115/67,traslado_uci
EP-2026-02414,SIP-448641,2026-08-30 00:25:02,,Urgencia por pediatria,94,139/60,traslado_uci
EP-2026-02746,SIP-343555,2026-08-26T15:48:36Z,26/08/2026 08:42 PM,Urgencia por digestivo,70,100/92,alta
EP-2026-03486,SIP-339445,14-08-2026 14:21:34,15/08/2026 00:06:34,Urgencia por traumatologia,102,137/91,observacion
EP-2026-01855,SIP-591151,07/09/2026 11:26:24,07-09-2026 21:00:24,Urgencia por digestivo,86,165/88,traslado_uci
EP-2026-03228,SIP-641402,18-08-2026 13:36:12,2026-08-18T15:51:12Z,Urgencia por psiquiatria,62,126/73,ingreso_pediatria
EP-2026-00536,SIP-487272,24/09/2026 20:22:33,2026/09/25 00:37:33,Urgencia por digestivo,108,160/62,ingreso_planta
EP-2026-01007,SIP-154607,2026-09-17T12:01:11Z,NULL,Urgencia por digestivo,67,118/61,ingreso_planta
EP-2026-03357,SIP-993473,2026-08-16T22:39:06Z,17/08/2026 06:25:06,Urgencia por neurologia,94,133/99,ingreso_planta
EP-2026-00969,SIP-983622,2026-09-18 06:32:05,NULL,Urgencia por neurologia,78,142/93,ingreso_planta
EP-2026-00779,SIP-303293,20/09/2026 04:29 PM,21-09-2026 01:31:02,Urgencia por nefrourologia,85,146/81,observacion
EP-2026-02478,SIP-327607,29-08-2026 17:47:07,2026-08-29T21:52:07Z,Urgencia por pediatria,59,108_104,ingreso_planta
EP-2026-00966,SIP-824199,18/09/2026 01:54 AM,2026-09-18T09:10:42Z,Urgencia por traumatologia,67,165/70,traslado_uci
EP-2026-00276,SIP-196120,2026-09-28T14:11:48Z,2026/09/28 17:16:48,Urgencia por respiratorio,58,124/92,observacion
EP-2026-00267,SIP-115001,2026/09/28 04:25:27,28-09-2026 08:43:27,Urgencia por digestivo,59,100/86,ingreso_planta
EP-2026-02258,SIP-563106,01-09-2026 10:23:22,2026-09-01 18:57:22,Urgencia por cardiovascular,74,150/65,ingreso_planta
EP-2026-01604,SIP-648762,10-09-2026 02:12:25,10-09-2026 08:39:25,Urgencia por digestivo,106,118/90,domicilio
EP-2026-01636,SIP-521770,2026/09/09 23:13:01,2026/09/10 05:26:01,Urgencia por digestivo,90,140 81,domicilio
EP-2026-01422,SIP-685232,2026/09/12 22:30:21,12-09-2026 23:30:21,Urgencia por digestivo,125,143/76,ingreso_planta
EP-2026-00454,SIP-550903,2026-09-25 22:06:12,25/09/2026 23:04:12,Urgencia por pediatria,80,165/92,traslado_uci
EP-2026-01112,SIP-764018,2026/09/16 00:37:53,16-09-2026 10:03:53,Urgencia por respiratorio,70,97/63,domicilio
EP-2026-03344,SIP-835161,N/D,NULL,Urgencia por traumatologia,73,155/56,traslado_uci
EP-2026-02443,SIP-574994,2026-08-29T14:13:23Z,2026/08/29 16:46:23,Urgencia por traumatologia,109,101/73,ingreso_pediatria
EP-2026-00786,SIP-464690,2026/09/20 08:38:00,2026-09-20T18:30:00Z,Urgencia por cardiovascular,109,127/86,domicilio
EP-2026-01638,SIP-508021,2026-09-09 22:41:17,2026/09/09 19:41:17,Urgencia por psiquiatria,122,137/95,domicilio
EP-2026-00548,SIP-313109,2026-09-24 21:20:43,2026-09-25T01:08:43Z,Urgencia por cardiovascular,86,159/63,ingreso_pediatria
EP-2026-03453,SIP-146381,2026/08/15 16:02:47,15/08/2026 16:40:47,Urgencia por pediatria,999,154/83,domicilio
EP-2026-02737,SIP-478174,26/08/2026 06:52 AM,26-08-2026 12:49:03,Urgencia por infeccioso,102,141/56,ingreso_planta
EP-2026-01745,SIP-761152,NULL,08/09/2026 22:43:14,Urgencia por traumatologia,105,96/62,observacion
EP-2026-02290,SIP-347770,31-08-2026 15:30:33,2026/08/31 18:59:33,Urgencia por nefrourologia,69,164/72,domicilio
EP-2026-01694,SIP-147277,09-09-2026 20:10:32,09/09/2026 21:19:32,Urgencia por pediatria,71,128/73,ingreso_pediatria
EP-2026-00437,SIP-613364,25-09-2026 10:17:15,2026-09-25T11:10:15Z,Urgencia por cardiovascular,54,159/105,observacion
EP-2026-02683,SIP-375390,26-08-2026 07:11:30,2026/08/26 12:40:30,Urgencia por respiratorio,101,140-73,observacion
EP-2026-00210,SIP-666564,28/09/2026 07:30 AM,2026-09-28 12:56:54,Urgencia por respiratorio,110,158/77,domicilio
EP-2026-02939,SIP-706109,2026/08/22 19:58:20,23-08-2026 00:20:20,Urgencia por pediatria,0,161/96,traslado_uci
EP-2026-00161,SIP-551581,2026-09-29 08:48:23,2026-09-29T05:48:23Z,Urgencia por nefrourologia,52,125/59,observacion
EP-2026-00180,SIP-691228,29/09/2026 12:54 PM,29-09-2026 17:28:33,Urgencia por nefrourologia,104,160/103,null
EP-2026-03019,SIP-162050,21/08/2026 01:21:11,,Urgencia por cardiovascular,125,102/99,domicilio
EP-2026-00711,SIP-226818,21/09/2026 08:33:18,2026-09-21 15:59:18,Urgencia por traumatologia,87,125/101,traslado_uci
EP-2026-00467,SIP-858253,25/09/2026 05:54 PM,2026/09/26 00:07:08,Urgencia por pediatria,119,143/74,ingreso_pediatria
EP-2026-03385,SIP-566678,16-08-2026 16:45:29,2026/08/16 17:18:29,Urgencia por neurologia,86,99 65,traslado_uci
EP-2026-00090,SIP-613272,30/09/2026 11:28:35,2026/09/30 17:30:35,Urgencia por digestivo,95,95/86,ingreso_planta
EP-2026-01762,SIP-566114,2026/09/08 21:32:12,2026-09-08 23:49:12,Urgencia por cardiovascular,101,165/79,ingreso_planta
EP-2026-00178,SIP-417839,2026-09-29 16:59:28,29/09/2026 20:15:28,Urgencia por pediatria,s/d,150/93,domicilio
EP-2026-02861,SIP-544041,2026-08-24T23:14:59Z,25-08-2026 07:32:59,Urgencia por infeccioso,68,99-77,ingreso_planta
EP-2026-02495,SIP-102440,NULL,29/08/2026 10:57 PM,Urgencia por psiquiatria,115,163_91,domicilio
EP-2026-02210,SIP-753952,01/09/2026 06:41 AM,01/09/2026 11:46:22,Urgencia por traumatologia,58,149/83,observacion
EP-2026-03112,SIP-493520,2026-08-20 21:58:18,2026/08/20 22:57:18,Urgencia por traumatologia,83,95/64,ingreso_pediatria
EP-2026-03355,SIP-500382,16-08-2026 16:54:02,16/08/2026 20:41:02,Urgencia por cardiovascular,ERROR,169/76,ingreso_pediatria
EP-2026-01504,SIP-299402,2026/09/11 08:26:35,11-09-2026 15:03:35,Urgencia por neurologia,102,105/65,Domicilio
EP-2026-02025,SIP-634655,04/09/2026 11:43 AM,04/09/2026 17:41:20,Urgencia por respiratorio,61,170/56,traslado_uci
EP-2026-01986,SIP-289200,05-09-2026 21:08:49,06/09/2026 05:11:49,Urgencia por neurologia,53,118/62,traslado_uci
EP-2026-03338,SIP-853996,17/08/2026 06:20 PM,18/08/2026 02:54 AM,Urgencia por digestivo,94,146/64,traslado_uci
EP-2026-02131,SIP-815914,02-09-2026 20:28:12,NULL,Urgencia por pediatria,64,129/86,null
EP-2026-00332,SIP-989973,2026-09-27 14:37:08,27/09/2026 03:54 PM,Urgencia por digestivo,-15,161/100,ingreso_pediatria
EP-2026-00249,SIP-170218,28/09/2026 07:02 PM,2026/09/28 22:46:56,Urgencia por cardiovascular,105,97/66,
EP-2026-02187,SIP-197894,02-09-2026 22:26:17,03/09/2026 03:02:17,Urgencia por psiquiatria,84,113/62,domicilio
EP-2026-01229,SIP-291429,2026-09-14T09:07:20Z,,Urgencia por infeccioso,92,164/64,ingreso_pediatria
EP-2026-01014,SIP-535787,2026-09-17 05:09:31,2026-09-17T14:28:31Z,Urgencia por infeccioso,93,163/100,ingreso_pediatria
EP-2026-02068,SIP-993078,03/09/2026 13:09:07,03-09-2026 18:15:07,Urgencia por respiratorio,s/d,111/105,alta
EP-2026-02881,SIP-868991,23/08/2026 16:19:09,2026-08-23 22:53:09,Urgencia por nefrourologia,81,102/59,observacion
EP-2026-00649,SIP-991889,2026/09/22 20:51:38,2026-09-23T03:32:38Z,Urgencia por traumatologia,110,165/59,domicilio
EP-2026-00631,SIP-612721,,2026-09-23T21:26:48Z,Urgencia por pediatria,70,144/58,ingreso_planta
EP-2026-01515,SIP-458016,2026/09/11 09:32:45,11/09/2026 18:46:45,Urgencia por psiquiatria,74,125/61,ingreso_pediatria
EP-2026-01386,SIP-670806,12/09/2026 18:04:28,13-09-2026 01:50:28,Urgencia por infeccioso,79,116/103,domicilio
EP-2026-01975,SIP-772757,05-09-2026 10:53:51,05-09-2026 14:26:51,Urgencia por nefrourologia,75,115/103,ingreso_pediatria
EP-2026-01243,SIP-653159,2026-09-14 03:42:57,2026-09-14 04:29:57,Urgencia por respiratorio,91,121/98,traslado_uci
EP-2026-01538,SIP-177697,11-09-2026 06:04:54,11/09/2026 15:35:54,Urgencia por nefrourologia,60,118/65,ingreso_planta
EP-2026-01214,SIP-869643,2026-09-14 17:05:15,2026-09-14 21:11:15,Urgencia por pediatria,53,101/71,traslado_uci
EP-2026-02141,SIP-662656,2026/09/02 15:25:51,02-09-2026 17:33:51,Urgencia por cardiovascular,-15,122/93,ingreso_planta
EP-2026-01701,SIP-393926,09/09/2026 12:27 AM,2026-09-09 10:09:26,Urgencia por psiquiatria,121,124/72,TRASLADO_UCI
EP-2026-03086,SIP-923101,2026-08-20T10:27:00Z,2026-08-20 18:58:00,Urgencia por neurologia,s/d,103/80,ingreso_pediatria
EP-2026-01754,SIP-714142,2026-09-08T06:47:55Z,2026/09/08 10:00:55,Urgencia por traumatologia,73,138/105,domicilio
EP-2026-00798,SIP-593772,2026-09-20T00:03:00Z,20/09/2026 04:05:00,Urgencia por neurologia,999,s/d,ingreso_pediatria
EP-2026-03284,SIP-409238,2026-08-17T10:40:29Z,,Urgencia por traumatologia,119,96-76,domicilio
EP-2026-00406,SIP-445221,25/09/2026 11:31 AM,25/09/2026 04:52 PM,Urgencia por nefrourologia,91,161/96,ingreso_pediatria
EP-2026-02510,SIP-196326,2026-08-28T11:53:28Z,2026/08/28 13:39:28,Urgencia por nefrourologia,54,113/65,observacion
EP-2026-01222,SIP-783852,NULL,14/09/2026 03:49 PM,Urgencia por digestivo,91,134/77,ingreso_planta
EP-2026-03154,SIP-797241,2026-08-19T00:50:35Z,19/08/2026 08:21 AM,Urgencia por psiquiatria,118,PENDIENTE,ingreso_pediatria
EP-2026-01682,SIP-555120,2026-09-09T00:31:50Z,09-09-2026 05:04:50,Urgencia por neurologia,61,103/93,domicilio
EP-2026-00775,SIP-313977,20-09-2026 18:44:59,2026-09-21T02:11:59Z,Urgencia por nefrourologia,98,139/63,ingreso_pediatria
EP-2026-01488,SIP-231527,2026-09-11T00:26:51Z,11/09/2026 10:14 AM,Urgencia por infeccioso,98,152/76,ingreso_planta
EP-2026-02189,SIP-274597,2026-09-02 13:42:25,2026-09-02 21:57:25,Urgencia por nefrourologia,103,110/105,domicilio
EP-2026-00211,SIP-694115,28/09/2026 03:18:53,28-09-2026 12:50:53,Urgencia por neurologia,88,117/101,ingreso_planta
EP-2026-03159,SIP-608818,19/08/2026 07:12 AM,2026-08-19T16:10:40Z,Urgencia por digestivo,89,PENDIENTE,ingreso_pediatria
EP-2026-00233,SIP-136118,28/09/2026 11:04:54,2026-09-28T20:19:54Z,Urgencia por nefrourologia,-15,153/105,domicilio
EP-2026-00175,SIP-982935,29-09-2026 13:10:55,2026/09/29 16:14:55,Urgencia por infeccioso,54,NORMAL,domicilio
EP-2026-02440,SIP-248473,2026/08/29 20:38:32,29/08/2026 10:19 PM,Urgencia por cardiovascular,83,104/58,ingreso_pediatria
EP-2026-02557,SIP-846296,28/08/2026 02:00 PM,2026-08-28T16:57:31Z,Urgencia por psiquiatria,81,135/83,domicilio
EP-2026-01644,SIP-829616,2026/09/09 14:39:06,2026-09-09 19:27:06,Urgencia por psiquiatria,-99,127/55,traslado_uci
EP-2026-00694,SIP-789026,2026-09-22T00:16:14Z,2026-09-22T01:22:14Z,Urgencia por pediatria,85,109/86,traslado_uci
EP-2026-00142,SIP-235071,2026-09-29T20:11:20Z,29/09/2026 09:08 PM,Urgencia por infeccioso,69,100/92,traslado_uci
EP-2026-01708,SIP-784610,2026-09-08 17:25:33,09/09/2026 02:39:33,Urgencia por traumatologia,116,132/93,DOMICILIO
EP-2026-02729,SIP-994633,26/08/2026 05:46:19,2026-08-26 06:58:19,Urgencia por nefrourologia,66,156/85,ingreso_pediatria
EP-2026-02953,SIP-419977,2026/08/22 21:56:14,23-08-2026 03:06:14,Urgencia por traumatologia,114,99/91,domicilio
EP-2026-01891,SIP-655810,06/09/2026 01:04 AM,2026-09-06T03:05:57Z,Urgencia por infeccioso,55,132/72,ALTA_OBSERVACION
EP-2026-01784,SIP-637394,07-09-2026 03:59:23,07/09/2026 01:01 PM,Urgencia por digestivo,107,126/58,ingreso_pediatria
EP-2026-00385,SIP-418572,26/09/2026 18:16:43,27/09/2026 12:06 AM,Urgencia por nefrourologia,999,164/100,ingreso_pediatria
EP-2026-03345,SIP-430367,2026/08/16 10:09:10,2026-08-16T17:13:10Z,Urgencia por pediatria,109,126/73,observacion
EP-2026-01545,SIP-727278,10/09/2026 09:08 PM,11-09-2026 00:30:20,Urgencia por respiratorio,118,121/55,ingreso_pediatria
EP-2026-03377,SIP-546009,16-08-2026 19:21:25,2026-08-17 01:53:25,Urgencia por traumatologia,116,167/90,domicilio
EP-2026-03426,SIP-637468,2026-08-15T22:46:24Z,2026-08-15 23:50:24,Urgencia por infeccioso,64,144/61,alta
EP-2026-00678,SIP-471702,22-09-2026 05:01:34,2026-09-22 14:47:34,Urgencia por cardiovascular,89,107/80,domicilio
EP-2026-01346,SIP-247039,13/09/2026 15:29:59,13-09-2026 19:26:59,Urgencia por psiquiatria,58,127/100,traslado_uci
EP-2026-02570,SIP-753994,2026-08-28T04:24:08Z,28-08-2026 09:16:08,Urgencia por psiquiatria,119,163/64,ingreso_pediatria
EP-2026-02316,SIP-843642,31-08-2026 03:01:34,2026-08-31T12:20:34Z,Urgencia por neurologia,110,129/77,domicilio
EP-2026-02050,SIP-295234,04/09/2026 11:07 PM,05/09/2026 03:26 AM,Urgencia por infeccioso,112,117/81,traslado_uci
EP-2026-01257,SIP-665567,14/09/2026 04:14 AM,14-09-2026 11:20:43,Urgencia por infeccioso,57,s/d,traslado_uci
EP-2026-01369,SIP-208480,12/09/2026 06:15:09,2026-09-12T12:22:09Z,Urgencia por neurologia,94,105/74,traslado_uci
EP-2026-00802,SIP-459949,20/09/2026 23:01:57,21/09/2026 08:36 AM,Urgencia por digestivo,59,148/56,observacion
EP-2026-00933,SIP-954439,18/09/2026 08:17 PM,19/09/2026 02:53 AM,Urgencia por traumatologia,450,166/78,ALTA_TRASLADO_UCI
EP-2026-02536,SIP-752046,28-08-2026 06:46:24,28/08/2026 04:35 PM,Urgencia por respiratorio,68,143/61,domicilio
EP-2026-02529,SIP-487398,2026-08-28 15:58:43,2026-08-28T22:24:43Z,Urgencia por pediatria,ERROR,155/74,ALTA_DOMICILIO
EP-2026-01770,SIP-192726,07/09/2026 08:01 AM,2026-09-07T13:31:42Z,Urgencia por digestivo,79,PENDIENTE,domicilio
EP-2026-02385,SIP-480389,30/08/2026 06:52 PM,NULL,Urgencia por psiquiatria,79,149/61,ingreso_pediatria
EP-2026-01044,SIP-567537,2026-09-17T23:20:49Z,18-09-2026 07:03:49,Urgencia por infeccioso,107,149/59,traslado_uci
EP-2026-01454,SIP-793629,NULL,2026-09-13T02:01:39Z,Urgencia por nefrourologia,92,154/57,ingreso_planta
EP-2026-00959,SIP-372352,18-09-2026 15:36:38,2026-09-19 00:12:38,Urgencia por respiratorio,119,145/95,observacion
EP-2026-00349,SIP-672444,2026-09-27 04:44:39,2026-09-27 08:30:39,Urgencia por digestivo,87,111/105,observacion
EP-2026-02203,SIP-817844,2026-09-02T16:41:11Z,2026-09-03T01:31:11Z,Urgencia por digestivo,104,106/75,ingreso_planta
EP-2026-01176,SIP-676084,2026-09-15T13:26:12Z,2026-09-15 19:42:12,Urgencia por cardiovascular,89,150/91,traslado_uci
EP-2026-00389,SIP-522566,26/09/2026 10:04 AM,2026/09/26 11:51:33,Urgencia por respiratorio,113,166/67,FALLECIMIENTO
EP-2026-02403,SIP-727534,30/08/2026 12:38 PM,30/08/2026 13:33:16,Urgencia por traumatologia,106,103/56,observacion
EP-2026-00266,SIP-773297,2026-09-28T17:13:25Z,28-09-2026 22:43:25,Urgencia por pediatria,86,164/73,ingreso_pediatria
EP-2026-00494,SIP-517144,2026-09-24 11:47:32,2026-09-24 16:13:32,Urgencia por neurologia,125,141/66,observacion
EP-2026-01932,SIP-161597,06/09/2026 07:48 PM,07/09/2026 12:07 AM,Urgencia por respiratorio,97,110/70,domicilio
EP-2026-00459,SIP-253657,25/09/2026 14:38:54,25/09/2026 09:30 PM,Urgencia por traumatologia,111,103/100,traslado_uci
EP-2026-01669,SIP-624143,09-09-2026 17:08:46,2026/09/09 23:12:46,Urgencia por pediatria,85,123/90,ingreso_planta
EP-2026-00718,SIP-302731,21/09/2026 12:34:16,21-09-2026 15:53:16,Urgencia por psiquiatria,103,97/63,ingreso_pediatria
EP-2026-00462,SIP-611619,2026/09/25 23:33:34,2026/09/26 06:30:34,Urgencia por pediatria,112,169/68,None
EP-2026-00928,SIP-649485,2026/09/18 10:10:21,18/09/2026 17:29:21,Urgencia por traumatologia,98,112/102,ingreso_pediatria
EP-2026-00416,SIP-610128,25/09/2026 09:49 PM,26/09/2026 07:46 AM,Urgencia por neurologia,104,120/103,traslado_uci
EP-2026-01947,SIP-295845,05-09-2026 08:27:36,05/09/2026 17:08:36,Urgencia por digestivo,111,113/63,domicilio
EP-2026-02447,SIP-505927,29/08/2026 15:59:44,2026-08-29 19:37:44,Urgencia por psiquiatria,97,170/93,traslado_uci
EP-2026-03073,SIP-816312,20/08/2026 07:08:36,20-08-2026 15:47:36,Urgencia por neurologia,-99,143/78,FALLECIMIENTO
EP-2026-00931,SIP-418249,2026-09-18 13:43:04,18-09-2026 15:03:04,Urgencia por neurologia,66,62/121,ingreso_pediatria
EP-2026-02763,SIP-315987,2026-08-25T21:52:19Z,2026-08-26 00:31:19,Urgencia por nefrourologia,121,106/81,ingreso_pediatria
EP-2026-01791,SIP-497441,2026-09-07 16:22:31,2026/09/07 20:29:31,Urgencia por nefrourologia,95,95/90,ingreso_planta
EP-2026-00789,SIP-249063,2026-09-20T05:25:22Z,20/09/2026 08:01 AM,Urgencia por pediatria,54,154/99,domicilio
EP-2026-02919,SIP-487214,23/08/2026 12:07:09,23/08/2026 04:54 PM,Urgencia por traumatologia,76,141/82,ingreso_planta
EP-2026-02945,SIP-397497,2026/08/22 21:56:59,2026-08-23 04:38:59,Urgencia por respiratorio,90,133/95,traslado_uci
EP-2026-00436,SIP-974776,25/09/2026 12:17 AM,25/09/2026 05:16:50,Urgencia por psiquiatria,68,145/104,traslado_uci
EP-2026-00108,SIP-868587,2026/09/30 21:54:53,2026-10-01T04:52:53Z,Urgencia por digestivo,109,139/62,traslado_uci
EP-2026-03054,SIP-343813,21-08-2026 07:35:33,2026/08/21 15:22:33,Urgencia por respiratorio,81,68/135,ingreso_pediatria
EP-2026-01326,SIP-906669,2026-09-13 06:39:55,N/D,Urgencia por psiquiatria,80,133/81,ingreso_pediatria
EP-2026-00028,SIP-121592,2026-10-01 16:53:07,02/10/2026 00:36:07,Urgencia por traumatologia,96,107/58,ingreso_pediatria
EP-2026-00363,SIP-797292,2026-09-26T07:34:33Z,26-09-2026 12:50:33,Urgencia por neurologia,87,139/91,traslado_uci
EP-2026-00230,SIP-521839,28/09/2026 13:51:03,2026-09-28 19:26:03,Urgencia por psiquiatria,112,142/105,ingreso_pediatria
EP-2026-01684,SIP-473814,2026-09-09 13:38:36,09/09/2026 23:11:36,Urgencia por respiratorio,ERROR,120/70,ingreso_pediatria
EP-2026-02248,SIP-135687,2026-09-01T12:01:24Z,NULL,Urgencia por traumatologia,71,129/96,ingreso_planta
EP-2026-02112,SIP-755963,03/09/2026 01:58:44,2026-09-03 11:43:44,Urgencia por traumatologia,0,109/58,traslado_uci
EP-2026-02084,SIP-354892,03/09/2026 01:14 PM,03-09-2026 22:02:31,Urgencia por neurologia,107,154/82,domicilio
EP-2026-01764,SIP-926300,,2026/09/08 08:41:48,Urgencia por infeccioso,109,142_61,domicilio
EP-2026-03029,SIP-953076,21-08-2026 09:11:16,,Urgencia por nefrourologia,97,155/76,ingreso_planta
EP-2026-01213,SIP-175761,14/09/2026 23:20:45,15/09/2026 09:15 AM,Urgencia por digestivo,56,102/55,ingreso_planta
EP-2026-01593,SIP-469170,10/09/2026 01:54 AM,2026-09-10T02:32:51Z,Urgencia por digestivo,120,156/65,ingreso_planta
EP-2026-02830,SIP-170231,2026/08/24 16:35:01,2026-08-24 22:41:01,Urgencia por respiratorio,98,112/84,FALLECIMIENTO
EP-2026-00832,SIP-899370,2026-09-20 07:01:42,2026/09/20 10:10:42,Urgencia por nefrourologia,53,126/88,ingreso_planta
EP-2026-00056,SIP-497186,2026/10/01 18:49:07,NULL,Urgencia por infeccioso,103,110/86,traslado_uci
EP-2026-00442,SIP-301147,2026-09-25 17:29:02,2026/09/26 02:43:02,Urgencia por pediatria,122,140/59,ingreso_planta
EP-2026-03438,SIP-163420,15/08/2026 09:01:25,NULL,Urgencia por digestivo,107,135/67,ingreso_pediatria
EP-2026-03023,SIP-895470,21/08/2026 10:05 PM,2026-08-22T03:12:43Z,Urgencia por neurologia,112,112/86,observacion
EP-2026-00334,SIP-257796,2026/09/27 16:52:07,2026-09-27 23:36:07,Urgencia por neurologia,85,150/70,domicilio
EP-2026-02284,SIP-781918,2026-09-01 04:50:43,01/09/2026 10:10 AM,Urgencia por cardiovascular,84,114/103,ingreso_planta
EP-2026-03465,SIP-389941,15-08-2026 23:21:05,2026/08/16 06:14:05,Urgencia por digestivo,107,161/88,traslado_uci
EP-2026-03386,SIP-677759,2026/08/16 11:02:20,16/08/2026 08:02:20,Urgencia por pediatria,66,150/66,ingreso_pediatria
EP-2026-00515,SIP-605608,2026-09-24T16:43:56Z,2026-09-24T21:52:56Z,Urgencia por traumatologia,103,120/87,traslado_uci
EP-2026-01314,SIP-437510,2026-09-13T08:03:55Z,,Urgencia por infeccioso,71,154/71,ingreso_pediatria
EP-2026-02435,SIP-617123,2026-08-30 00:06:55,30/08/2026 09:10:55,Urgencia por nefrourologia,54,158/57,observacion
EP-2026-02560,SIP-543765,2026-08-28T22:38:29Z,29/08/2026 03:15 AM,Urgencia por neurologia,115,145/57,ingreso_pediatria
EP-2026-00958,SIP-425614,18/09/2026 19:55:36,19/09/2026 04:00 AM,Urgencia por psiquiatria,77,164/78,observacion
EP-2026-03379,SIP-111473,16/08/2026 07:50 AM,16-08-2026 17:12:57,Urgencia por respiratorio,118,117/64,ingreso_planta
EP-2026-00870,SIP-867351,19/09/2026 03:05:53,2026-09-19T06:36:53Z,Urgencia por pediatria,112,125/99,domicilio
EP-2026-00692,SIP-684780,22-09-2026 03:59:45,22/09/2026 01:59:45,Urgencia por infeccioso,69,138/73,ingreso_planta
EP-2026-02563,SIP-838393,2026/08/28 04:23:01,28/08/2026 05:43:01,Urgencia por nefrourologia,72,102/71,domicilio
EP-2026-00543,SIP-611915,2026-09-24T07:56:40Z,2026-09-24 12:57:40,Urgencia por infeccioso,-99,116/93,observacion
EP-2026-00024,SIP-418493,01-10-2026 21:39:03,2026/10/02 01:12:03,Urgencia por digestivo,s/d,117/100,domicilio
EP-2026-00544,SIP-773509,24/09/2026 01:31:33,24/09/2026 09:58 AM,Urgencia por psiquiatria,86,104/101,ingreso_planta
EP-2026-00875,SIP-309732,19/09/2026 01:21 PM,2026/09/19 17:45:50,Urgencia por pediatria,66,97/81,FALLECIMIENTO
EP-2026-00485,SIP-682408,2026/09/24 18:21:36,2026-09-24 23:48:36,Urgencia por nefrourologia,70,101/98,traslado_uci
EP-2026-02799,SIP-133044,,2026-08-25 14:49:27,Urgencia por psiquiatria,119,105/72,ingreso_pediatria
EP-2026-00589,SIP-693425,N/D,24/09/2026 12:52 AM,Urgencia por cardiovascular,67,164/76,ingreso_pediatria
EP-2026-00129,SIP-586668,30/09/2026 11:58 PM,,Urgencia por respiratorio,86,139/85,ingreso_pediatria
EP-2026-02724,SIP-453788,26/08/2026 09:54:55,2026/08/26 15:00:55,Urgencia por cardiovascular,103,108/91,ingreso_pediatria
EP-2026-01897,SIP-209524,06/09/2026 17:13:31,2026-09-07T00:26:31Z,Urgencia por nefrourologia,69,151/70,ingreso_pediatria
EP-2026-01802,SIP-821668,N/D,08/09/2026 02:47 AM,Urgencia por pediatria,112,,traslado_uci
EP-2026-00038,SIP-378808,,,Urgencia por cardiovascular,99,146/103,domicilio
EP-2026-00534,SIP-415091,24/09/2026 23:55:07,2026/09/25 00:25:07,Urgencia por respiratorio,55,137/73,ingreso_pediatria
EP-2026-02304,SIP-960612,31/08/2026 05:50 PM,2026-09-01T03:32:49Z,Urgencia por respiratorio,61,100/77,ingreso_planta
EP-2026-00889,SIP-537356,19/09/2026 06:29 AM,N/D,Urgencia por digestivo,0,112/56,ingreso_pediatria
EP-2026-02990,SIP-182888,22-08-2026 04:11:07,2026-08-22 09:36:07,Urgencia por pediatria,81,117/101,traslado_uci
EP-2026-01837,SIP-540779,2026/09/07 03:17:00,2026-09-07T08:25:00Z,Urgencia por nefrourologia,68,145/77,observacion
EP-2026-01108,SIP-732937,16/09/2026 13:47:00,16/09/2026 22:26:00,Urgencia por psiquiatria,122,170/63,Domicilio
EP-2026-02130,SIP-186428,,2026-09-02 16:18:47,Urgencia por traumatologia,104,167/102,ingreso_pediatria
EP-2026-01332,SIP-636768,13/09/2026 10:56 AM,,Urgencia por infeccioso,110,168/56,ingreso_pediatria
EP-2026-02056,SIP-433726,2026-09-03 04:45:18,2026/09/03 13:09:18,Urgencia por infeccioso,74,164/89,traslado_uci
EP-2026-02519,SIP-903355,2026/08/28 23:42:36,2026-08-29 08:15:36,Urgencia por respiratorio,105,159/90,ingreso_pediatria
EP-2026-01565,SIP-358302,10/09/2026 22:30:14,2026/09/11 08:22:14,Urgencia por respiratorio,125,102/60,domicilio
EP-2026-03043,SIP-370291,2026-08-21 11:41:15,2026/08/21 18:19:15,Urgencia por digestivo,105,NORMAL,ingreso_pediatria
EP-2026-02709,SIP-543839,26/08/2026 22:36:53,27-08-2026 00:32:53,Urgencia por neurologia,55,106/95,observacion
EP-2026-00810,SIP-318577,20/09/2026 12:33 AM,2026-09-20T05:21:57Z,Urgencia por digestivo,109,97/91,ingreso_planta
EP-2026-00078,SIP-113695,,30-09-2026 11:43:22,Urgencia por pediatria,73,111/74,traslado_uci
EP-2026-03342,SIP-580605,2026-08-16T08:27:25Z,16/08/2026 15:35:25,Urgencia por cardiovascular,102,132 58,None
EP-2026-01327,SIP-367427,13/09/2026 17:33:13,2026-09-13T19:18:13Z,Urgencia por pediatria,58,169/103,observacion
EP-2026-01433,SIP-852332,12-09-2026 02:49:40,NULL,Urgencia por neurologia,57,139/61,traslado_uci
EP-2026-02323,SIP-683429,31/08/2026 19:09:18,01-09-2026 01:07:18,Urgencia por psiquiatria,62,168/105,ingreso_planta
EP-2026-00937,SIP-631726,2026-09-18 00:34:00,2026-09-18 02:41:00,Urgencia por traumatologia,68,102/151,ingreso_pediatria
EP-2026-00600,SIP-154722,23-09-2026 02:32:27,23/09/2026 09:38 AM,Urgencia por infeccioso,106,169/70,traslado_uci
EP-2026-00935,SIP-931017,18/09/2026 07:49 AM,2026-09-18T09:07:40Z,Urgencia por respiratorio,119,121/104,ALTA_INGRESO_PEDIATRIA
EP-2026-02866,SIP-598284,2026-08-24T14:15:18Z,24/08/2026 16:57:18,Urgencia por infeccioso,125,166/98,ingreso_planta
EP-2026-01233,SIP-754254,2026-09-14 00:14:45,2026-09-14 05:01:45,Urgencia por neurologia,62,151/60,ingreso_planta
EP-2026-00432,SIP-612322,2026-09-25T10:11:45Z,2026-09-25 18:38:45,Urgencia por cardiovascular,65,s/d,observacion
EP-2026-01178,SIP-185694,15/09/2026 02:51 AM,15/09/2026 05:41 AM,Urgencia por traumatologia,0,133/100,observacion
EP-2026-01201,SIP-897986,15/09/2026 14:57:58,15-09-2026 22:41:58,Urgencia por pediatria,64,161/63,ingreso_pediatria
EP-2026-01199,SIP-346294,2026-09-15T11:50:27Z,15/09/2026 16:53:27,Urgencia por digestivo,108,125/87,traslado_uci
EP-2026-01002,SIP-485883,2026-09-17 14:45:59,17-09-2026 22:56:59,Urgencia por nefrourologia,96,129/98,traslado_uci
EP-2026-03277,SIP-688582,2026-08-17 06:21:13,2026/08/17 09:47:13,Urgencia por pediatria,55,129/72,ingreso_planta
EP-2026-02625,SIP-224944,,2026-08-27 11:44:18,Urgencia por pediatria,87,103/94,observacion
EP-2026-02350,SIP-813121,30-08-2026 15:31:23,30-08-2026 20:23:23,Urgencia por nefrourologia,56,122/85,None
EP-2026-00156,SIP-432056,2026-09-29 17:16:03,29-09-2026 20:21:03,Urgencia por infeccioso,108,121/74,observacion
EP-2026-03354,SIP-658267,16/08/2026 03:19 AM,16-08-2026 06:40:51,Urgencia por traumatologia,80,118/96,ingreso_planta
EP-2026-00636,SIP-154213,2026-09-23 13:51:18,2026-09-23T22:06:18Z,Urgencia por digestivo,106,121/98,domicilio
EP-2026-01794,SIP-517120,07-09-2026 12:53:55,2026/09/07 21:55:55,Urgencia por nefrourologia,119,95/89,traslado_uci
EP-2026-02994,SIP-511085,2026-08-22T08:11:09Z,22/08/2026 12:11:09,Urgencia por digestivo,106,169/65,ingreso_planta
EP-2026-00920,SIP-396041,2026/09/18 00:12:14,18-09-2026 09:54:14,Urgencia por nefrourologia,111,157/76,traslado_uci
EP-2026-01277,SIP-711773,2026/09/14 20:14:16,,Urgencia por digestivo,123,129/73,observacion
EP-2026-02837,SIP-644920,2026/08/24 20:53:35,2026-08-25T06:21:35Z,Urgencia por respiratorio,63,125/76,traslado_uci
EP-2026-03442,SIP-507224,2026-08-15 07:11:56,2026/08/15 09:44:56,Urgencia por infeccioso,86,PENDIENTE,alta
EP-2026-03470,SIP-664183,2026/08/15 04:57:02,2026-08-15 12:15:02,Urgencia por infeccioso,450,151/56,ingreso_pediatria
EP-2026-03049,SIP-616178,21-08-2026 02:23:17,21/08/2026 08:39 AM,Urgencia por nefrourologia,73,142/60,traslado_uci
EP-2026-03448,SIP-467960,2026-08-15 10:30:07,NULL,Urgencia por infeccioso,88,130/69,domicilio
EP-2026-03067,SIP-803752,2026/08/21 06:07:17,2026-08-21T14:45:17Z,Urgencia por digestivo,75,165/89,ingreso_planta
EP-2026-00811,SIP-749870,2026/09/20 10:07:33,20-09-2026 15:42:33,Urgencia por psiquiatria,52,129/79,observacion
EP-2026-03170,SIP-777012,19/08/2026 03:33:29,19/08/2026 12:25 PM,Urgencia por cardiovascular,116,115/98,observacion
EP-2026-01398,SIP-414736,12/09/2026 04:24 PM,12/09/2026 07:03 PM,Urgencia por traumatologia,87,139/103,traslado_uci
EP-2026-00203,SIP-218135,2026/09/28 13:06:36,2026-09-28 16:47:36,Urgencia por pediatria,65,148/79,observacion
EP-2026-02528,SIP-251551,2026-08-28 17:58:50,,Urgencia por digestivo,111,108/100,ingreso_pediatria
EP-2026-00127,SIP-772229,NULL,,Urgencia por traumatologia,86,110/67,domicilio
EP-2026-02250,SIP-800279,2026-09-01 16:36:25,01/09/2026 07:49 PM,Urgencia por psiquiatria,999,169/73,ingreso_pediatria
EP-2026-00005,SIP-974302,01-10-2026 12:38:04,01-10-2026 19:09:04,Urgencia por cardiovascular,90,152/75,ingreso_pediatria
EP-2026-00655,SIP-782077,2026-09-22T03:37:45Z,22/09/2026 07:02 AM,Urgencia por pediatria,111,103/67,observacion
EP-2026-02818,SIP-776651,25-08-2026 00:43:45,2026-08-25T06:44:45Z,Urgencia por respiratorio,104,115/90,ingreso_pediatria
EP-2026-03137,SIP-574174,2026/08/20 03:41:28,N/D,Urgencia por infeccioso,107,155/60,observacion
EP-2026-01874,SIP-722110,2026/09/06 09:19:15,06-09-2026 13:38:15,Urgencia por digestivo,67,130/97,ingreso_pediatria
EP-2026-01493,SIP-114903,NULL,,Urgencia por infeccioso,56,132/55,ingreso_pediatria
EP-2026-00255,SIP-253041,NULL,2026/09/28 18:09:53,Urgencia por psiquiatria,52,124/70,ingreso_planta
EP-2026-02704,SIP-584159,26/08/2026 09:35 AM,26-08-2026 18:11:36,Urgencia por nefrourologia,106,159/64,domicilio
EP-2026-00164,SIP-225021,N/D,29-09-2026 22:54:51,Urgencia por infeccioso,114,139/103,observacion
EP-2026-00671,SIP-733138,2026-09-22T07:34:21Z,2026/09/22 12:59:21,Urgencia por digestivo,111,145/75,ingreso_planta
EP-2026-02542,SIP-526432,2026-08-28T16:31:36Z,28-08-2026 18:25:36,Urgencia por traumatologia,108,163/66,ingreso_planta
EP-2026-03264,SIP-598650,17/08/2026 12:24 AM,2026-08-17 03:22:50,Urgencia por psiquiatria,111,163/58,domicilio
EP-2026-02980,SIP-931140,2026-08-22 08:17:49,22/08/2026 02:11 PM,Urgencia por traumatologia,115,129/70,ingreso_planta
EP-2026-00990,SIP-513675,2026/09/17 06:48:49,17-09-2026 07:33:49,Urgencia por psiquiatria,109,96/102,ingreso_pediatria
EP-2026-02383,SIP-306590,2026-08-30T17:48:22Z,2026/08/31 00:47:22,Urgencia por nefrourologia,120,134/100,observacion
EP-2026-02042,SIP-196652,2026/09/04 02:03:47,04/09/2026 11:52 AM,Urgencia por nefrourologia,120,118/99,null
EP-2026-02181,SIP-287068,02/09/2026 10:42:13,2026-09-02T16:29:13Z,Urgencia por pediatria,115,143/98,observacion
EP-2026-01736,SIP-348165,2026-09-08 00:12:32,08/09/2026 07:55 AM,Urgencia por traumatologia,72,110/102,traslado_uci
EP-2026-00506,SIP-338011,24-09-2026 05:52:55,2026/09/24 10:21:55,Urgencia por infeccioso,60,121/100,observacion
EP-2026-00105,SIP-591345,30-09-2026 13:22:40,2026-09-30T20:00:40Z,Urgencia por infeccioso,71,164/75,ingreso_planta
EP-2026-01271,SIP-184712,2026-09-14 23:49:21,2026-09-15 08:46:21,Urgencia por traumatologia,69,98/58,ingreso_planta
EP-2026-00465,SIP-307282,2026/09/25 17:48:51,2026/09/25 18:20:51,Urgencia por infeccioso,108,122/77,traslado_uci
EP-2026-02082,SIP-321080,03/09/2026 01:28 PM,2026-09-03 21:47:40,Urgencia por nefrourologia,101,143/94,ingreso_pediatria
EP-2026-01387,SIP-523082,2026-09-12T07:52:52Z,2026-09-12T12:26:52Z,Urgencia por psiquiatria,103,99/76,observacion
EP-2026-00834,SIP-895183,20-09-2026 20:58:44,2026-09-21 00:12:44,Urgencia por nefrourologia,111,120/99,ingreso_pediatria
EP-2026-02177,SIP-278928,02-09-2026 14:11:00,02/09/2026 10:12 PM,Urgencia por neurologia,62,,ingreso_planta
EP-2026-00387,SIP-498844,2026-09-26T01:12:39Z,2026-09-26 10:11:39,Urgencia por cardiovascular,76,145/66,observacion
EP-2026-03459,SIP-589940,N/D,2026-08-15 23:20:34,Urgencia por psiquiatria,69,142/99,observacion
EP-2026-03300,SIP-149088,2026-08-17 02:56:37,2026-08-17T03:54:37Z,Urgencia por respiratorio,55,159/76,domicilio
EP-2026-01658,SIP-418948,09-09-2026 06:52:59,09/09/2026 04:35 PM,Urgencia por traumatologia,120,162/99,traslado_uci
EP-2026-01130,SIP-683069,2026-09-15T18:38:27Z,16-09-2026 03:49:27,Urgencia por digestivo,55,95/77,traslado_uci
EP-2026-01358,SIP-918801,2026/09/13 11:15:59,,Urgencia por digestivo,106,170/93,ingreso_pediatria
EP-2026-02847,SIP-584941,24-08-2026 08:30:47,24/08/2026 10:22:47,Urgencia por cardiovascular,111,143/99,observacion
EP-2026-00827,SIP-113027,N/D,20-09-2026 17:15:30,Urgencia por neurologia,105,142/61,observacion
EP-2026-01045,SIP-752067,2026-09-17T11:51:19Z,2026-09-17 16:43:19,Urgencia por infeccioso,53,143/58,traslado_uci
EP-2026-01952,SIP-812324,2026/09/05 05:44:11,,Urgencia por psiquiatria,104,163/72,traslado_uci
EP-2026-02880,SIP-600534,23/08/2026 04:34 PM,23-08-2026 17:08:23,Urgencia por traumatologia,84,131/90,observacion
EP-2026-00553,SIP-713675,2026-09-24 02:25:27,24/09/2026 04:23:27,Urgencia por psiquiatria,64,145/74,ingreso_pediatria
EP-2026-00156,SIP-432056,2026-09-29 17:16:03,29-09-2026 20:21:03,Urgencia por infeccioso,108,121/74,observacion
EP-2026-01910,SIP-400330,2026-09-06 09:07:58,06/09/2026 11:38:58,Urgencia por infeccioso,119,164/68,domicilio
EP-2026-02792,SIP-315372,25/08/2026 10:56:45,NULL,Urgencia por neurologia,70,134/100,observacion
EP-2026-03474,SIP-703926,2026/08/15 18:11:03,16/08/2026 12:49 AM,Urgencia por digestivo,124,106/58,observacion
EP-2026-02089,SIP-112344,2026-09-03T02:06:37Z,,Urgencia por traumatologia,92,143/90,traslado_uci
EP-2026-01237,SIP-646517,2026/09/14 07:47:59,14/09/2026 16:18:59,Urgencia por traumatologia,52,128/87,ingreso_pediatria
EP-2026-03152,SIP-222904,19/08/2026 06:04 PM,2026-08-19T22:53:28Z,Urgencia por neurologia,ERROR,159/56,Domicilio
EP-2026-00117,SIP-140423,2026-09-30T12:15:19Z,30/09/2026 16:57:19,Urgencia por digestivo,61,s/d,ingreso_pediatria
EP-2026-01967,SIP-914342,05/09/2026 14:21:17,2026/09/05 19:32:17,Urgencia por psiquiatria,119,154/81,ingreso_pediatria
EP-2026-02767,SIP-357261,25/08/2026 06:51:09,,Urgencia por traumatologia,107,126/64,observacion
EP-2026-02102,SIP-946199,03/09/2026 20:08:11,2026/09/04 03:15:11,Urgencia por infeccioso,55,128/86,ingreso_planta
EP-2026-02452,SIP-390021,29/08/2026 01:22 AM,N/D,Urgencia por pediatria,123,143/79,domicilio
EP-2026-02245,SIP-669457,01-09-2026 13:35:46,2026/09/01 18:27:46,Urgencia por neurologia,57,108/100,traslado_uci
EP-2026-02975,SIP-759146,2026-08-22T11:40:18Z,22/08/2026 01:08 PM,Urgencia por psiquiatria,114,139/96,traslado_uci
EP-2026-03433,SIP-384818,15/08/2026 10:32 PM,16/08/2026 00:16:02,Urgencia por digestivo,80,145/95,ingreso_planta
EP-2026-00039,SIP-850916,01/10/2026 01:33:47,N/D,Urgencia por pediatria,-15,170/61,domicilio
EP-2026-01279,SIP-761162,14/09/2026 10:50 AM,14-09-2026 15:45:11,Urgencia por infeccioso,100,131/73,ingreso_pediatria
EP-2026-01890,SIP-149975,2026/09/06 06:53:48,06-09-2026 09:04:48,Urgencia por nefrourologia,110,146/72,ingreso_planta
EP-2026-02613,SIP-209704,27-08-2026 23:29:59,2026/08/28 07:25:59,Urgencia por cardiovascular,90,140/95,domicilio
EP-2026-03020,SIP-669976,21-08-2026 10:22:33,21/08/2026 12:40:33,Urgencia por respiratorio,122,154/103,ingreso_pediatria
EP-2026-00013,SIP-585498,2026/10/01 08:00:58,01-10-2026 14:26:58,Urgencia por neurologia,79,114/83,ingreso_planta
EP-2026-03327,SIP-598790,17-08-2026 18:10:33,2026/08/17 20:07:33,Urgencia por psiquiatria,57,125/55,traslado_uci
EP-2026-02483,SIP-783383,2026/08/29 01:17:45,29/08/2026 06:11:45,Urgencia por neurologia,999,165/80,traslado_uci
EP-2026-01434,SIP-896701,2026-09-12 23:31:25,13-09-2026 07:16:25,Urgencia por respiratorio,72,112/92,ingreso_pediatria
EP-2026-01316,SIP-605521,13/09/2026 05:17:08,13-09-2026 14:08:08,Urgencia por nefrourologia,63,167/76,observacion
EP-2026-02824,SIP-583643,25-08-2026 08:27:06,25/08/2026 11:34 AM,Urgencia por pediatria,73,98/95,ingreso_pediatria
EP-2026-00214,SIP-905017,2026-09-28T06:24:59Z,28-09-2026 10:06:59,Urgencia por psiquiatria,123,119/94,domicilio
EP-2026-00123,SIP-609378,30/09/2026 12:18:41,2026-09-30 20:15:41,Urgencia por infeccioso,86,156_72,ALTA_TRASLADO_UCI
EP-2026-03309,SIP-689757,17-08-2026 22:44:21,2026-08-18 01:44:21,Urgencia por pediatria,60,167/55,traslado_uci
EP-2026-00318,SIP-803431,2026/09/27 20:20:49,2026/09/27 23:47:49,Urgencia por digestivo,-99,129/80,domicilio
EP-2026-03141,SIP-658009,2026-08-20T03:08:39Z,20/08/2026 10:53:39,Urgencia por traumatologia,116,131/80,traslado_uci
EP-2026-01655,SIP-128348,09-09-2026 09:17:07,2026/09/09 13:37:07,Urgencia por digestivo,s/d,150/61,domicilio
EP-2026-03162,SIP-171239,19/08/2026 08:35 AM,19/08/2026 02:06 PM,Urgencia por traumatologia,87,112/91,ingreso_pediatria
EP-2026-03269,SIP-825028,17/08/2026 02:49 PM,18-08-2026 00:27:37,Urgencia por cardiovascular,108,154/75,traslado_uci
EP-2026-02041,SIP-108966,2026-09-04 02:55:26,04/09/2026 08:03 AM,Urgencia por cardiovascular,89,155/98,ingreso_planta
EP-2026-00237,SIP-545188,28-09-2026 16:54:07,28/09/2026 23:59:07,Urgencia por nefrourologia,78,128/87,domicilio
EP-2026-03365,SIP-284002,16/08/2026 04:41:50,2026-08-16T13:27:50Z,Urgencia por infeccioso,83,146/100,domicilio
EP-2026-02695,SIP-230238,26/08/2026 15:45:21,26-08-2026 17:31:21,Urgencia por pediatria,93,114/71,Domicilio
EP-2026-02004,SIP-183722,04/09/2026 23:12:49,2026/09/05 06:07:49,Urgencia por nefrourologia,122,113/92,domicilio
EP-2026-03168,SIP-795830,19/08/2026 06:18 AM,19/08/2026 11:37 AM,Urgencia por psiquiatria,114,127/104,ingreso_planta
EP-2026-00894,SIP-201159,19/09/2026 17:20:07,2026-09-20 03:15:07,Urgencia por traumatologia,79,157/79,FALLECIMIENTO
EP-2026-03053,SIP-640694,21/08/2026 04:53 AM,21/08/2026 08:25:41,Urgencia por neurologia,125,137/93,null
EP-2026-02611,SIP-304212,27-08-2026 22:23:56,2026-08-27T23:57:56Z,Urgencia por traumatologia,55,99/60,observacion
EP-2026-02839,SIP-121898,24/08/2026 08:54:38,24-08-2026 18:44:38,Urgencia por traumatologia,63,111/105,observacion
EP-2026-03292,SIP-758211,17-08-2026 14:12:55,2026-08-17T18:17:55Z,Urgencia por pediatria,108,118/89,traslado_uci
EP-2026-00862,SIP-355071,19/09/2026 06:27 AM,19/09/2026 11:41 AM,Urgencia por cardiovascular,99,161/64,ALTA_DOMICILIO
EP-2026-00409,SIP-940242,25/09/2026 13:38:19,2026/09/25 16:50:19,Urgencia por traumatologia,90,168/93,ingreso_pediatria
EP-2026-00809,SIP-979760,2026-09-20T16:19:40Z,2026-09-20 23:47:40,Urgencia por pediatria,102,133/79,observacion
EP-2026-02758,SIP-560356,26/08/2026 11:39 PM,2026-08-27T05:57:13Z,Urgencia por respiratorio,65,164/66,ingreso_pediatria
EP-2026-02464,SIP-887757,29-08-2026 15:04:45,29-08-2026 21:05:45,Urgencia por nefrourologia,ERROR,134/101,ingreso_pediatria
EP-2026-03105,SIP-132296,2026-08-20T15:12:50Z,20/08/2026 16:36:50,Urgencia por psiquiatria,-15,139/89,ingreso_pediatria
EP-2026-01107,SIP-287365,,2026-09-17T02:11:14Z,Urgencia por pediatria,72,134/64,observacion
EP-2026-03028,SIP-512827,21-08-2026 03:37:12,21/08/2026 08:37 AM,Urgencia por infeccioso,125,115/89,ingreso_planta
EP-2026-00477,SIP-839264,,26/09/2026 03:30 AM,Urgencia por traumatologia,104,167/86,ingreso_planta
EP-2026-00408,SIP-283284,2026-09-25 09:41:32,2026/09/25 16:29:32,Urgencia por cardiovascular,118,97/67,traslado_uci
EP-2026-00749,SIP-123017,21-09-2026 11:40:44,21/09/2026 15:23:44,Urgencia por psiquiatria,92,159/81,Domicilio
EP-2026-00936,SIP-715612,18-09-2026 10:53:56,18/09/2026 03:01 PM,Urgencia por nefrourologia,120,110/72,INGRESO_PEDIATRIA
EP-2026-02253,SIP-904561,2026-09-01T21:47:05Z,2026/09/01 23:19:05,Urgencia por digestivo,90,,domicilio
EP-2026-00485,SIP-682408,2026/09/24 18:21:36,2026-09-24 23:48:36,Urgencia por nefrourologia,70,101/98,traslado_uci
EP-2026-02653,SIP-780447,27-08-2026 05:42:14,2026/08/27 13:20:14,Urgencia por respiratorio,77,156/58,traslado_uci
EP-2026-02515,SIP-873969,28-08-2026 18:26:25,,Urgencia por digestivo,68,125/103,ingreso_pediatria
EP-2026-01556,SIP-573482,2026-09-10 04:29:58,10/09/2026 11:03:58,Urgencia por psiquiatria,ERROR,153/95,domicilio
EP-2026-01876,SIP-826891,2026-09-06 03:34:17,2026-09-06T12:27:17Z,Urgencia por psiquiatria,111,95/85,ingreso_pediatria
EP-2026-01749,SIP-115552,2026-09-08T20:07:06Z,2026-09-08T17:07:06Z,Urgencia por nefrourologia,98,107/67,observacion
EP-2026-01703,SIP-961247,09/09/2026 01:13 PM,2026/09/09 16:35:35,Urgencia por traumatologia,74,161/74,observacion
EP-2026-00097,SIP-970493,30/09/2026 08:46 AM,2026/09/30 11:55:25,Urgencia por neurologia,112,161/70,ingreso_pediatria
EP-2026-01823,SIP-649271,07-09-2026 00:07:09,2026/09/07 08:00:09,Urgencia por infeccioso,86,110/83,observacion
EP-2026-02275,SIP-786257,01-09-2026 04:02:48,01-09-2026 06:03:48,Urgencia por nefrourologia,82,144/97,domicilio
EP-2026-00643,SIP-825092,2026-09-23 21:07:07,24/09/2026 12:14 AM,Urgencia por pediatria,-99,125/103,ingreso_pediatria
EP-2026-02226,SIP-626943,2026-09-01 17:27:21,2026-09-01 22:13:21,Urgencia por traumatologia,55,164/97,ingreso_planta
EP-2026-01400,SIP-485646,2026/09/12 03:07:20,12-09-2026 11:11:20,Urgencia por digestivo,125,102_90,observacion
EP-2026-01116,SIP-155788,16-09-2026 05:32:46,2026-09-16T11:16:46Z,Urgencia por traumatologia,106,98/100,ingreso_pediatria
EP-2026-00884,SIP-303051,2026-09-19T14:10:39Z,19/09/2026 23:28:39,Urgencia por pediatria,113,156/74,observacion
EP-2026-02358,SIP-624939,30-08-2026 11:51:13,2026-08-30T15:37:13Z,Urgencia por pediatria,111,153/101,domicilio
EP-2026-02135,SIP-204056,02-09-2026 07:36:16,2026-09-02T15:33:16Z,Urgencia por digestivo,122,131/61,ingreso_planta
EP-2026-02389,SIP-752471,2026-08-30T12:15:28Z,2026-08-30 21:08:28,Urgencia por cardiovascular,84,126/72,ingreso_pediatria
EP-2026-02075,SIP-280646,2026-09-03 07:27:27,03/09/2026 10:19:27,Urgencia por respiratorio,113,151/85,ingreso_planta
EP-2026-02249,SIP-460163,01-09-2026 14:06:24,01/09/2026 15:09:24,Urgencia por traumatologia,92,143/94,ingreso_planta
EP-2026-01215,SIP-355181,14/09/2026 18:37:03,14/09/2026 07:49 PM,Urgencia por infeccioso,111,135/69,observacion
EP-2026-00486,SIP-631295,24-09-2026 11:47:27,24/09/2026 19:35:27,Urgencia por respiratorio,95,PENDIENTE,ingreso_pediatria
EP-2026-03373,SIP-141900,2026-08-16 15:08:35,16/08/2026 19:22:35,Urgencia por respiratorio,125,133/66,ingreso_pediatria
EP-2026-01705,SIP-573599,2026-09-08T08:49:01Z,2026/09/08 11:39:01,Urgencia por cardiovascular,101,126/74,observacion
EP-2026-00945,SIP-271072,18/09/2026 07:03 AM,18/09/2026 08:10 AM,Urgencia por respiratorio,119,170/86,ALTA_INGRESO_PEDIATRIA
EP-2026-00147,SIP-722873,2026-09-29 16:47:39,2026-09-29 23:25:39,Urgencia por neurologia,73,97/73,observacion
EP-2026-01991,SIP-611560,05/09/2026 05:55 AM,05-09-2026 13:00:36,Urgencia por infeccioso,111,88/167,observacion
EP-2026-03476,SIP-668391,14/08/2026 09:25 PM,15/08/2026 01:32:28,Urgencia por respiratorio,96,127/91,traslado_uci
EP-2026-02588,SIP-137804,2026/08/28 19:11:58,28/08/2026 21:04:58,Urgencia por respiratorio,103,119/92,ingreso_pediatria
EP-2026-02243,SIP-499054,01-09-2026 09:38:04,NULL,Urgencia por infeccioso,-15,133/76,observacion
EP-2026-00177,SIP-980603,29/09/2026 06:28:04,2026-09-29T08:10:04Z,Urgencia por digestivo,71,104/83,ingreso_pediatria
EP-2026-02120,SIP-134044,2026-09-03T19:06:38Z,03/09/2026 23:08:38,Urgencia por neurologia,80,125/69,traslado_uci
EP-2026-02094,SIP-271370,N/D,03/09/2026 09:11 AM,Urgencia por digestivo,82,150/92,ingreso_pediatria
EP-2026-00096,SIP-374392,2026-09-30T12:49:02Z,30-09-2026 17:43:02,Urgencia por digestivo,114,NORMAL,ingreso_pediatria
EP-2026-02669,SIP-781035,26/08/2026 11:02:42,2026-08-26T15:02:42Z,Urgencia por pediatria,101,170/62,ingreso_pediatria
EP-2026-02486,SIP-267866,2026/08/29 04:46:11,2026-08-29 08:26:11,Urgencia por psiquiatria,116,149/68,ingreso_planta
EP-2026-00228,SIP-140747,28/09/2026 02:41 AM,28/09/2026 08:27:55,Urgencia por cardiovascular,-15,116/96,None
EP-2026-00687,SIP-305855,2026/09/22 17:00:17,23/09/2026 02:32:17,Urgencia por cardiovascular,-15,105/73,domicilio
EP-2026-01957,SIP-398487,05-09-2026 13:14:54,2026-09-05T17:19:54Z,Urgencia por neurologia,59,165/69,domicilio
EP-2026-00846,SIP-885704,19/09/2026 05:35 PM,2026-09-19T19:55:07Z,Urgencia por psiquiatria,124,170/86,ingreso_planta
EP-2026-00900,SIP-489425,18-09-2026 04:33:27,18-09-2026 11:18:27,Urgencia por infeccioso,-15,141/98,traslado_uci
EP-2026-00333,SIP-400612,27/09/2026 14:02:46,2026-09-27 23:28:46,Urgencia por infeccioso,104,101-59,domicilio
EP-2026-02311,SIP-797285,2026-08-31T09:43:06Z,31/08/2026 17:44:06,Urgencia por respiratorio,113,155/88,observacion
EP-2026-00866,SIP-801266,2026/09/19 01:55:01,,Urgencia por digestivo,106,106/74,observacion
EP-2026-00172,SIP-500770,2026-09-29 05:29:42,29-09-2026 14:04:42,Urgencia por psiquiatria,121,151/77,INGRESO_PEDIATRIA
EP-2026-00985,SIP-854171,17-09-2026 16:34:13,17-09-2026 22:21:13,Urgencia por digestivo,65,97/81,traslado_uci
EP-2026-02522,SIP-262834,2026/08/28 09:44:00,N/D,Urgencia por cardiovascular,85,121/94,traslado_uci
EP-2026-01689,SIP-384854,2026-09-09T14:24:31Z,2026/09/09 17:10:31,Urgencia por nefrourologia,56,145/74,observacion
EP-2026-02465,SIP-968317,2026/08/29 01:48:35,2026-08-29 10:50:35,Urgencia por neurologia,52,154/100,traslado_uci
EP-2026-00950,SIP-690440,2026-09-18T23:31:56Z,2026-09-19T00:36:56Z,Urgencia por digestivo,96,109-81,traslado_uci
EP-2026-03059,SIP-731486,21/08/2026 12:24 PM,21-08-2026 18:19:38,Urgencia por traumatologia,114,112/68,ingreso_pediatria
EP-2026-00272,SIP-765971,2026-09-28T17:07:49Z,2026-09-28 21:01:49,Urgencia por respiratorio,118,130/66,observacion
EP-2026-03110,SIP-251299,20/08/2026 01:06:32,20-08-2026 02:52:32,Urgencia por psiquiatria,103,169/92,ingreso_planta
EP-2026-00344,SIP-951237,2026-09-27 17:32:36,2026-09-27 23:00:36,Urgencia por neurologia,62,152/62,traslado_uci
EP-2026-01531,SIP-746293,2026-09-11 11:46:25,2026/09/11 14:25:25,Urgencia por nefrourologia,122,151/59,observacion
EP-2026-00916,SIP-530876,2026-09-18 17:20:56,2026-09-18 23:44:56,Urgencia por infeccioso,77,106/93,traslado_uci
EP-2026-00006,SIP-268181,01/10/2026 06:46:20,2026/10/01 13:55:20,Urgencia por digestivo,101,134/66,observacion
EP-2026-00339,SIP-419069,27/09/2026 10:57 AM,2026/09/27 19:13:09,Urgencia por respiratorio,124,158/84,ingreso_planta
EP-2026-00207,SIP-106787,28/09/2026 10:18:19,2026-09-28 14:16:19,Urgencia por pediatria,101,146/59,observacion
EP-2026-02685,SIP-810268,2026/08/26 14:34:47,26/08/2026 04:40 PM,Urgencia por pediatria,102,99/59,None
EP-2026-01997,SIP-724332,05-09-2026 11:53:36,NULL,Urgencia por pediatria,105,158/82,domicilio
EP-2026-03449,SIP-761386,15/08/2026 11:26:06,15-08-2026 14:59:06,Urgencia por respiratorio,119,148/92,ingreso_pediatria
EP-2026-00377,SIP-464105,2026-09-26 08:37:58,26/09/2026 10:29:58,Urgencia por neurologia,57,107/96,ingreso_planta
EP-2026-00769,SIP-493865,2026-09-21 06:16:00,21-09-2026 09:45:00,Urgencia por infeccioso,999,128/59,observacion
EP-2026-01645,SIP-349406,2026-09-09T14:09:06Z,09/09/2026 10:32 PM,Urgencia por neurologia,69,168/70,observacion
EP-2026-02674,SIP-702281,26/08/2026 05:44 PM,2026/08/26 22:33:31,Urgencia por pediatria,122,154/72,traslado_uci
EP-2026-03109,SIP-916040,2026-08-20 04:43:10,2026-08-20 09:01:10,Urgencia por respiratorio,84,164/89,observacion
EP-2026-00200,SIP-662311,2026/09/28 22:51:37,2026-09-29T07:53:37Z,Urgencia por infeccioso,119,142/68,ingreso_planta
EP-2026-02488,SIP-181649,2026-08-29 02:34:02,2026-08-29T09:16:02Z,Urgencia por neurologia,114,114/58,observacion
EP-2026-02834,SIP-989719,,2026/08/25 00:47:55,Urgencia por pediatria,101,151/93,ingreso_planta
EP-2026-02317,SIP-722135,31/08/2026 11:52 PM,2026/09/01 06:28:27,Urgencia por neurologia,113,147/96,domicilio
EP-2026-00138,SIP-195310,29/09/2026 21:36:14,30-09-2026 01:54:14,Urgencia por cardiovascular,79,150/58,ingreso_planta
EP-2026-01482,SIP-558070,2026-09-11 12:23:56,11-09-2026 13:55:56,Urgencia por neurologia,115,170/71,traslado_uci
EP-2026-00725,SIP-420147,21/09/2026 00:09:00,2026-09-21 03:44:00,Urgencia por infeccioso,67,128/69,observacion
EP-2026-00191,SIP-558628,2026-09-28T01:12:14Z,,Urgencia por nefrourologia,108,136/61,ALTA_INGRESO_PLANTA
EP-2026-01613,SIP-353931,2026-09-10 16:40:30,2026/09/10 20:48:30,Urgencia por psiquiatria,61,151/56,
EP-2026-01951,SIP-282937,NULL,2026/09/05 14:36:21,Urgencia por pediatria,109,114/58,domicilio
EP-2026-02650,SIP-535247,2026-08-27 13:20:04,2026-08-27T19:55:04Z,Urgencia por respiratorio,74,141/104,domicilio
EP-2026-01718,SIP-183761,2026-09-08T07:55:54Z,2026-09-08 15:55:54,Urgencia por neurologia,57,s/d,observacion
EP-2026-01081,SIP-243272,16-09-2026 18:09:45,16/09/2026 19:43:45,Urgencia por psiquiatria,53,163/63,ingreso_planta
EP-2026-02032,SIP-118348,04/09/2026 02:25 AM,04-09-2026 04:55:59,Urgencia por neurologia,62,165/66,ingreso_planta
EP-2026-03472,SIP-237197,15-08-2026 00:26:56,2026/08/15 06:16:56,Urgencia por traumatologia,-15,168/71,ingreso_pediatria
EP-2026-00222,SIP-233742,28/09/2026 22:54:02,29-09-2026 05:53:02,Urgencia por psiquiatria,0,117/100,ingreso_pediatria
EP-2026-00965,SIP-204794,2026-09-18T01:04:30Z,18/09/2026 09:50 AM,Urgencia por traumatologia,59,158/99,domicilio
EP-2026-02340,SIP-453145,31/08/2026 10:20 PM,2026-09-01 07:06:49,Urgencia por neurologia,57,135/64,domicilio
EP-2026-00606,SIP-309901,2026-09-23 17:03:18,2026/09/24 01:12:18,Urgencia por respiratorio,114,123/83,ingreso_planta
EP-2026-00070,SIP-233838,30/09/2026 04:50:33,2026/09/30 08:08:33,Urgencia por neurologia,93,105/91,domicilio
EP-2026-01087,SIP-251564,16-09-2026 14:38:06,2026/09/16 23:28:06,Urgencia por nefrourologia,84,121/80,traslado_uci
EP-2026-01476,SIP-795718,2026/09/11 11:29:04,11-09-2026 13:09:04,Urgencia por pediatria,111,138/61,ingreso_planta
EP-2026-00060,SIP-961891,30/09/2026 14:07:04,2026/09/30 17:41:04,Urgencia por nefrourologia,82,140/102,domicilio
EP-2026-00844,SIP-536629,2026-09-20 13:01:58,2026-09-20 22:48:58,Urgencia por cardiovascular,76,117/57,ingreso_pediatria
EP-2026-02914,SIP-721785,23/08/2026 18:36:17,23/08/2026 21:58:17,Urgencia por infeccioso,91,151/57,ingreso_pediatria
EP-2026-01462,SIP-514312,11-09-2026 02:24:06,2026-09-11 06:57:06,Urgencia por nefrourologia,62,NORMAL,
EP-2026-02835,SIP-795594,2026-08-24 20:59:00,2026-08-24T22:41:00Z,Urgencia por neurologia,89,113/104,domicilio
EP-2026-00635,SIP-889155,2026-09-23 07:57:06,23-09-2026 10:40:06,Urgencia por cardiovascular,90,152/76,traslado_uci
EP-2026-00245,SIP-915034,28-09-2026 01:58:16,28/09/2026 07:17 AM,Urgencia por traumatologia,103,130/68,observacion
EP-2026-02024,SIP-774176,2026-09-04T10:02:01Z,04/09/2026 17:20:01,Urgencia por psiquiatria,77,167/70,ingreso_pediatria
EP-2026-00048,SIP-628294,01/10/2026 21:34:44,N/D,Urgencia por neurologia,59,158/90,domicilio
EP-2026-00279,SIP-290967,28/09/2026 08:23 AM,2026-09-28 12:38:28,Urgencia por cardiovascular,121,110/84,ingreso_planta
EP-2026-01735,SIP-386040,08/09/2026 02:44 PM,2026-09-08T17:34:45Z,Urgencia por neurologia,52,99/82,traslado_uci
EP-2026-02530,SIP-126716,28/08/2026 12:02 PM,2026-08-28 21:21:05,Urgencia por pediatria,87,114/75,ingreso_pediatria
EP-2026-02687,SIP-222337,26/08/2026 00:39:06,26/08/2026 07:46:06,Urgencia por pediatria,124,165/57,domicilio
EP-2026-02843,SIP-768146,2026-08-24T08:00:54Z,2026-08-24T17:48:54Z,Urgencia por nefrourologia,69,133/69,ingreso_pediatria
EP-2026-01086,SIP-883075,16/09/2026 10:19 PM,2026-09-17T00:33:58Z,Urgencia por infeccioso,113,98/63,ingreso_planta
EP-2026-00778,SIP-148862,2026-09-20 08:01:12,2026-09-20T09:13:12Z,Urgencia por psiquiatria,-15,152/97,ingreso_pediatria
EP-2026-01857,SIP-224485,2026-09-07 04:59:10,07/09/2026 02:59 AM,Urgencia por psiquiatria,89,108/103,traslado_uci
EP-2026-01350,SIP-421620,2026/09/13 23:36:22,14-09-2026 04:02:22,Urgencia por infeccioso,123,153/69,ingreso_planta
EP-2026-03096,SIP-346187,NULL,20-08-2026 09:00:25,Urgencia por pediatria,99,159/96,ingreso_planta
EP-2026-00498,SIP-228941,24/09/2026 06:01:57,,Urgencia por infeccioso,88,125/88,traslado_uci
EP-2026-00714,SIP-994180,21-09-2026 21:58:39,22/09/2026 03:15:39,Urgencia por neurologia,59,96/55,ingreso_pediatria
EP-2026-00083,SIP-744652,2026-09-30T12:24:00Z,2026-09-30 14:36:00,Urgencia por traumatologia,69,153/86,ingreso_planta
EP-2026-00747,SIP-346657,21-09-2026 10:55:18,21-09-2026 20:48:18,Urgencia por pediatria,73,132/69,ingreso_pediatria
EP-2026-02212,SIP-630498,2026-09-01 17:42:20,02-09-2026 01:30:20,Urgencia por respiratorio,123,101/85,ALTA_INGRESO_PEDIATRIA
EP-2026-01873,SIP-426645,2026-09-06 18:47:03,2026-09-07 02:32:03,Urgencia por traumatologia,109,148/97,domicilio
EP-2026-02631,SIP-655155,27/08/2026 20:45:11,,Urgencia por respiratorio,66,144/69,INGRESO_PLANTA
EP-2026-01142,SIP-273584,2026-09-15T12:34:26Z,2026-09-15 19:18:26,Urgencia por pediatria,56,131/105,traslado_uci
EP-2026-01793,SIP-116898,07/09/2026 00:12:02,2026-09-07 06:10:02,Urgencia por digestivo,62,138/88,traslado_uci
EP-2026-01360,SIP-609348,13-09-2026 18:19:16,NULL,Urgencia por respiratorio,56,114/96,observacion
EP-2026-00370,SIP-377493,26/09/2026 09:00 AM,26/09/2026 10:25:41,Urgencia por pediatria,59,80/166,traslado_uci
EP-2026-01602,SIP-690434,10/09/2026 14:54:03,,Urgencia por traumatologia,115,161/79,ingreso_planta
EP-2026-03431,SIP-569393,15/08/2026 05:59 AM,15-08-2026 08:09:08,Urgencia por respiratorio,115,138/62,ingreso_pediatria
EP-2026-00226,SIP-847716,28-09-2026 23:39:33,29/09/2026 03:23 AM,Urgencia por cardiovascular,106,148/60,ingreso_pediatria
EP-2026-03276,SIP-547861,2026-08-17 01:12:25,2026-08-17 03:57:25,Urgencia por infeccioso,91,106/74,ingreso_planta
EP-2026-01652,SIP-713522,09-09-2026 07:31:50,2026-09-09T13:22:50Z,Urgencia por traumatologia,91,116/79,domicilio
EP-2026-01958,SIP-862334,05/09/2026 04:55 PM,2026-09-05 23:12:27,Urgencia por respiratorio,113,162/55,domicilio
EP-2026-01584,SIP-612766,10/09/2026 03:55:44,,Urgencia por psiquiatria,71,107/96,ingreso_planta
EP-2026-00634,SIP-934874,2026-09-23T20:21:59Z,24-09-2026 04:34:59,Urgencia por respiratorio,65,135/89,ingreso_pediatria
EP-2026-00991,SIP-299928,17/09/2026 05:23 AM,N/D,Urgencia por digestivo,108,117/103,FALLECIMIENTO
EP-2026-01307,SIP-447592,13-09-2026 03:46:17,13/09/2026 05:01 AM,Urgencia por neurologia,60,160/92,domicilio
EP-2026-01603,SIP-628483,2026-09-10 05:25:27,10-09-2026 13:46:27,Urgencia por nefrourologia,123,NORMAL,ingreso_pediatria
EP-2026-01218,SIP-502905,14/09/2026 12:50 AM,14/09/2026 03:59 AM,Urgencia por traumatologia,68,153/77,ingreso_pediatria
EP-2026-02797,SIP-904554,2026-08-25 10:32:29,2026-08-25T15:48:29Z,Urgencia por digestivo,65,127/89,domicilio
EP-2026-00250,SIP-579339,28/09/2026 06:34:13,28/09/2026 08:56:13,Urgencia por traumatologia,66,149/92,ingreso_pediatria
EP-2026-01788,SIP-428160,07/09/2026 12:06 AM,,Urgencia por respiratorio,73,99/96,ingreso_pediatria
EP-2026-02749,SIP-965893,2026-08-26 04:43:10,2026-08-26 09:56:10,Urgencia por psiquiatria,83,104/78,traslado_uci
EP-2026-01994,SIP-387586,2026/09/05 15:56:21,05/09/2026 21:35:21,Urgencia por traumatologia,110,NORMAL,traslado_uci
EP-2026-02856,SIP-475367,2026/08/24 11:11:56,24/08/2026 16:20:56,Urgencia por digestivo,95,83/152,traslado_uci
EP-2026-01070,SIP-348556,16/09/2026 16:06:23,16-09-2026 13:06:23,Urgencia por cardiovascular,78,123/94,observacion
EP-2026-01042,SIP-215766,2026-09-17 13:56:52,17/09/2026 17:44:52,Urgencia por cardiovascular,98,111/97,ingreso_planta
EP-2026-00849,SIP-838664,2026-09-19T06:05:31Z,19-09-2026 12:11:31,Urgencia por psiquiatria,86,120/80,observacion
EP-2026-03149,SIP-138896,19/08/2026 05:38:00,2026-08-19 07:25:00,Urgencia por cardiovascular,59,113/65,ingreso_planta
EP-2026-01379,SIP-427304,NULL,2026-09-12 17:42:46,Urgencia por neurologia,117,152/81,domicilio
EP-2026-02809,SIP-191790,2026/08/25 04:44:50,2026-08-25T05:18:50Z,Urgencia por cardiovascular,109,116/92,domicilio
EP-2026-00626,SIP-351109,2026-09-23T13:30:07Z,23-09-2026 21:02:07,Urgencia por pediatria,125,165/72,domicilio
EP-2026-00831,SIP-123952,20/09/2026 09:08 AM,20/09/2026 16:25:24,Urgencia por respiratorio,115,164/93,domicilio
EP-2026-00690,SIP-468734,22/09/2026 07:34:12,22-09-2026 12:47:12,Urgencia por cardiovascular,60,164/82,traslado_uci
EP-2026-00982,SIP-481882,2026-09-17T07:22:20Z,2026-09-17T15:25:20Z,Urgencia por cardiovascular,65,168/63,traslado_uci
EP-2026-02010,SIP-420485,2026/09/04 12:22:12,2026/09/04 12:53:12,Urgencia por respiratorio,109,146/63,observacion
EP-2026-01804,SIP-599307,2026/09/07 10:25:25,2026-09-07 11:04:25,Urgencia por cardiovascular,999,,domicilio
EP-2026-00131,SIP-920712,30-09-2026 09:43:48,30/09/2026 18:26:48,Urgencia por traumatologia,53,109/103,domicilio
EP-2026-01052,SIP-188094,16-09-2026 14:55:58,16/09/2026 20:59:58,Urgencia por neurologia,76,153/70,ingreso_pediatria
EP-2026-02691,SIP-772422,2026/08/26 22:10:16,27/08/2026 03:19:16,Urgencia por pediatria,63,113/103,observacion
EP-2026-00563,SIP-161085,24/09/2026 23:49:31,2026/09/25 07:12:31,Urgencia por cardiovascular,110,122/72,ingreso_pediatria
EP-2026-00238,SIP-676174,2026/09/28 09:19:23,NULL,Urgencia por psiquiatria,108,109/80,traslado_uci
EP-2026-00351,SIP-458027,26/09/2026 07:34 PM,27-09-2026 01:56:26,Urgencia por respiratorio,113,149/97,domicilio
EP-2026-00960,SIP-480552,2026-09-18 12:03:12,2026/09/18 17:17:12,Urgencia por respiratorio,93,138/80,traslado_uci
EP-2026-02058,SIP-389561,03/09/2026 04:47:00,03/09/2026 08:16:00,Urgencia por nefrourologia,71,125/85,ingreso_planta
EP-2026-02770,SIP-539251,25/08/2026 05:31 PM,2026-08-26T01:18:56Z,Urgencia por respiratorio,0,111/69,domicilio
EP-2026-01445,SIP-542897,12/09/2026 21:01:01,13/09/2026 06:08 AM,Urgencia por psiquiatria,74,169/67,ingreso_planta
EP-2026-02901,SIP-249944,2026/08/23 01:12:46,23/08/2026 09:52 AM,Urgencia por nefrourologia,69,148/60,traslado_uci
EP-2026-01031,SIP-121631,17/09/2026 07:44:12,2026/09/17 11:45:12,Urgencia por nefrourologia,111,130/89,observacion
EP-2026-01627,SIP-982657,2026-09-09T10:19:46Z,2026/09/09 17:23:46,Urgencia por respiratorio,98,169/64,domicilio
EP-2026-01225,SIP-612224,14/09/2026 06:49:50,14/09/2026 09:29:50,Urgencia por cardiovascular,77,145/80,ingreso_pediatria
EP-2026-03101,SIP-855410,2026-08-20T21:58:06Z,21-08-2026 06:30:06,Urgencia por pediatria,84,98/64,observacion
EP-2026-00046,SIP-586580,2026-10-01T17:40:38Z,2026-10-02 00:55:38,Urgencia por cardiovascular,73,131/79,observacion
EP-2026-02574,SIP-131783,28/08/2026 08:45 PM,2026-08-29T04:00:06Z,Urgencia por digestivo,68,119/69,traslado_uci
EP-2026-03406,SIP-205339,2026-08-16T18:06:25Z,2026-08-16T20:40:25Z,Urgencia por traumatologia,115,122/68,ingreso_planta
EP-2026-02207,SIP-231573,2026-09-01 13:22:21,2026-09-01T17:57:21Z,Urgencia por neurologia,52,133/87,traslado_uci
EP-2026-03047,SIP-204573,21/08/2026 06:28:54,21/08/2026 07:44 AM,Urgencia por respiratorio,80,123/79,ingreso_pediatria
EP-2026-02793,SIP-282727,2026-08-25T03:22:46Z,25/08/2026 04:47:46,Urgencia por digestivo,116,117/69,observacion
EP-2026-02518,SIP-236992,2026-08-28 10:08:28,N/D,Urgencia por respiratorio,-99,143/56,traslado_uci
EP-2026-00157,SIP-519872,2026-09-29 13:23:53,29-09-2026 14:31:53,Urgencia por pediatria,65,NORMAL,ingreso_pediatria
EP-2026-03181,SIP-398583,19/08/2026 03:05 AM,19/08/2026 09:06 AM,Urgencia por neurologia,85,146/89,domicilio
EP-2026-00816,SIP-730501,2026-09-20 21:20:29,2026-09-21 02:52:29,Urgencia por traumatologia,77,117/70,observacion
EP-2026-00417,SIP-225982,2026-09-25T19:57:39Z,2026-09-26 02:24:39,Urgencia por respiratorio,115,112/59,ingreso_planta
EP-2026-02088,SIP-156895,N/D,2026-09-04 06:52:21,Urgencia por traumatologia,100,130/58,ingreso_planta
EP-2026-01965,SIP-316585,05/09/2026 06:09 PM,2026-09-05 23:56:54,Urgencia por pediatria,56,134/63,ingreso_planta
EP-2026-02192,SIP-173468,02/09/2026 10:50 PM,2026-09-03 05:02:31,Urgencia por respiratorio,99,152/81,domicilio
EP-2026-02761,SIP-263508,2026-08-25 05:06:47,2026-08-25T03:06:47Z,Urgencia por infeccioso,65,119/89,observacion
EP-2026-02242,SIP-947918,01/09/2026 08:37 AM,01-09-2026 17:28:21,Urgencia por pediatria,103,119/81,traslado_uci
EP-2026-02236,SIP-462290,01-09-2026 12:12:52,,Urgencia por neurologia,-15,137/62,ingreso_pediatria
EP-2026-01777,SIP-322440,2026-09-07 09:46:32,2026/09/07 18:45:32,Urgencia por digestivo,90,145/70,traslado_uci
EP-2026-01260,SIP-244729,14-09-2026 07:44:20,14/09/2026 14:00:20,Urgencia por respiratorio,58,95/60,observacion
EP-2026-00688,SIP-269220,2026/09/22 10:04:31,22/09/2026 11:24 AM,Urgencia por psiquiatria,101,156-105,ingreso_pediatria
EP-2026-02320,SIP-874436,2026-08-31T07:29:53Z,2026-08-31 08:31:53,Urgencia por cardiovascular,112,146/90,domicilio
EP-2026-02651,SIP-290102,27-08-2026 16:18:29,27/08/2026 22:58:29,Urgencia por traumatologia,999,101/74,ingreso_pediatria
EP-2026-02381,SIP-201919,30/08/2026 13:07:38,30/08/2026 03:55 PM,Urgencia por neurologia,73,108/90,domicilio
EP-2026-02995,SIP-708967,22/08/2026 07:54:43,2026-08-22T16:08:43Z,Urgencia por psiquiatria,96,116/105,FALLECIMIENTO
EP-2026-02377,SIP-507486,30/08/2026 13:22:25,2026/08/30 13:58:25,Urgencia por psiquiatria,119,149/70,traslado_uci
EP-2026-01846,SIP-998876,07-09-2026 02:09:54,07/09/2026 08:52 AM,Urgencia por digestivo,80,151/93,domicilio
EP-2026-00868,SIP-134930,19/09/2026 03:54:10,19-09-2026 12:15:10,Urgencia por pediatria,96,105/71,ingreso_pediatria
EP-2026-01118,SIP-668173,16/09/2026 05:20:15,16/09/2026 11:45 AM,Urgencia por respiratorio,88,148/89,ingreso_planta
EP-2026-00275,SIP-574252,NULL,,Urgencia por nefrourologia,125,107/89,domicilio
EP-2026-00102,SIP-463248,30/09/2026 13:29:05,30-09-2026 21:04:05,Urgencia por pediatria,78,120/83,traslado_uci
EP-2026-00865,SIP-303816,2026-09-19T09:05:12Z,19/09/2026 04:32 PM,Urgencia por digestivo,55,136/105,domicilio
EP-2026-00002,SIP-481201,01-10-2026 16:47:13,2026/10/02 00:29:13,Urgencia por traumatologia,66,149/87,traslado_uci
EP-2026-03003,SIP-348143,2026-08-22 02:48:49,2026-08-22 04:29:49,Urgencia por traumatologia,115,134/63,observacion
EP-2026-01606,SIP-514122,2026-09-10 13:11:02,2026-09-10T18:49:02Z,Urgencia por psiquiatria,86,163/102,ALTA_DOMICILIO
EP-2026-02700,SIP-156833,26/08/2026 07:32 PM,27/08/2026 02:33 AM,Urgencia por nefrourologia,87,149/67,ingreso_pediatria
EP-2026-02826,SIP-819758,24/08/2026 08:01 PM,24-08-2026 23:28:22,Urgencia por digestivo,85,127/64,ingreso_planta
EP-2026-00762,SIP-485041,2026/09/21 02:32:50,2026-09-21T07:42:50Z,Urgencia por traumatologia,72,147/72,ingreso_planta
EP-2026-01200,SIP-393114,2026-09-15T20:06:40Z,15/09/2026 10:58 PM,Urgencia por pediatria,104,97/94,ingreso_planta
EP-2026-02844,SIP-747271,24/08/2026 10:53 AM,,Urgencia por nefrourologia,96,114/97,ingreso_planta
EP-2026-01811,SIP-519466,07/09/2026 08:06 PM,2026-09-07 16:06:18,Urgencia por respiratorio,107,160_85,observacion
EP-2026-00658,SIP-478234,22/09/2026 01:44 PM,22/09/2026 04:19 PM,Urgencia por respiratorio,122,131/96,traslado_uci
EP-2026-01691,SIP-252001,2026-09-09 20:53:11,10-09-2026 00:44:11,Urgencia por digestivo,90,123/77,ALTA_OBSERVACION
EP-2026-01688,SIP-771633,09/09/2026 18:12:41,10-09-2026 01:20:41,Urgencia por traumatologia,ERROR,108/69,ingreso_pediatria
EP-2026-00073,SIP-617261,2026-09-30T01:44:30Z,30/09/2026 03:45 AM,Urgencia por digestivo,68,149/77,observacion
EP-2026-01911,SIP-877334,2026/09/06 13:42:30,2026/09/06 15:35:30,Urgencia por neurologia,77,149/82,observacion
EP-2026-02163,SIP-128820,02/09/2026 23:47:03,NULL,Urgencia por traumatologia,79,133/95,traslado_uci
EP-2026-01299,SIP-535185,13-09-2026 18:16:41,2026/09/13 21:37:41,Urgencia por pediatria,91,108/72,domicilio
EP-2026-01027,SIP-433490,17/09/2026 02:29:03,17/09/2026 09:40 AM,Urgencia por digestivo,109,127/105,domicilio
EP-2026-01577,SIP-349493,10/09/2026 12:02:52,10/09/2026 16:46:52,Urgencia por cardiovascular,80,148/89,domicilio
EP-2026-00698,SIP-442997,22/09/2026 13:55:45,2026-09-22T16:04:45Z,Urgencia por traumatologia,999,128/94,traslado_uci
EP-2026-01633,SIP-935554,09/09/2026 01:45 AM,2026-09-09 09:47:21,Urgencia por pediatria,54,115/97,observacion
EP-2026-02225,SIP-655781,2026/09/01 04:07:38,2026/09/01 08:14:38,Urgencia por nefrourologia,60,153/100,ingreso_pediatria
EP-2026-00055,SIP-543786,2026/10/01 08:17:24,2026/10/01 10:34:24,Urgencia por digestivo,98,130/101,domicilio
EP-2026-01461,SIP-307197,2026-09-12 02:37:54,12/09/2026 12:04:54,Urgencia por infeccioso,100,156/81,ingreso_planta
EP-2026-00841,SIP-320685,20/09/2026 05:51:23,20-09-2026 09:54:23,Urgencia por neurologia,89,147/99,domicilio
EP-2026-00247,SIP-610630,28/09/2026 02:04 AM,28/09/2026 11:52 AM,Urgencia por pediatria,86,122/67,alta
EP-2026-01204,SIP-331481,N/D,NULL,Urgencia por neurologia,124,156/60,observacion
EP-2026-01481,SIP-869390,11-09-2026 23:09:10,2026/09/12 07:46:10,Urgencia por traumatologia,101,117/103,ingreso_pediatria
EP-2026-01043,SIP-928070,2026-09-17 03:27:23,N/D,Urgencia por psiquiatria,105,125/71,ingreso_pediatria
EP-2026-01483,SIP-619169,11-09-2026 20:53:16,12/09/2026 05:23 AM,Urgencia por traumatologia,67,123/63,ingreso_pediatria
EP-2026-03226,SIP-236845,18/08/2026 12:07 PM,18-08-2026 12:54:17,Urgencia por cardiovascular,81,NORMAL,observacion
EP-2026-02016,SIP-818450,04-09-2026 21:10:21,2026-09-05 05:41:21,Urgencia por neurologia,62,102/87,ingreso_planta
EP-2026-02167,SIP-141783,2026/09/02 05:04:41,2026/09/02 09:33:41,Urgencia por nefrourologia,84,145/91,null
EP-2026-00281,SIP-610747,28/09/2026 18:49:08,28-09-2026 23:57:08,Urgencia por traumatologia,80,103/55,ingreso_planta
EP-2026-00081,SIP-234119,2026-09-30 03:59:04,30/09/2026 08:02 AM,Urgencia por cardiovascular,66,147/84,Domicilio
EP-2026-00771,SIP-682922,2026-09-21T23:03:56Z,2026-09-22 08:37:56,Urgencia por psiquiatria,80,115/55,ingreso_pediatria
EP-2026-00088,SIP-142625,2026-09-30 00:47:03,2026/09/30 07:22:03,Urgencia por digestivo,103,137/89,ingreso_pediatria
EP-2026-03317,SIP-731892,2026-08-17T08:33:32Z,2026/08/17 15:59:32,Urgencia por respiratorio,116,146/75,ingreso_pediatria
EP-2026-02395,SIP-310152,2026/08/30 13:25:08,2026/08/30 21:01:08,Urgencia por neurologia,93,141/69,traslado_uci
EP-2026-01706,SIP-561860,08-09-2026 07:41:06,N/D,Urgencia por psiquiatria,65,119/104,domicilio
EP-2026-01158,SIP-666325,15/09/2026 03:50 PM,2026/09/15 18:50:10,Urgencia por psiquiatria,67,148/66,ingreso_planta
EP-2026-00290,SIP-445271,27/09/2026 01:06:54,2026-09-27T05:35:54Z,Urgencia por nefrourologia,81,164/88,ingreso_pediatria
EP-2026-01187,SIP-851342,15-09-2026 23:44:19,16/09/2026 08:00:19,Urgencia por infeccioso,78,140/94,alta
EP-2026-00433,SIP-192103,NULL,2026-09-25T16:37:13Z,Urgencia por digestivo,111,147/80,traslado_uci
EP-2026-01896,SIP-701766,06-09-2026 09:53:20,,Urgencia por psiquiatria,68,134-68,domicilio
EP-2026-02299,SIP-708266,2026-08-31 08:48:15,2026-08-31T10:32:15Z,Urgencia por psiquiatria,450,107/89,ingreso_planta
EP-2026-01202,SIP-505825,15/09/2026 06:24:09,15/09/2026 07:20:09,Urgencia por traumatologia,90,76/130,observacion
EP-2026-02240,SIP-451663,01/09/2026 17:43:43,2026/09/01 21:27:43,Urgencia por infeccioso,s/d,128/82,observacion
EP-2026-00451,SIP-863150,,2026-09-25T12:54:56Z,Urgencia por pediatria,72,132/73,ingreso_pediatria
EP-2026-01765,SIP-813363,08/09/2026 12:32 PM,08-09-2026 13:52:55,Urgencia por psiquiatria,100,98/63,traslado_uci
EP-2026-02262,SIP-468833,2026/09/01 22:52:06,2026-09-02 00:05:06,Urgencia por pediatria,65,127/81,traslado_uci
EP-2026-02000,SIP-236921,05/09/2026 19:39:01,06-09-2026 05:37:01,Urgencia por psiquiatria,87,107/58,traslado_uci
EP-2026-03424,SIP-993048,15-08-2026 20:07:03,,Urgencia por neurologia,102,149/95,traslado_uci
EP-2026-01516,SIP-686552,2026/09/11 07:49:46,11/09/2026 16:10:46,Urgencia por nefrourologia,75,127/76,traslado_uci
EP-2026-01205,SIP-883094,,2026-09-14 22:30:32,Urgencia por digestivo,60,161/95,ingreso_pediatria
EP-2026-03451,SIP-404132,15-08-2026 02:45:00,15/08/2026 10:04 AM,Urgencia por pediatria,122,120/76,ingreso_planta
EP-2026-01916,SIP-656805,2026/09/06 17:45:53,2026-09-06T21:27:53Z,Urgencia por cardiovascular,106,128/99,domicilio
EP-2026-00647,SIP-747600,2026/09/23 21:36:52,2026-09-23 22:34:52,Urgencia por psiquiatria,109,153/69,ingreso_planta
EP-2026-01065,SIP-286614,16-09-2026 20:39:20,2026-09-17T00:44:20Z,Urgencia por nefrourologia,114,134/68,ingreso_planta
EP-2026-02489,SIP-586815,2026-08-29 01:42:49,29/08/2026 10:48 AM,Urgencia por cardiovascular,-15,142/93,ingreso_planta
EP-2026-00441,SIP-484812,25-09-2026 20:55:28,26-09-2026 04:15:28,Urgencia por nefrourologia,109,96/101,observacion
EP-2026-02221,SIP-684333,01/09/2026 01:43 PM,,Urgencia por pediatria,105,155/102,domicilio
EP-2026-03256,SIP-280918,18-08-2026 16:56:23,2026/08/18 20:06:23,Urgencia por digestivo,74,150/95,observacion
EP-2026-01535,SIP-929908,11/09/2026 11:33 PM,2026/09/12 09:30:10,Urgencia por traumatologia,84,96/58,domicilio
EP-2026-02118,SIP-312401,2026/09/03 23:31:22,2026/09/04 08:32:22,Urgencia por cardiovascular,56,164/96,traslado_uci
EP-2026-00282,SIP-224329,27/09/2026 02:05 AM,NULL,Urgencia por nefrourologia,105,151/80,ingreso_planta
EP-2026-00826,SIP-580570,2026-09-20 16:12:00,20/09/2026 10:33 PM,Urgencia por digestivo,56,121/87,ingreso_planta
EP-2026-02637,SIP-109592,2026-08-27 10:35:21,27/08/2026 07:47 PM,Urgencia por infeccioso,60,110/60,observacion
EP-2026-00059,SIP-645180,30/09/2026 05:49 AM,2026-09-30T11:35:08Z,Urgencia por respiratorio,77,138/91,traslado_uci
EP-2026-01155,SIP-290488,2026/09/15 02:12:58,15/09/2026 09:13 AM,Urgencia por traumatologia,95,130/73,INGRESO_PEDIATRIA
EP-2026-00522,SIP-106801,24/09/2026 05:42 PM,24/09/2026 10:42 PM,Urgencia por psiquiatria,122,99/96,ingreso_planta
EP-2026-01392,SIP-899468,2026-09-12T20:10:02Z,2026/09/13 02:56:02,Urgencia por digestivo,65,102/90,null
EP-2026-00298,SIP-679918,27-09-2026 17:26:36,27/09/2026 08:10 PM,Urgencia por nefrourologia,67,150/59,domicilio
EP-2026-02558,SIP-993278,2026/08/28 15:47:35,29-08-2026 01:22:35,Urgencia por pediatria,62,159/93,observacion
EP-2026-02992,SIP-507632,2026-08-22 02:09:52,2026-08-22 08:13:52,Urgencia por neurologia,59,158/57,OBSERVACION
EP-2026-01766,SIP-786661,08/09/2026 08:15 PM,2026-09-09T01:02:43Z,Urgencia por neurologia,85,166/100,observacion
EP-2026-02335,SIP-893133,31/08/2026 20:31:43,31/08/2026 22:54:43,Urgencia por infeccioso,103,169/65,ingreso_planta
EP-2026-01522,SIP-918552,2026-09-11T23:29:17Z,,Urgencia por traumatologia,81,135/78,observacion
EP-2026-02921,SIP-520598,23-08-2026 08:22:05,23-08-2026 16:58:05,Urgencia por infeccioso,58,154/71,observacion
EP-2026-01551,SIP-583516,10-09-2026 03:16:52,2026/09/10 04:36:52,Urgencia por psiquiatria,ERROR,161/104,observacion
EP-2026-00989,SIP-242612,17-09-2026 17:42:05,2026-09-18T00:16:05Z,Urgencia por traumatologia,53,140/105,observacion
EP-2026-02300,SIP-476438,2026-08-31 10:44:18,NULL,Urgencia por digestivo,112,136/68,ingreso_planta
EP-2026-01831,SIP-737098,2026-09-07 10:15:12,07/09/2026 15:14:12,Urgencia por psiquiatria,115,168/68,observacion
EP-2026-01528,SIP-738226,NULL,11/09/2026 06:13 PM,Urgencia por nefrourologia,54,134/59,
EP-2026-00702,SIP-687141,2026-09-22T02:01:34Z,22/09/2026 05:38 AM,Urgencia por digestivo,66,100/68,ingreso_pediatria
EP-2026-01668,SIP-495854,09/09/2026 03:04 AM,09/09/2026 01:04 AM,Urgencia por nefrourologia,74,96/90,ingreso_planta
EP-2026-01677,SIP-311463,2026/09/09 23:36:42,2026-09-10 04:29:42,Urgencia por respiratorio,56,145/70,ingreso_planta
EP-2026-01786,SIP-713104,2026-09-07 19:52:12,08-09-2026 04:12:12,Urgencia por pediatria,60,139/100,domicilio
EP-2026-00976,SIP-278486,2026-09-18 01:57:49,2026-09-18T06:15:49Z,Urgencia por nefrourologia,106,114/85,traslado_uci
EP-2026-00327,SIP-613767,27/09/2026 14:44:43,2026/09/27 23:15:43,Urgencia por respiratorio,104,112/100,observacion
EP-2026-01628,SIP-148439,09-09-2026 02:32:49,2026/09/09 11:34:49,Urgencia por digestivo,76,142/98,ingreso_planta
EP-2026-02745,SIP-552265,26/08/2026 02:41 PM,26/08/2026 22:58:06,Urgencia por digestivo,103,143/57,traslado_uci
EP-2026-00176,SIP-564057,29/09/2026 11:41:25,,Urgencia por cardiovascular,66,97/63,domicilio
EP-2026-00152,SIP-309139,2026-09-29 05:30:30,2026-09-29T13:48:30Z,Urgencia por pediatria,125,121/87,ingreso_pediatria
EP-2026-00427,SIP-215969,2026-09-25 02:33:12,25/09/2026 09:35:12,Urgencia por pediatria,70,121/77,Domicilio
EP-2026-00426,SIP-392151,2026-09-25 21:01:56,2026/09/26 03:37:56,Urgencia por nefrourologia,999,118/104,domicilio
EP-2026-01587,SIP-284210,2026-09-10T21:13:46Z,2026-09-10T23:29:46Z,Urgencia por psiquiatria,68,152/103,None
EP-2026-00299,SIP-261468,27-09-2026 15:12:40,2026-09-27 17:20:40,Urgencia por traumatologia,450,145/86,domicilio
EP-2026-00329,SIP-992264,2026/09/27 13:46:27,2026-09-27T16:07:27Z,Urgencia por digestivo,95,137/75,traslado_uci
EP-2026-02363,SIP-232209,2026-08-30T00:28:20Z,30/08/2026 10:00:20,Urgencia por digestivo,82,122/71,ingreso_pediatria
EP-2026-01310,SIP-396943,2026-09-13 17:25:11,2026-09-14T02:18:11Z,Urgencia por infeccioso,62,163/77,ingreso_pediatria
EP-2026-00804,SIP-652160,20/09/2026 01:55 AM,2026-09-20T03:33:33Z,Urgencia por respiratorio,61,153/60,traslado_uci
EP-2026-00490,SIP-835095,NULL,2026/09/25 03:43:16,Urgencia por neurologia,106,120/67,ingreso_planta
EP-2026-02113,SIP-155501,03-09-2026 12:06:43,,Urgencia por cardiovascular,109,129/81,traslado_uci
EP-2026-02827,SIP-367394,24/08/2026 11:06 AM,2026-08-24 20:52:47,Urgencia por neurologia,75,141/86,ingreso_pediatria
EP-2026-00837,SIP-816695,2026/09/20 15:37:41,2026-09-20 22:20:41,Urgencia por respiratorio,52,164/72,ingreso_pediatria
EP-2026-00491,SIP-655898,24/09/2026 18:12:56,2026-09-24T20:03:56Z,Urgencia por respiratorio,103,118/66,ingreso_planta
EP-2026-01526,SIP-998283,2026-09-11 10:23:21,11/09/2026 02:05 PM,Urgencia por psiquiatria,86,168/81,observacion
EP-2026-00399,SIP-918914,26/09/2026 07:30:16,2026-09-26 15:09:16,Urgencia por psiquiatria,84,157/57,traslado_uci
EP-2026-00449,SIP-489074,2026/09/25 10:31:27,2026/09/25 14:18:27,Urgencia por respiratorio,97,109/101,traslado_uci
EP-2026-02872,SIP-222924,2026/08/24 05:36:53,2026-08-24 08:16:53,Urgencia por nefrourologia,115,121/88,ingreso_pediatria
EP-2026-01586,SIP-982684,2026/09/10 05:51:27,NULL,Urgencia por cardiovascular,66,111/72,ingreso_pediatria
EP-2026-01498,SIP-936486,2026/09/11 02:37:05,11-09-2026 06:36:05,Urgencia por nefrourologia,86,137/96,ingreso_planta
EP-2026-02639,SIP-491845,27/08/2026 12:54:32,2026-08-27T18:25:32Z,Urgencia por digestivo,96,113/68,observacion
EP-2026-02331,SIP-337529,31/08/2026 07:57:16,31-08-2026 10:01:16,Urgencia por digestivo,71,100/91,ALTA_OBSERVACION
EP-2026-00949,SIP-941497,2026-09-18T18:21:06Z,19/09/2026 04:00 AM,Urgencia por pediatria,86,168/99,traslado_uci
EP-2026-02697,SIP-786289,26/08/2026 03:59 AM,2026-08-26 09:41:19,Urgencia por nefrourologia,115,166/70,observacion
EP-2026-02958,SIP-709506,22-08-2026 14:42:27,2026-08-22T16:32:27Z,Urgencia por digestivo,61,145/77,domicilio
EP-2026-03116,SIP-481866,2026/08/20 10:13:42,20-08-2026 17:57:42,Urgencia por neurologia,58,103/100,traslado_uci
EP-2026-02662,SIP-699207,27/08/2026 13:30:29,N/D,Urgencia por nefrourologia,77,109/59,ingreso_pediatria
EP-2026-01934,SIP-319491,05-09-2026 17:29:10,2026/09/05 22:16:10,Urgencia por digestivo,999,125/70,domicilio
EP-2026-00163,SIP-355995,29-09-2026 05:06:18,2026-09-29T13:10:18Z,Urgencia por neurologia,105,105/66,ingreso_planta
EP-2026-00101,SIP-797726,2026-09-30T13:35:57Z,2026-09-30T16:36:57Z,Urgencia por neurologia,82,NORMAL,ingreso_pediatria
EP-2026-01518,SIP-512379,11/09/2026 05:07 AM,11-09-2026 14:37:01,Urgencia por nefrourologia,60,NORMAL,ingreso_pediatria
EP-2026-00860,SIP-203322,2026-09-19T03:14:57Z,2026/09/19 09:26:57,Urgencia por digestivo,91,108/56,ingreso_pediatria
EP-2026-00743,SIP-580373,2026/09/21 06:40:06,2026-09-21 15:34:06,Urgencia por cardiovascular,93,160/91,domicilio
EP-2026-00796,SIP-644959,2026/09/20 04:04:23,2026/09/20 12:33:23,Urgencia por pediatria,-99,129/83,traslado_uci
EP-2026-00695,SIP-314540,2026/09/22 15:21:12,N/D,Urgencia por neurologia,96,116-72,ingreso_planta
EP-2026-01797,SIP-921538,2026-09-07 02:33:53,2026/09/07 07:40:53,Urgencia por cardiovascular,97,165/76,null
EP-2026-00026,SIP-988904,01-10-2026 15:40:27,01-10-2026 18:18:27,Urgencia por infeccioso,91,99/93,traslado_uci
EP-2026-00340,SIP-618960,27-09-2026 13:46:03,2026-09-27T15:25:03Z,Urgencia por psiquiatria,117,120/94,ingreso_pediatria
EP-2026-01841,SIP-161284,07-09-2026 04:10:13,2026-09-07 08:49:13,Urgencia por respiratorio,116,103/74,ingreso_pediatria
EP-2026-02956,SIP-179244,2026-08-22T21:31:14Z,2026-08-23T05:39:14Z,Urgencia por nefrourologia,450,80/150,observacion
EP-2026-02433,SIP-946441,30-08-2026 23:44:21,2026/08/31 06:17:21,Urgencia por nefrourologia,58,131/100,traslado_uci
EP-2026-03397,SIP-495260,16/08/2026 09:18 AM,2026-08-16 13:13:09,Urgencia por cardiovascular,75,136/95,observacion
EP-2026-00867,SIP-220463,2026/09/19 01:44:29,19/09/2026 07:21 AM,Urgencia por psiquiatria,122,129/97,observacion
EP-2026-00376,SIP-562586,N/D,27/09/2026 01:59:29,Urgencia por respiratorio,111,126/104,observacion
EP-2026-01918,SIP-534497,06/09/2026 06:49 PM,2026-09-07 01:42:08,Urgencia por digestivo,105,169/55,ingreso_pediatria
EP-2026-02169,SIP-955733,2026-09-02T11:36:15Z,02/09/2026 19:59:15,Urgencia por infeccioso,118,143/71,ingreso_pediatria
EP-2026-01589,SIP-517106,2026/09/10 17:23:45,,Urgencia por infeccioso,78,154/86,domicilio
EP-2026-03490,SIP-425463,14/08/2026 07:31 PM,15-08-2026 01:14:17,Urgencia por respiratorio,69,127/89,ingreso_planta
EP-2026-02454,SIP-877595,29/08/2026 13:53:35,29/08/2026 07:18 PM,Urgencia por pediatria,87,125/76,observacion
EP-2026-01034,SIP-494484,17/09/2026 11:14 AM,17/09/2026 12:14 PM,Urgencia por cardiovascular,120,169/73,observacion
EP-2026-01152,SIP-667768,2026-09-15 14:01:22,15/09/2026 22:32:22,Urgencia por cardiovascular,62,s/d,null
EP-2026-01407,SIP-757390,12/09/2026 10:38 PM,2026/09/13 07:16:14,Urgencia por psiquiatria,117,146/91,ingreso_planta
EP-2026-03303,SIP-114498,17/08/2026 08:32 AM,17-08-2026 04:32:46,Urgencia por cardiovascular,54,s/d,ingreso_pediatria
EP-2026-02521,SIP-732831,28-08-2026 03:56:40,2026-08-28T12:36:40Z,Urgencia por neurologia,93,99/103,ingreso_pediatria
EP-2026-01115,SIP-141448,16-09-2026 06:05:59,16/09/2026 13:19:59,Urgencia por cardiovascular,62,164/100,observacion
EP-2026-00040,SIP-140824,2026-10-01T01:48:45Z,01-10-2026 07:30:45,Urgencia por cardiovascular,91,116/79,ingreso_pediatria
EP-2026-01338,SIP-769869,13/09/2026 06:29 AM,NULL,Urgencia por cardiovascular,450,162/104,observacion
EP-2026-03212,SIP-525153,2026-08-18T08:55:21Z,2026-08-18 17:13:21,Urgencia por cardiovascular,57,118/68,traslado_uci
EP-2026-00201,SIP-223185,28/09/2026 22:10:36,,Urgencia por cardiovascular,87,129/63,ingreso_pediatria
EP-2026-00266,SIP-773297,2026-09-28T17:13:25Z,28-09-2026 22:43:25,Urgencia por pediatria,86,164/73,ingreso_pediatria
EP-2026-02064,SIP-450723,2026/09/03 03:36:08,2026-09-03T11:42:08Z,Urgencia por cardiovascular,90,104/69,observacion
EP-2026-00172,SIP-500770,2026-09-29 05:29:42,29-09-2026 14:04:42,Urgencia por psiquiatria,121,151/77,INGRESO_PEDIATRIA
EP-2026-01143,SIP-983292,15/09/2026 15:38:12,16-09-2026 00:26:12,Urgencia por infeccioso,121,100/58,ingreso_pediatria
EP-2026-02416,SIP-729416,30/08/2026 03:28 PM,2026-08-30T17:28:25Z,Urgencia por infeccioso,-15,126/89,ingreso_planta
EP-2026-00676,SIP-520945,22/09/2026 05:36 PM,23/09/2026 02:04 AM,Urgencia por digestivo,115,157/83,ingreso_planta
EP-2026-00270,SIP-108237,28/09/2026 04:35:47,2026-09-28T10:40:47Z,Urgencia por traumatologia,112,102/90,domicilio
EP-2026-02946,SIP-208935,22/08/2026 22:55:57,23-08-2026 07:04:57,Urgencia por nefrourologia,101,170/65,
EP-2026-03060,SIP-688328,NULL,22/08/2026 02:09:36,Urgencia por neurologia,100,169/68,domicilio
EP-2026-02917,SIP-353363,2026/08/23 19:09:23,24-08-2026 00:19:23,Urgencia por neurologia,82,123/85,traslado_uci
EP-2026-01977,SIP-220716,05/09/2026 07:55 AM,05-09-2026 15:51:41,Urgencia por psiquiatria,111,72/123,observacion
EP-2026-00752,SIP-996181,2026-09-21T14:52:36Z,21/09/2026 04:31 PM,Urgencia por respiratorio,82,123/96,ingreso_planta
EP-2026-01110,SIP-741834,2026-09-16T12:08:30Z,16/09/2026 03:25 PM,Urgencia por pediatria,114,155/90,domicilio
EP-2026-00171,SIP-286339,29/09/2026 10:01 PM,30/09/2026 12:40 AM,Urgencia por digestivo,73,128/97,ingreso_pediatria
EP-2026-00096,SIP-374392,2026-09-30T12:49:02Z,30-09-2026 17:43:02,Urgencia por digestivo,114,NORMAL,ingreso_pediatria
EP-2026-02081,SIP-177903,2026/09/03 08:09:50,2026-09-03T14:20:50Z,Urgencia por infeccioso,69,132/77,traslado_uci
EP-2026-00648,SIP-897541,2026/09/22 17:37:52,22/09/2026 19:32:52,Urgencia por digestivo,125,147/80,traslado_uci
EP-2026-00627,SIP-369237,2026-09-23 21:49:06,2026-09-24T00:12:06Z,Urgencia por digestivo,112,102/79,ingreso_planta
EP-2026-02717,SIP-845388,2026/08/26 13:10:37,2026/08/26 17:26:37,Urgencia por digestivo,109,126/94,traslado_uci
EP-2026-02296,SIP-640964,2026/08/31 13:56:53,2026-08-31 17:11:53,Urgencia por traumatologia,61,167/86,OBSERVACION
EP-2026-03171,SIP-442594,2026-08-19 04:19:54,19-08-2026 13:58:54,Urgencia por psiquiatria,104,130/91,ingreso_planta
EP-2026-02702,SIP-269894,2026-08-26T23:58:54Z,2026/08/27 03:51:54,Urgencia por pediatria,-99,153/79,ingreso_planta
EP-2026-00997,SIP-691275,17-09-2026 18:21:00,NULL,Urgencia por traumatologia,112,98/104,traslado_uci
EP-2026-00194,SIP-248190,2026-09-28 16:12:25,29/09/2026 00:40:25,Urgencia por pediatria,109,156/57,observacion
EP-2026-02867,SIP-179512,24-08-2026 19:56:02,24-08-2026 22:29:02,Urgencia por neurologia,89,119/77,traslado_uci
EP-2026-02618,SIP-205261,2026/08/27 05:05:28,27/08/2026 05:36 AM,Urgencia por infeccioso,70,95/81,ingreso_planta
EP-2026-02227,SIP-717271,01-09-2026 20:41:56,01-09-2026 23:00:56,Urgencia por pediatria,98,126/79,ingreso_pediatria
EP-2026-02815,SIP-535643,2026-08-25 10:29:49,2026-08-25 13:11:49,Urgencia por infeccioso,79,118/73,null
EP-2026-01440,SIP-715320,12-09-2026 08:38:12,12-09-2026 13:14:12,Urgencia por infeccioso,68,114/61,observacion
EP-2026-00664,SIP-632022,2026-09-22 21:05:34,23/09/2026 03:13 AM,Urgencia por cardiovascular,56,156/70,observacion
EP-2026-03469,SIP-837849,,15/08/2026 03:49 AM,Urgencia por psiquiatria,58,124/79,domicilio
EP-2026-00914,SIP-142164,18/09/2026 13:05:14,18/09/2026 17:08:14,Urgencia por digestivo,84,133-86,domicilio
EP-2026-03158,SIP-199363,19-08-2026 13:04:50,2026-08-19 20:08:50,Urgencia por nefrourologia,58,132/99,domicilio
EP-2026-00623,SIP-739137,23/09/2026 21:14:56,2026/09/24 06:17:56,Urgencia por psiquiatria,117,114/105,domicilio
EP-2026-01430,SIP-250358,2026-09-12 10:24:28,2026-09-12T13:02:28Z,Urgencia por cardiovascular,52,112/63,ingreso_planta
EP-2026-02969,SIP-536738,22/08/2026 16:25:49,,Urgencia por psiquiatria,52,104/56,domicilio
EP-2026-01067,SIP-412250,2026-09-16 23:30:44,,Urgencia por traumatologia,52,115/85,ingreso_pediatria
EP-2026-00404,SIP-815907,2026-09-25 02:22:29,2026-09-25T04:11:29Z,Urgencia por psiquiatria,91,146/62,traslado_uci
EP-2026-00806,SIP-178451,20/09/2026 18:30:38,20/09/2026 20:35:38,Urgencia por psiquiatria,82,139/59,ingreso_pediatria
EP-2026-02552,SIP-448454,2026-08-28 02:57:03,2026/08/28 05:20:03,Urgencia por neurologia,84,119 79,traslado_uci
EP-2026-03375,SIP-384155,16/08/2026 01:28 AM,16-08-2026 03:34:01,Urgencia por cardiovascular,70,126/92,ingreso_pediatria
EP-2026-00640,SIP-538543,N/D,2026/09/23 17:39:56,Urgencia por digestivo,76,98/67,domicilio
EP-2026-00410,SIP-315167,2026/09/25 05:49:35,25/09/2026 08:55:35,Urgencia por infeccioso,119,130/88,ingreso_planta
EP-2026-00304,SIP-461590,27/09/2026 14:03:38,27/09/2026 21:28:38,Urgencia por respiratorio,94,144/93,ingreso_pediatria
EP-2026-03052,SIP-749463,21/08/2026 09:55 AM,21-08-2026 15:18:22,Urgencia por psiquiatria,80,157/99,ingreso_pediatria
EP-2026-01780,SIP-839195,N/D,2026-09-07 06:59:54,Urgencia por psiquiatria,102,103/82,domicilio
EP-2026-00560,SIP-727946,24/09/2026 00:03:21,24-09-2026 02:09:21,Urgencia por psiquiatria,98,139/78,domicilio
EP-2026-00430,SIP-877407,25/09/2026 11:41 AM,25-09-2026 21:20:56,Urgencia por neurologia,115,146/95,domicilio
EP-2026-02466,SIP-429016,29/08/2026 13:45:42,2026-08-29T23:09:42Z,Urgencia por respiratorio,98,168_73,Domicilio
EP-2026-03144,SIP-531855,NULL,20/08/2026 08:09 PM,Urgencia por traumatologia,99,109/67,ingreso_planta
EP-2026-01270,SIP-861762,2026/09/14 12:43:27,2026-09-14 13:22:27,Urgencia por cardiovascular,95,,observacion
EP-2026-00345,SIP-545576,27/09/2026 02:59 AM,27/09/2026 07:31:22,Urgencia por traumatologia,99,139/80,ingreso_pediatria
EP-2026-01435,SIP-338982,2026-09-12 13:49:44,12-09-2026 20:29:44,Urgencia por nefrourologia,101,116/103,domicilio
EP-2026-01751,SIP-662574,08/09/2026 07:15 AM,2026-09-08 04:15:40,Urgencia por psiquiatria,122,166/74,observacion
EP-2026-00110,SIP-209810,30/09/2026 04:04 PM,2026-10-01 00:47:37,Urgencia por nefrourologia,101,137/95,domicilio
EP-2026-01536,SIP-987413,2026-09-11 17:27:33,11/09/2026 22:57:33,Urgencia por psiquiatria,121,165/78,ingreso_pediatria
EP-2026-00859,SIP-758174,2026-09-19T03:50:49Z,19-09-2026 06:14:49,Urgencia por infeccioso,99,166/91,ingreso_pediatria
EP-2026-01103,SIP-163205,2026/09/16 12:19:04,16/09/2026 15:26:04,Urgencia por nefrourologia,-15,118/60,traslado_uci
EP-2026-02421,SIP-873881,2026/08/30 16:34:04,2026/08/30 20:54:04,Urgencia por traumatologia,125,150/94,ingreso_pediatria
EP-2026-03403,SIP-113116,2026-08-16 01:27:01,16-08-2026 04:41:01,Urgencia por traumatologia,105,131/73,FALLECIMIENTO
EP-2026-03484,SIP-890066,14-08-2026 05:51:36,2026-08-14 09:41:36,Urgencia por respiratorio,s/d,140/82,traslado_uci
EP-2026-01824,SIP-334688,07/09/2026 06:28:11,2026-09-07 10:34:11,Urgencia por nefrourologia,87,119_83,traslado_uci
EP-2026-00124,SIP-600072,2026-09-30T09:44:06Z,30/09/2026 03:24 PM,Urgencia por neurologia,59,169/71,ingreso_planta
EP-2026-03002,SIP-648947,2026-08-22 06:58:10,22/08/2026 11:00 AM,Urgencia por digestivo,108,100/98,domicilio
EP-2026-03439,SIP-999152,2026-08-15T12:30:32Z,15/08/2026 07:49 PM,Urgencia por respiratorio,79,143/86,observacion
EP-2026-00347,SIP-131563,27/09/2026 04:42 PM,2026-09-27 22:15:34,Urgencia por respiratorio,76,118/69,ingreso_pediatria
EP-2026-02195,SIP-441737,2026-09-02 14:50:42,02/09/2026 22:20:42,Urgencia por respiratorio,61,107/91,traslado_uci
EP-2026-00507,SIP-269967,2026-09-24T15:12:17Z,,Urgencia por cardiovascular,100,104/87,domicilio
EP-2026-03081,SIP-526081,2026-08-20T11:59:21Z,20/08/2026 07:23 PM,Urgencia por cardiovascular,97,s/d,ingreso_planta
EP-2026-03157,SIP-775318,19-08-2026 17:26:28,,Urgencia por nefrourologia,54,152/78,traslado_uci
EP-2026-00710,SIP-342858,21/09/2026 10:27:58,NULL,Urgencia por nefrourologia,62,135/67,observacion
EP-2026-02428,SIP-799969,30-08-2026 21:38:40,,Urgencia por nefrourologia,75,101/91,ingreso_pediatria
EP-2026-03263,SIP-556458,2026-08-17T18:20:39Z,2026/08/17 20:08:39,Urgencia por pediatria,125,119/61,ingreso_planta
EP-2026-02313,SIP-357566,2026-08-31T20:23:21Z,2026-09-01T00:15:21Z,Urgencia por infeccioso,113,159/76,traslado_uci
EP-2026-00839,SIP-310905,20/09/2026 01:46 AM,20/09/2026 11:09 AM,Urgencia por nefrourologia,60,141/87,traslado_uci
EP-2026-01356,SIP-732717,2026/09/13 11:10:37,13-09-2026 16:54:37,Urgencia por traumatologia,121,121-57,domicilio
EP-2026-02477,SIP-807383,29/08/2026 15:14:17,2026-08-29T17:50:17Z,Urgencia por neurologia,53,151/81,FALLECIMIENTO
EP-2026-03363,SIP-962430,2026-08-16T00:07:37Z,16/08/2026 02:21 AM,Urgencia por respiratorio,110,121/85,observacion
EP-2026-02534,SIP-209047,2026-08-28 22:47:30,29/08/2026 00:08:30,Urgencia por infeccioso,60,106/64,traslado_uci
EP-2026-01426,SIP-516847,12/09/2026 11:49 AM,2026-09-12T19:15:26Z,Urgencia por pediatria,53,95/67,domicilio
EP-2026-00757,SIP-458068,2026-09-21 00:49:19,21-09-2026 10:34:19,Urgencia por cardiovascular,62,109/83,traslado_uci
EP-2026-01806,SIP-774467,2026/09/07 08:39:45,07-09-2026 14:12:45,Urgencia por neurologia,98,100/60,observacion
EP-2026-02878,SIP-945361,2026-08-23T11:40:28Z,2026-08-23T14:46:28Z,Urgencia por traumatologia,116,158/64,ingreso_planta
EP-2026-02998,SIP-188383,,23-08-2026 06:50:10,Urgencia por neurologia,123,s/d,domicilio
EP-2026-00244,SIP-273196,28/09/2026 09:06 PM,28-09-2026 23:26:09,Urgencia por pediatria,56,137/56,ingreso_pediatria
EP-2026-03432,SIP-796448,2026-08-15T00:58:55Z,2026/08/15 06:39:55,Urgencia por infeccioso,105,108/103,FALLECIMIENTO
EP-2026-03494,SIP-370828,2026-08-14 18:31:27,,Urgencia por cardiovascular,80,154/93,ingreso_pediatria
EP-2026-00874,SIP-594862,2026/09/19 05:26:21,2026-09-19T12:13:21Z,Urgencia por infeccioso,102,156/62,ingreso_pediatria
EP-2026-02176,SIP-315278,02/09/2026 04:33 PM,02/09/2026 19:15:11,Urgencia por psiquiatria,999,111/57,ingreso_pediatria
EP-2026-02171,SIP-516340,02/09/2026 07:05 AM,2026/09/02 16:19:15,Urgencia por pediatria,108,108/81,traslado_uci
EP-2026-01170,SIP-722084,2026/09/15 00:51:41,15/09/2026 10:37:41,Urgencia por digestivo,96,135/93,observacion
EP-2026-02422,SIP-990782,30/08/2026 01:25:34,NULL,Urgencia por nefrourologia,67,125/70,null
EP-2026-01862,SIP-428817,06/09/2026 11:15 AM,N/D,Urgencia por traumatologia,68,158/61,ingreso_planta
EP-2026-01822,SIP-207008,07/09/2026 05:05 PM,07/09/2026 23:59:51,Urgencia por traumatologia,999,110/105,traslado_uci
EP-2026-01209,SIP-621610,14/09/2026 11:54 PM,15-09-2026 01:30:55,Urgencia por psiquiatria,115,155/58,domicilio
EP-2026-00277,SIP-241135,2026-09-28T10:01:34Z,2026/09/28 17:40:34,Urgencia por digestivo,999,109/72,domicilio
EP-2026-02541,SIP-930135,28/08/2026 00:48:37,28-08-2026 06:37:37,Urgencia por digestivo,77,159/65,
EP-2026-01510,SIP-256264,2026-09-11T07:39:49Z,2026-09-11T14:27:49Z,Urgencia por nefrourologia,75,134/82,ingreso_planta
EP-2026-03254,SIP-183743,2026/08/18 19:03:48,2026-08-19T00:31:48Z,Urgencia por respiratorio,93,152/75,traslado_uci
EP-2026-03147,SIP-703454,19/08/2026 06:36 AM,19/08/2026 07:39 AM,Urgencia por neurologia,96,124/105,observacion
EP-2026-00853,SIP-554006,19/09/2026 01:07 AM,,Urgencia por nefrourologia,ERROR,133/76,observacion
EP-2026-01255,SIP-548608,,15-09-2026 05:08:03,Urgencia por psiquiatria,s/d,159/72,ingreso_planta
EP-2026-00993,SIP-941004,2026/09/17 07:59:34,17/09/2026 09:42:34,Urgencia por respiratorio,54,111/72,ingreso_planta
EP-2026-02934,SIP-888741,2026-08-23 15:03:32,23/08/2026 22:38:32,Urgencia por neurologia,121,147/94,observacion
EP-2026-02846,SIP-309435,2026-08-24 05:39:48,24-08-2026 11:10:48,Urgencia por pediatria,114,101/86,ingreso_pediatria
EP-2026-03204,SIP-206423,2026/08/18 14:02:26,18/08/2026 23:49:26,Urgencia por pediatria,65,123/90,traslado_uci
EP-2026-02174,SIP-362062,2026-09-02T00:01:48Z,2026-09-02T06:51:48Z,Urgencia por neurologia,106,118/91,ingreso_pediatria
EP-2026-01411,SIP-122008,12/09/2026 12:43 PM,2026-09-12T20:40:10Z,Urgencia por cardiovascular,94,155/77,observacion
EP-2026-03063,SIP-481781,21/08/2026 12:11 AM,2026/08/21 07:00:45,Urgencia por respiratorio,60,PENDIENTE,ingreso_pediatria
EP-2026-00970,SIP-508762,2026-09-18T21:38:23Z,2026-09-18 23:42:23,Urgencia por traumatologia,110,s/d,observacion
EP-2026-02175,SIP-202040,2026-09-02T14:50:25Z,02-09-2026 21:54:25,Urgencia por digestivo,64,s/d,ingreso_planta
EP-2026-01693,SIP-225317,2026-09-09T03:23:38Z,2026/09/09 04:18:38,Urgencia por neurologia,68,150/92,observacion
EP-2026-02379,SIP-875126,30/08/2026 04:01 AM,30/08/2026 05:33:14,Urgencia por neurologia,57,s/d,observacion
EP-2026-03195,SIP-413133,2026-08-19 03:25:34,19/08/2026 09:31:34,Urgencia por cardiovascular,58,144/69,ALTA_TRASLADO_UCI
EP-2026-02137,SIP-263418,2026-09-02T12:10:42Z,02/09/2026 03:32 PM,Urgencia por nefrourologia,58,116/86,domicilio
EP-2026-00684,SIP-868367,2026-09-22 02:51:32,22/09/2026 05:41 AM,Urgencia por traumatologia,92,98/90,INGRESO_PLANTA
EP-2026-02078,SIP-904737,03/09/2026 08:10 PM,03/09/2026 22:13:30,Urgencia por pediatria,106,147/79,observacion
EP-2026-02628,SIP-127376,27/08/2026 22:27:34,2026/08/28 05:37:34,Urgencia por nefrourologia,69,141/68,domicilio
EP-2026-00381,SIP-947652,2026-09-26 13:02:03,2026-09-26 22:42:03,Urgencia por traumatologia,118,114/103,traslado_uci
EP-2026-00835,SIP-537285,20/09/2026 03:57:31,2026-09-20 07:27:31,Urgencia por traumatologia,123,170/55,traslado_uci
EP-2026-00496,SIP-847069,2026-09-24T17:00:17Z,25/09/2026 00:20:17,Urgencia por traumatologia,115,122/95,ingreso_pediatria
EP-2026-00152,SIP-309139,2026-09-29 05:30:30,2026-09-29T13:48:30Z,Urgencia por pediatria,125,121/87,ingreso_pediatria
EP-2026-01530,SIP-879260,,2026/09/11 10:00:20,Urgencia por neurologia,65,165/61,
EP-2026-01012,SIP-735383,17/09/2026 07:36 AM,2026-09-17T14:11:02Z,Urgencia por infeccioso,92,110/73,ingreso_planta
EP-2026-03452,SIP-496737,15-08-2026 20:42:59,16/08/2026 04:41 AM,Urgencia por traumatologia,118,160/75,ingreso_pediatria
EP-2026-00127,SIP-772229,NULL,,Urgencia por traumatologia,86,110/67,domicilio
EP-2026-01135,SIP-264140,2026-09-15 04:28:14,2026-09-15 12:03:14,Urgencia por neurologia,84,116/90,ingreso_pediatria
EP-2026-00373,SIP-187215,26-09-2026 06:03:08,2026-09-26T10:09:08Z,Urgencia por cardiovascular,91,s/d,domicilio
EP-2026-02393,SIP-127479,30/08/2026 11:35 PM,NULL,Urgencia por pediatria,70,155/104,domicilio
EP-2026-00451,SIP-863150,,2026-09-25T12:54:56Z,Urgencia por pediatria,72,132/73,ingreso_pediatria
EP-2026-01569,SIP-388649,10/09/2026 08:00:55,10/09/2026 03:58 PM,Urgencia por psiquiatria,125,115/103,ingreso_planta
EP-2026-02869,SIP-404081,2026-08-24 20:19:32,24/08/2026 21:29:32,Urgencia por cardiovascular,91,153/94,None
EP-2026-02462,SIP-650334,2026/08/29 17:58:29,30-08-2026 01:04:29,Urgencia por respiratorio,999,158/74,traslado_uci
EP-2026-01479,SIP-439832,2026-09-11T12:54:37Z,2026/09/11 19:33:37,Urgencia por cardiovascular,62,143/70,ingreso_pediatria
EP-2026-02479,SIP-890318,29/08/2026 11:26 AM,29/08/2026 02:36 PM,Urgencia por traumatologia,60,112/93,traslado_uci
EP-2026-01964,SIP-903452,05/09/2026 12:20 PM,2026-09-05 18:52:09,Urgencia por cardiovascular,52,101/94,ingreso_pediatria
EP-2026-00366,SIP-985818,2026-09-26 20:35:37,26-09-2026 21:29:37,Urgencia por respiratorio,83,102/100,ingreso_pediatria
EP-2026-02868,SIP-564367,2026/08/24 10:32:11,2026-08-24T11:40:11Z,Urgencia por respiratorio,124,111/97,domicilio
EP-2026-02726,SIP-824117,2026/08/26 13:09:37,26/08/2026 08:20 PM,Urgencia por pediatria,61,95/96,ingreso_planta
EP-2026-01240,SIP-298107,14-09-2026 15:44:12,2026-09-14 18:31:12,Urgencia por digestivo,60,109/65,observacion
EP-2026-01401,SIP-223413,12/09/2026 00:50:23,12-09-2026 02:18:23,Urgencia por psiquiatria,s/d,100/90,None
EP-2026-02577,SIP-321021,28/08/2026 08:46:31,2026/08/28 04:46:31,Urgencia por traumatologia,102,129/79,observacion
EP-2026-01614,SIP-512643,10/09/2026 08:28 PM,11/09/2026 01:36:35,Urgencia por cardiovascular,71,122/86,alta
EP-2026-03026,SIP-390187,21/08/2026 08:38:20,N/D,Urgencia por pediatria,119,116/63,ingreso_planta
EP-2026-03261,SIP-273486,NULL,2026-08-19T01:18:22Z,Urgencia por digestivo,59,138/65,domicilio
EP-2026-01930,SIP-112159,2026-09-06 12:21:45,06/09/2026 18:22:45,Urgencia por cardiovascular,72,170/81,observacion
EP-2026-01960,SIP-840012,2026-09-05 16:32:50,06-09-2026 02:02:50,Urgencia por infeccioso,56,101/92,null
EP-2026-00337,SIP-344357,2026/09/27 01:34:56,2026-09-27 04:43:56,Urgencia por traumatologia,87,147/64,domicilio
EP-2026-02301,SIP-391506,2026/08/31 16:17:11,31/08/2026 10:45 PM,Urgencia por cardiovascular,87,108/86,traslado_uci
EP-2026-01276,SIP-474984,2026-09-14T12:48:06Z,14/09/2026 06:39 PM,Urgencia por pediatria,65,97/58,traslado_uci
EP-2026-03457,SIP-153517,2026-08-15T22:27:08Z,2026-08-15T18:27:08Z,Urgencia por respiratorio,0,127/96,ingreso_planta
EP-2026-02110,SIP-883080,03/09/2026 11:32:01,2026/09/03 20:17:01,Urgencia por digestivo,88,149/61,ingreso_planta
EP-2026-01252,SIP-581711,14-09-2026 13:21:52,14/09/2026 09:45 PM,Urgencia por traumatologia,69,124/58,observacion
EP-2026-01048,SIP-620340,2026-09-16 00:32:20,,Urgencia por infeccioso,73,98/60,ingreso_pediatria
EP-2026-01826,SIP-862579,07-09-2026 12:18:30,2026-09-07 13:23:30,Urgencia por nefrourologia,107,96/71,ingreso_planta
EP-2026-00054,SIP-130375,2026-10-01 23:29:01,02/10/2026 05:51 AM,Urgencia por nefrourologia,98,97/81,observacion
EP-2026-02148,SIP-874999,02/09/2026 10:31 AM,2026-09-02T17:44:23Z,Urgencia por psiquiatria,84,120_73,observacion
EP-2026-03183,SIP-869250,2026-08-19T03:41:19Z,19-08-2026 06:10:19,Urgencia por psiquiatria,56,107/92,domicilio
EP-2026-00722,SIP-956248,21/09/2026 03:09:31,2026-09-21 05:41:31,Urgencia por psiquiatria,100,160/70,traslado_uci
EP-2026-02356,SIP-104417,30/08/2026 10:41:58,30/08/2026 01:40 PM,Urgencia por cardiovascular,73,122/64,observacion
EP-2026-00146,SIP-257422,2026-09-29T23:03:55Z,30-09-2026 07:28:55,Urgencia por pediatria,98,99/74,traslado_uci
EP-2026-01094,SIP-713250,2026/09/16 17:31:33,2026/09/16 21:56:33,Urgencia por infeccioso,118,138 67,domicilio
EP-2026-01064,SIP-197360,16/09/2026 01:55 AM,16/09/2026 10:03 AM,Urgencia por traumatologia,80,114/95,observacion
EP-2026-03160,SIP-588971,19/08/2026 09:29 PM,2026/08/20 00:35:41,Urgencia por cardiovascular,88,108/61,null
EP-2026-02104,SIP-640147,2026-09-03T02:32:16Z,,Urgencia por respiratorio,87,115/101,traslado_uci
EP-2026-02469,SIP-857016,29/08/2026 03:51 AM,29/08/2026 12:40 PM,Urgencia por neurologia,94,165/67,ingreso_planta
EP-2026-00196,SIP-154074,2026-09-28 17:13:24,28/09/2026 21:49:24,Urgencia por respiratorio,98,145/100,null
EP-2026-02928,SIP-588017,2026/08/23 22:43:37,24/08/2026 05:22 AM,Urgencia por digestivo,73,107/87,observacion
EP-2026-02810,SIP-486940,2026/08/25 06:25:01,2026-08-25T14:09:01Z,Urgencia por respiratorio,88,103/58,domicilio
EP-2026-02125,SIP-895167,02/09/2026 01:28:11,2026-09-02T05:18:11Z,Urgencia por pediatria,98,97/96,ingreso_pediatria
EP-2026-03075,SIP-571854,2026-08-20 11:30:40,20/08/2026 12:02 PM,Urgencia por respiratorio,95,73/165,ingreso_pediatria
EP-2026-02107,SIP-560255,03-09-2026 08:20:10,2026-09-03 14:08:10,Urgencia por traumatologia,96,113/68,ingreso_planta
EP-2026-01843,SIP-136079,2026/09/07 01:04:19,2026-09-07 05:52:19,Urgencia por neurologia,80,PENDIENTE,traslado_uci
EP-2026-02407,SIP-611893,2026/08/30 00:54:46,30-08-2026 08:24:46,Urgencia por neurologia,-15,97/87,ingreso_planta
EP-2026-03415,SIP-740599,15/08/2026 09:44 AM,2026/08/15 17:51:10,Urgencia por digestivo,125,140/91,observacion
EP-2026-01902,SIP-319626,2026-09-06T01:14:31Z,06/09/2026 07:50:31,Urgencia por infeccioso,63,169/82,observacion
EP-2026-03291,SIP-687408,17-08-2026 13:21:59,2026-08-17 21:04:59,Urgencia por cardiovascular,83,136/91,ingreso_pediatria
EP-2026-01971,SIP-939318,05/09/2026 05:22:03,2026-09-05 08:27:03,Urgencia por infeccioso,59,140/63,observacion
EP-2026-00084,SIP-379888,30-09-2026 23:14:16,2026-10-01 02:11:16,Urgencia por pediatria,64,147/98,observacion
EP-2026-00301,SIP-846398,2026/09/27 09:57:28,2026-09-27 12:28:28,Urgencia por infeccioso,69,104/93,ingreso_planta
EP-2026-01125,SIP-103565,15/09/2026 11:59:24,,Urgencia por neurologia,68,127/85,domicilio
EP-2026-00609,SIP-968325,23/09/2026 12:59 PM,23/09/2026 05:45 PM,Urgencia por neurologia,79,116/67,ingreso_planta
EP-2026-01459,SIP-655302,12-09-2026 03:47:11,2026/09/12 11:44:11,Urgencia por pediatria,104,122/56,traslado_uci
EP-2026-02047,SIP-840274,04/09/2026 11:55 AM,04/09/2026 13:18:46,Urgencia por digestivo,115,133/74,traslado_uci
EP-2026-01722,SIP-685469,08/09/2026 00:29:07,2026/09/08 05:30:07,Urgencia por pediatria,55,101/77,ingreso_planta
EP-2026-00137,SIP-123577,,2026-10-01 02:57:24,Urgencia por pediatria,82,131/104,observacion
EP-2026-03280,SIP-625163,17-08-2026 20:39:18,18/08/2026 00:12:18,Urgencia por infeccioso,105,141/89,domicilio
EP-2026-00308,SIP-184695,27/09/2026 12:08:33,27/09/2026 16:50:33,Urgencia por nefrourologia,70,100/116,ingreso_planta
EP-2026-00348,SIP-797943,27/09/2026 03:17 PM,,Urgencia por pediatria,95,157/69,traslado_uci
EP-2026-03445,SIP-128315,15-08-2026 12:14:00,2026-08-15T15:26:00Z,Urgencia por cardiovascular,53,120/68,observacion
EP-2026-02200,SIP-940693,02/09/2026 13:03:16,02/09/2026 20:07:16,Urgencia por traumatologia,86,130/90,traslado_uci
EP-2026-01054,SIP-644227,2026-09-16 15:37:53,16/09/2026 18:10:53,Urgencia por cardiovascular,75,NORMAL,ingreso_pediatria
EP-2026-01308,SIP-306159,13/09/2026 10:01:52,,Urgencia por digestivo,104,121/104,ingreso_planta
EP-2026-01431,SIP-524484,12/09/2026 11:47 PM,2026-09-13 06:43:16,Urgencia por nefrourologia,120,132/98,traslado_uci
EP-2026-01920,SIP-977241,2026-09-06T09:48:06Z,06-09-2026 15:09:06,Urgencia por psiquiatria,119,156/61,traslado_uci
EP-2026-02059,SIP-673085,,2026-09-04 01:18:07,Urgencia por neurologia,74,157/66,ingreso_pediatria
EP-2026-00992,SIP-151780,17-09-2026 18:42:53,2026-09-17 23:38:53,Urgencia por psiquiatria,89,149/60,observacion
EP-2026-00273,SIP-147243,2026-09-28T07:18:06Z,28/09/2026 05:05 PM,Urgencia por pediatria,117,113/82,ingreso_pediatria
EP-2026-01096,SIP-897221,2026-09-16T08:56:25Z,16-09-2026 15:13:25,Urgencia por neurologia,80,146/89,observacion
EP-2026-01533,SIP-966840,2026-09-11T19:25:24Z,12/09/2026 03:37:24,Urgencia por neurologia,75,121/60,ingreso_pediatria
EP-2026-00472,SIP-605709,25/09/2026 10:20 PM,26-09-2026 06:36:57,Urgencia por respiratorio,123,119/77,observacion
EP-2026-02807,SIP-911592,25/08/2026 01:48 AM,2026-08-25T10:42:05Z,Urgencia por infeccioso,63,108/86,observacion
EP-2026-00103,SIP-543647,2026-09-30T06:13:10Z,,Urgencia por pediatria,56,99/98,traslado_uci
EP-2026-01197,SIP-677713,2026/09/15 22:13:24,16/09/2026 06:41:24,Urgencia por pediatria,90,108/93,ingreso_planta
EP-2026-00510,SIP-405395,24-09-2026 08:11:02,2026/09/24 11:18:02,Urgencia por digestivo,63,158/93,traslado_uci
EP-2026-00679,SIP-569474,2026-09-22 15:46:52,22-09-2026 16:17:52,Urgencia por nefrourologia,125,129/67,alta
EP-2026-02324,SIP-548611,2026-08-31 11:56:44,2026/08/31 16:26:44,Urgencia por respiratorio,90,133/85,ingreso_planta
EP-2026-02152,SIP-473836,2026-09-02 13:41:02,2026-09-02T20:39:02Z,Urgencia por psiquiatria,116,112/95,domicilio
EP-2026-02074,SIP-977533,2026-09-03T11:45:00Z,2026-09-03T18:26:00Z,Urgencia por nefrourologia,87,167/92,ingreso_planta
EP-2026-00257,SIP-314654,28-09-2026 16:42:51,2026-09-28 20:30:51,Urgencia por psiquiatria,107,104/87,ingreso_pediatria
EP-2026-00056,SIP-497186,2026/10/01 18:49:07,NULL,Urgencia por infeccioso,103,110/86,traslado_uci
EP-2026-02885,SIP-836225,23/08/2026 11:14:45,23/08/2026 12:19:45,Urgencia por infeccioso,ERROR,143/92,observacion
EP-2026-01581,SIP-874405,2026-09-10T20:37:03Z,2026/09/11 00:23:03,Urgencia por traumatologia,67,142/81,ingreso_pediatria
EP-2026-00941,SIP-594397,18-09-2026 19:16:53,18/09/2026 21:25:53,Urgencia por infeccioso,111,96 73,ingreso_pediatria
EP-2026-01616,SIP-286403,2026-09-09T14:10:27Z,09/09/2026 10:53 PM,Urgencia por digestivo,108,130/100,traslado_uci
EP-2026-01442,SIP-601081,12-09-2026 07:08:10,2026-09-12 11:02:10,Urgencia por infeccioso,83,130/66,domicilio
EP-2026-00898,SIP-231002,2026-09-19T12:05:30Z,2026-09-19T21:23:30Z,Urgencia por psiquiatria,77,95/102,traslado_uci
EP-2026-00374,SIP-525700,26-09-2026 04:24:17,26/09/2026 08:52:17,Urgencia por infeccioso,85,162/72,domicilio
EP-2026-01317,SIP-799002,2026-09-13 18:03:12,2026-09-13 21:53:12,Urgencia por psiquiatria,116,NORMAL,traslado_uci
EP-2026-00405,SIP-478299,25/09/2026 10:21 AM,2026/09/25 16:45:16,Urgencia por cardiovascular,62,130/56,observacion
EP-2026-02785,SIP-424576,25/08/2026 02:03 AM,25/08/2026 09:14 AM,Urgencia por infeccioso,117,130/63,traslado_uci
EP-2026-01259,SIP-210672,2026-09-14T06:41:37Z,2026-09-14 08:48:37,Urgencia por pediatria,76,134/79,alta
EP-2026-01331,SIP-294760,13/09/2026 09:15 AM,2026-09-13T13:36:47Z,Urgencia por psiquiatria,96,101/62,observacion
EP-2026-01642,SIP-766028,2026/09/09 15:27:53,2026-09-09 18:01:53,Urgencia por respiratorio,0,127/71,traslado_uci
EP-2026-01154,SIP-587709,2026-09-15T02:00:57Z,15-09-2026 06:27:57,Urgencia por nefrourologia,59,127/87,domicilio
EP-2026-02677,SIP-147044,2026/08/26 13:28:38,26/08/2026 10:50 PM,Urgencia por digestivo,99,95/77,ingreso_planta
EP-2026-02265,SIP-965675,01-09-2026 22:47:12,2026/09/02 04:00:12,Urgencia por nefrourologia,78,129/101,ingreso_pediatria
EP-2026-02550,SIP-337690,28/08/2026 20:48:12,2026/08/29 01:31:12,Urgencia por respiratorio,55,122/57,traslado_uci
EP-2026-02188,SIP-780009,,02-09-2026 05:32:18,Urgencia por neurologia,70,113/82,ingreso_planta
EP-2026-01775,SIP-465990,07/09/2026 09:49 PM,2026/09/08 06:44:12,Urgencia por nefrourologia,52,108/73,ingreso_pediatria
EP-2026-01414,SIP-467402,2026-09-12T21:16:13Z,2026/09/13 05:02:13,Urgencia por psiquiatria,109,146/84,ingreso_planta
EP-2026-01579,SIP-992453,N/D,2026-09-11T02:12:05Z,Urgencia por cardiovascular,78,129/86,observacion
EP-2026-01866,SIP-404030,2026-09-06T06:13:49Z,06/09/2026 12:57 PM,Urgencia por neurologia,91,126/77,ingreso_planta
EP-2026-02355,SIP-294542,30-08-2026 08:26:13,30-08-2026 13:18:13,Urgencia por psiquiatria,108,118/100,observacion
EP-2026-02647,SIP-600995,27-08-2026 09:19:33,27-08-2026 18:49:33,Urgencia por traumatologia,61,160/93,ingreso_pediatria
EP-2026-03188,SIP-408750,19/08/2026 07:14:44,19/08/2026 09:05 AM,Urgencia por psiquiatria,98,133/72,domicilio
EP-2026-02252,SIP-282257,01/09/2026 09:54 AM,N/D,Urgencia por cardiovascular,86,116/69,traslado_uci
EP-2026-00345,SIP-545576,27/09/2026 02:59 AM,27/09/2026 07:31:22,Urgencia por traumatologia,99,139/80,ingreso_pediatria
EP-2026-00908,SIP-719597,18-09-2026 09:25:49,,Urgencia por pediatria,87,167/94,ingreso_planta
EP-2026-03454,SIP-566337,15/08/2026 12:10 AM,2026-08-15T06:00:29Z,Urgencia por neurologia,119,140/71,OBSERVACION
EP-2026-01208,SIP-629522,2026-09-14T16:33:04Z,2026-09-15 01:03:04,Urgencia por digestivo,101,100/67,domicilio
EP-2026-02166,SIP-194813,2026-09-02T19:54:08Z,2026-09-03T03:52:08Z,Urgencia por neurologia,92,123/89,ingreso_pediatria
EP-2026-00096,SIP-374392,2026-09-30T12:49:02Z,30-09-2026 17:43:02,Urgencia por digestivo,114,NORMAL,ingreso_pediatria
EP-2026-02173,SIP-757529,2026/09/02 08:51:05,2026/09/02 07:51:05,Urgencia por psiquiatria,86,123/72,ingreso_planta
EP-2026-03238,SIP-783543,18/08/2026 14:18:39,2026-08-18T23:17:39Z,Urgencia por traumatologia,70,111/67,domicilio
EP-2026-02111,SIP-545271,2026-09-03T01:29:04Z,03/09/2026 05:22:04,Urgencia por nefrourologia,101,133/84,traslado_uci
EP-2026-02719,SIP-664227,26-08-2026 15:08:12,26-08-2026 23:55:12,Urgencia por pediatria,57,116/84,observacion
EP-2026-00545,SIP-365520,2026-09-24T22:55:08Z,25-09-2026 08:03:08,Urgencia por respiratorio,90,116/79,ingreso_planta
EP-2026-00579,SIP-450406,24/09/2026 14:21:37,2026-09-24T21:00:37Z,Urgencia por cardiovascular,0,PENDIENTE,ingreso_planta
EP-2026-00830,SIP-484312,2026/09/20 10:39:21,2026/09/20 12:23:21,Urgencia por neurologia,69,154/70,observacion
EP-2026-02608,SIP-644688,2026-08-27T05:16:56Z,27-08-2026 09:44:56,Urgencia por traumatologia,69,95/76,observacion
EP-2026-00380,SIP-173749,2026-09-26T19:08:44Z,2026-09-27T02:34:44Z,Urgencia por nefrourologia,92,164/101,DOMICILIO
EP-2026-00044,SIP-409981,01/10/2026 02:23 PM,2026/10/01 20:19:49,Urgencia por neurologia,98,110/58,domicilio
EP-2026-02439,SIP-700996,30/08/2026 12:38 AM,2026/08/30 08:31:35,Urgencia por digestivo,121,144/63,ingreso_pediatria
EP-2026-01674,SIP-448978,,09-09-2026 10:47:02,Urgencia por nefrourologia,104,170/76,observacion
EP-2026-01102,SIP-235627,16-09-2026 15:55:13,16/09/2026 11:15 PM,Urgencia por neurologia,117,126/85,traslado_uci
EP-2026-01723,SIP-406605,08/09/2026 06:48 PM,09-09-2026 04:36:27,Urgencia por digestivo,107,128 102,domicilio
EP-2026-02072,SIP-313842,03/09/2026 02:59:52,2026-09-03 04:38:52,Urgencia por psiquiatria,118,122/105,traslado_uci
EP-2026-00584,SIP-790892,2026-09-23 21:16:09,2026/09/24 06:56:09,Urgencia por pediatria,115,122/90,ingreso_planta
EP-2026-01782,SIP-723974,2026-09-07T06:32:10Z,07/09/2026 12:46 PM,Urgencia por cardiovascular,80,158/66,ingreso_planta
EP-2026-00189,SIP-963426,28/09/2026 14:02:44,28/09/2026 18:28:44,Urgencia por infeccioso,65,109/58,traslado_uci
EP-2026-00139,SIP-234501,2026/09/29 18:56:48,30/09/2026 12:51 AM,Urgencia por digestivo,87,167/77,ingreso_planta
EP-2026-03138,SIP-112499,NULL,20/08/2026 20:03:22,Urgencia por traumatologia,110,167/70,observacion
EP-2026-01295,SIP-353641,2026/09/14 08:56:50,2026-09-14 13:59:50,Urgencia por nefrourologia,91,132-101,ingreso_planta
EP-2026-01003,SIP-846862,2026/09/17 18:38:57,2026-09-17T23:22:57Z,Urgencia por psiquiatria,73,121/70,traslado_uci
EP-2026-00364,SIP-252971,26/09/2026 08:19 AM,26/09/2026 14:40:43,Urgencia por respiratorio,88,162/68,domicilio
EP-2026-01561,SIP-516681,10-09-2026 08:41:16,2026-09-10T16:30:16Z,Urgencia por respiratorio,83,147/78,traslado_uci
EP-2026-03196,SIP-470441,19-08-2026 21:00:21,20/08/2026 12:35 AM,Urgencia por digestivo,76,95/84,domicilio
EP-2026-00067,SIP-194166,30/09/2026 06:48:44,,Urgencia por pediatria,106,136/62,ingreso_pediatria
EP-2026-01452,SIP-229281,12/09/2026 10:07 AM,12/09/2026 16:28:10,Urgencia por infeccioso,101,117/55,ingreso_pediatria
EP-2026-02739,SIP-173281,26/08/2026 14:59:01,NULL,Urgencia por psiquiatria,86,136/67,ingreso_pediatria
EP-2026-01363,SIP-220450,12/09/2026 06:00 AM,,Urgencia por neurologia,114,105/105,traslado_uci
EP-2026-02066,SIP-512571,,04-09-2026 06:03:15,Urgencia por psiquiatria,81,139/65,observacion
EP-2026-02142,SIP-434221,02/09/2026 22:21:40,2026-09-03T02:38:40Z,Urgencia por infeccioso,0,100/91,traslado_uci
EP-2026-02269,SIP-121866,01/09/2026 11:58:15,NULL,Urgencia por respiratorio,113,131/61,domicilio
EP-2026-01847,SIP-626329,2026-09-07T21:13:44Z,08-09-2026 05:42:44,Urgencia por respiratorio,67,170/60,traslado_uci
EP-2026-00383,SIP-273468,2026-09-26 23:16:41,27/09/2026 02:47:41,Urgencia por traumatologia,108,106/74,traslado_uci
EP-2026-03274,SIP-259714,2026-08-17T11:28:13Z,2026-08-17 20:18:13,Urgencia por cardiovascular,56,134/95,traslado_uci
EP-2026-02472,SIP-248996,2026-08-29 15:51:13,,Urgencia por cardiovascular,0,135/75,observacion
EP-2026-01939,SIP-614352,05/09/2026 04:53:28,05/09/2026 09:23:28,Urgencia por traumatologia,62,159/56,domicilio
EP-2026-02199,SIP-854623,02/09/2026 06:19 PM,03/09/2026 01:34:12,Urgencia por respiratorio,107,146/103,traslado_uci
EP-2026-02548,SIP-586802,28/08/2026 17:15:19,29-08-2026 00:18:19,Urgencia por cardiovascular,83,127-95,FALLECIMIENTO
EP-2026-00824,SIP-314426,20-09-2026 00:38:35,20/09/2026 01:23:35,Urgencia por traumatologia,82,153-65,ALTA_OBSERVACION
EP-2026-00585,SIP-504593,2026-09-23 09:49:39,23-09-2026 16:13:39,Urgencia por psiquiatria,66,139/76,FALLECIMIENTO
EP-2026-00790,SIP-610805,2026-09-20 09:29:52,2026-09-20T15:21:52Z,Urgencia por pediatria,125,120/97,ingreso_planta
EP-2026-02247,SIP-133340,,01/09/2026 10:26:06,Urgencia por infeccioso,112,134/100,domicilio
EP-2026-02559,SIP-600942,28-08-2026 15:31:28,2026-08-28 23:21:28,Urgencia por pediatria,62,111/58,ingreso_pediatria
EP-2026-00592,SIP-269135,23/09/2026 01:58 AM,23/09/2026 07:38 AM,Urgencia por psiquiatria,112,120/77,observacion
EP-2026-02506,SIP-613897,28/08/2026 02:15:19,N/D,Urgencia por infeccioso,125,127/83,observacion
EP-2026-03372,SIP-161899,16/08/2026 14:13:43,2026/08/16 20:33:43,Urgencia por traumatologia,100,114/91,ingreso_planta
EP-2026-02947,SIP-823033,22/08/2026 04:18 AM,2026-08-22T07:18:05Z,Urgencia por respiratorio,125,150/102,observacion
EP-2026-02871,SIP-620903,24-08-2026 01:46:31,2026/08/24 07:47:31,Urgencia por digestivo,54,166/67,ingreso_pediatria
EP-2026-00431,SIP-621479,25/09/2026 03:20 PM,26-09-2026 00:39:02,Urgencia por infeccioso,125,152/79,
EP-2026-01724,SIP-182940,08/09/2026 03:15 PM,08/09/2026 23:00:25,Urgencia por infeccioso,79,141/79,observacion
EP-2026-03084,SIP-252988,2026-08-20T13:03:20Z,2026-08-20T22:15:20Z,Urgencia por digestivo,115,131/55,domicilio
EP-2026-00942,SIP-563593,18/09/2026 12:00 AM,N/D,Urgencia por traumatologia,122,NORMAL,observacion
EP-2026-00065,SIP-723537,2026/09/30 16:29:44,01/10/2026 01:42 AM,Urgencia por respiratorio,67,154/102,ingreso_pediatria
EP-2026-00987,SIP-548511,2026-09-17T19:10:51Z,2026/09/17 22:17:51,Urgencia por neurologia,75,143/100,None
EP-2026-02306,SIP-298214,2026-08-31T23:47:13Z,2026/09/01 06:02:13,Urgencia por neurologia,84,120/76,traslado_uci
EP-2026-02415,SIP-723586,2026/08/30 00:07:03,2026-08-30T01:23:03Z,Urgencia por cardiovascular,111,114/97,observacion
EP-2026-00212,SIP-913250,28-09-2026 21:43:09,29-09-2026 02:41:09,Urgencia por cardiovascular,72,116/71,traslado_uci
EP-2026-03299,SIP-310051,17/08/2026 17:59:31,17/08/2026 10:34 PM,Urgencia por pediatria,73,123/93,ingreso_planta
EP-2026-01334,SIP-431206,2026/09/13 02:41:59,13-09-2026 05:49:59,Urgencia por infeccioso,78,116/95,observacion
EP-2026-03343,SIP-482353,2026-08-16 18:45:58,2026/08/17 02:15:58,Urgencia por nefrourologia,450,100/65,domicilio
EP-2026-02686,SIP-914774,2026-08-26T01:05:47Z,26-08-2026 02:14:47,Urgencia por traumatologia,69,86/102,observacion
EP-2026-02312,SIP-773899,31-08-2026 11:12:29,2026-08-31 18:40:29,Urgencia por psiquiatria,53,127/72,ingreso_pediatria
EP-2026-02607,SIP-211694,27/08/2026 11:50 PM,28-08-2026 01:55:21,Urgencia por nefrourologia,54,NORMAL,observacion
EP-2026-02184,SIP-778808,2026-09-02 15:34:08,2026/09/02 22:53:08,Urgencia por infeccioso,67,157/73,ingreso_pediatria
EP-2026-01294,SIP-884828,N/D,14-09-2026 22:51:27,Urgencia por respiratorio,88,127/70,observacion
EP-2026-01020,SIP-263537,2026-09-17 13:17:17,17-09-2026 18:36:17,Urgencia por neurologia,80,149/78,observacion
EP-2026-02201,SIP-648129,2026-09-02T20:09:50Z,02/09/2026 10:30 PM,Urgencia por cardiovascular,61,103/92,ingreso_planta
EP-2026-03282,SIP-756598,17-08-2026 02:27:57,2026-08-17T04:17:57Z,Urgencia por respiratorio,54,103/61,traslado_uci
EP-2026-00607,SIP-902808,2026-09-23 16:27:46,24/09/2026 01:11:46,Urgencia por cardiovascular,71,129/77,domicilio
EP-2026-01220,SIP-987673,14/09/2026 03:55 PM,2026/09/14 16:35:55,Urgencia por pediatria,94,156/67,ingreso_planta
EP-2026-02549,SIP-663656,28/08/2026 11:54 AM,2026-08-28T19:30:16Z,Urgencia por neurologia,77,126/85,ingreso_planta
EP-2026-02115,SIP-792423,2026-09-03T04:19:25Z,03/09/2026 11:57:25,Urgencia por nefrourologia,100,132/84,domicilio
EP-2026-02640,SIP-836498,2026-08-27T15:40:31Z,2026-08-27T21:24:31Z,Urgencia por pediatria,80,169/103,traslado_uci
EP-2026-03487,SIP-902580,14/08/2026 07:07 AM,,Urgencia por traumatologia,118,120/83,traslado_uci
EP-2026-02842,SIP-906067,2026-08-24 21:48:40,2026-08-25 04:43:40,Urgencia por digestivo,124,154/88,ingreso_pediatria
EP-2026-01117,SIP-973177,2026/09/16 11:01:25,2026/09/16 12:51:25,Urgencia por pediatria,104,116/74,null
EP-2026-01622,SIP-509094,09-09-2026 07:54:18,2026/09/09 11:59:18,Urgencia por pediatria,-15,168/95,domicilio
EP-2026-02151,SIP-141855,2026-09-02 07:09:35,02/09/2026 03:47 PM,Urgencia por neurologia,94,141/57,
EP-2026-01489,SIP-919452,11/09/2026 05:42 PM,2026/09/11 23:42:41,Urgencia por cardiovascular,121,135/55,ingreso_planta
EP-2026-02162,SIP-411529,2026/09/02 06:05:14,02/09/2026 14:28:14,Urgencia por traumatologia,102,114/84,domicilio
EP-2026-03227,SIP-588617,18/08/2026 05:13:20,2026/08/18 12:22:20,Urgencia por pediatria,109,PENDIENTE,ingreso_pediatria
EP-2026-02769,SIP-950765,2026/08/25 02:40:03,2026-08-25 10:00:03,Urgencia por infeccioso,75,137/78,null
EP-2026-03271,SIP-663086,17-08-2026 15:31:20,17/08/2026 11:58 PM,Urgencia por cardiovascular,65,112/95,ingreso_pediatria
EP-2026-02384,SIP-956159,30/08/2026 04:43 AM,30/08/2026 14:43:05,Urgencia por traumatologia,-99,113/68,domicilio
EP-2026-01302,SIP-872748,2026-09-13 16:59:46,2026-09-13T23:43:46Z,Urgencia por neurologia,60,115/100,traslado_uci
EP-2026-01298,SIP-256592,13/09/2026 13:14:25,2026-09-13T15:25:25Z,Urgencia por respiratorio,0,107/76,traslado_uci
EP-2026-01978,SIP-658475,2026-09-05 18:23:53,2026-09-06T00:30:53Z,Urgencia por infeccioso,84,123/60,ingreso_pediatria
EP-2026-00998,SIP-276056,17-09-2026 07:11:09,2026-09-17T09:30:09Z,Urgencia por psiquiatria,119,152/71,alta
EP-2026-00191,SIP-558628,2026-09-28T01:12:14Z,,Urgencia por nefrourologia,108,136/61,ALTA_INGRESO_PLANTA
EP-2026-00755,SIP-347727,21/09/2026 12:44 AM,2026-09-21T06:10:12Z,Urgencia por respiratorio,ERROR,164/102,ingreso_pediatria
EP-2026-01830,SIP-686327,2026-09-07T18:32:25Z,08/09/2026 01:26 AM,Urgencia por cardiovascular,91,137/92,observacion
EP-2026-02659,SIP-260908,2026/08/27 03:21:01,2026-08-27T11:54:01Z,Urgencia por nefrourologia,123,119/68,ingreso_planta
EP-2026-01447,SIP-995095,12/09/2026 07:28 PM,2026/09/12 22:52:36,Urgencia por pediatria,109,115/58,ingreso_pediatria
EP-2026-00761,SIP-599977,2026/09/21 11:04:09,2026/09/21 17:04:09,Urgencia por psiquiatria,52,145/78,traslado_uci
EP-2026-00967,SIP-107934,2026-09-18T07:00:49Z,NULL,Urgencia por cardiovascular,106,168/71,ingreso_pediatria
EP-2026-00801,SIP-720469,2026-09-20T01:59:21Z,,Urgencia por nefrourologia,74,148/75,domicilio
EP-2026-00619,SIP-250476,2026/09/23 15:02:50,23/09/2026 06:28 PM,Urgencia por traumatologia,73,126/56,ingreso_planta
EP-2026-01856,SIP-951826,2026-09-07T02:26:46Z,07/09/2026 11:10 AM,Urgencia por digestivo,76,102/104,traslado_uci
EP-2026-00917,SIP-716605,18-09-2026 04:25:19,2026-09-18 13:15:19,Urgencia por pediatria,97,120/88,
EP-2026-02308,SIP-611168,2026-08-31T02:07:59Z,31-08-2026 05:55:59,Urgencia por digestivo,72,PENDIENTE,traslado_uci
EP-2026-02601,SIP-186621,2026-08-27T02:31:10Z,2026-08-27 07:04:10,Urgencia por infeccioso,98,167/71,ingreso_planta
EP-2026-00118,SIP-970234,2026/09/30 21:53:08,2026-10-01 03:06:08,Urgencia por cardiovascular,74,124/101,traslado_uci
EP-2026-00394,SIP-235522,26/09/2026 23:57:15,27-09-2026 01:21:15,Urgencia por digestivo,99,125/74,domicilio
EP-2026-00571,SIP-924369,2026-09-24T03:01:27Z,N/D,Urgencia por nefrourologia,106,162/84,ingreso_planta
EP-2026-01471,SIP-968699,11/09/2026 05:55 AM,2026-09-11T12:53:55Z,Urgencia por infeccioso,97,166/82,ingreso_planta
EP-2026-02853,SIP-962662,24-08-2026 11:00:04,,Urgencia por nefrourologia,68,151/71,traslado_uci
EP-2026-01377,SIP-123268,2026-09-12T23:10:38Z,2026-09-13 01:35:38,Urgencia por traumatologia,58,134/68,ingreso_planta
EP-2026-01097,SIP-421232,2026-09-16 15:17:35,2026-09-16T18:14:35Z,Urgencia por nefrourologia,81,161/93,traslado_uci
EP-2026-00963,SIP-539910,18/09/2026 05:29 AM,18/09/2026 08:21:19,Urgencia por neurologia,105,106/78,observacion
EP-2026-02285,SIP-600935,N/D,02/09/2026 12:42 AM,Urgencia por pediatria,119,127/65,observacion
EP-2026-01474,SIP-559109,N/D,12/09/2026 01:34 AM,Urgencia por nefrourologia,-99,106/74,ingreso_pediatria
EP-2026-01812,SIP-177047,07/09/2026 17:57:24,2026-09-07T19:00:24Z,Urgencia por psiquiatria,106,129/82,observacion
EP-2026-02554,SIP-814823,28/08/2026 12:00:23,2026-08-28T13:29:23Z,Urgencia por pediatria,107,98 74,observacion
EP-2026-03094,SIP-298271,20-08-2026 10:18:57,2026-08-20T10:59:57Z,Urgencia por nefrourologia,89,146/78,ingreso_pediatria
EP-2026-03083,SIP-576986,20/08/2026 09:43 AM,2026-08-20 14:53:15,Urgencia por traumatologia,108,109/92,domicilio
EP-2026-03371,SIP-354011,2026-08-16T09:38:16Z,16-08-2026 19:30:16,Urgencia por nefrourologia,63,140/95,observacion
EP-2026-01385,SIP-580360,2026/09/12 20:20:19,12/09/2026 08:51 PM,Urgencia por psiquiatria,107,141_57,traslado_uci
EP-2026-03090,SIP-965518,2026/08/20 13:36:57,N/D,Urgencia por respiratorio,78,147/77,traslado_uci
EP-2026-03351,SIP-849378,16/08/2026 08:53 PM,17-08-2026 03:37:02,Urgencia por pediatria,450,130/57,observacion
EP-2026-02957,SIP-922423,2026-08-22 09:45:47,2026-08-22T18:17:47Z,Urgencia por digestivo,61,158/61,observacion
EP-2026-02922,SIP-808895,23/08/2026 02:00:45,,Urgencia por neurologia,99,140/99,traslado_uci
EP-2026-02955,SIP-223835,2026-08-22 13:41:06,2026-08-22 21:13:06,Urgencia por neurologia,82,120/79,domicilio
EP-2026-01101,SIP-839186,2026/09/16 16:29:29,16-09-2026 18:44:29,Urgencia por cardiovascular,63,147/104,domicilio
EP-2026-01506,SIP-931170,11/09/2026 11:51 AM,NULL,Urgencia por digestivo,121,156/74,domicilio
EP-2026-02609,SIP-251902,27/08/2026 09:04:33,27-08-2026 16:57:33,Urgencia por digestivo,79,132/67,traslado_uci
EP-2026-02962,SIP-760655,22/08/2026 17:22:51,22-08-2026 18:03:51,Urgencia por infeccioso,111,165/83,ingreso_planta
EP-2026-02879,SIP-324108,23/08/2026 21:44:18,23/08/2026 11:21 PM,Urgencia por pediatria,54,170/91,traslado_uci
EP-2026-02723,SIP-198874,26/08/2026 09:59 AM,2026/08/26 11:40:24,Urgencia por pediatria,67,164/98,ingreso_pediatria
EP-2026-01339,SIP-333249,13/09/2026 02:18:38,2026-09-13 09:17:38,Urgencia por neurologia,-99,101/68,ingreso_planta
EP-2026-01217,SIP-478230,14/09/2026 03:40:51,14/09/2026 07:11:51,Urgencia por psiquiatria,65,99/85,observacion
EP-2026-01193,SIP-103833,2026/09/15 19:53:37,,Urgencia por pediatria,107,106/99,domicilio
EP-2026-03236,SIP-848550,18/08/2026 13:12:18,2026/08/18 19:06:18,Urgencia por infeccioso,90,120/87,ingreso_planta
EP-2026-01284,SIP-257341,2026-09-14T21:05:30Z,2026/09/14 23:52:30,Urgencia por infeccioso,s/d,97/159,traslado_uci
EP-2026-01289,SIP-737061,14-09-2026 03:02:38,14/09/2026 02:02:38,Urgencia por nefrourologia,78,132/61,ingreso_planta
EP-2026-01592,SIP-439213,10/09/2026 12:17:01,2026-09-10T13:03:01Z,Urgencia por cardiovascular,75,164/96,domicilio
EP-2026-01731,SIP-198989,08/09/2026 09:02 AM,08/09/2026 01:40 PM,Urgencia por digestivo,999,144/70,ingreso_pediatria
EP-2026-00360,SIP-379610,2026/09/26 07:08:57,2026-09-26T16:30:57Z,Urgencia por cardiovascular,60,104/70,domicilio
EP-2026-00120,SIP-432402,2026-09-30T19:02:02Z,2026/09/30 21:53:02,Urgencia por infeccioso,84,155/101,ingreso_planta
EP-2026-00784,SIP-994649,2026-09-20T15:54:07Z,2026-09-20 17:49:07,Urgencia por traumatologia,79,137/63,domicilio
EP-2026-02424,SIP-653039,2026/08/30 02:32:07,2026-08-30T10:23:07Z,Urgencia por cardiovascular,-15,165/93,ingreso_planta
EP-2026-02222,SIP-115012,2026-09-01 17:51:50,2026/09/01 20:30:50,Urgencia por respiratorio,0,,domicilio
EP-2026-03013,SIP-209219,22/08/2026 08:49:58,22/08/2026 03:00 PM,Urgencia por digestivo,86,155/67,ingreso_pediatria
EP-2026-02634,SIP-110721,27/08/2026 02:29 AM,2026-08-27 04:47:54,Urgencia por nefrourologia,69,140/90,null
EP-2026-02073,SIP-388021,03-09-2026 06:58:39,2026/09/03 09:25:39,Urgencia por cardiovascular,85,140/55,ingreso_planta
EP-2026-00856,SIP-575024,2026-09-19T19:49:54Z,2026-09-20 04:22:54,Urgencia por neurologia,91,95/86,traslado_uci
EP-2026-02877,SIP-594903,23-08-2026 13:40:44,,Urgencia por nefrourologia,112,156_75,traslado_uci
EP-2026-01337,SIP-785999,NULL,14-09-2026 04:47:32,Urgencia por infeccioso,67,130-96,domicilio
EP-2026-03383,SIP-414854,16-08-2026 10:45:03,2026/08/16 19:56:03,Urgencia por neurologia,80,110/68,domicilio
EP-2026-00813,SIP-274154,2026-09-20T00:17:07Z,2026-09-20 04:54:07,Urgencia por cardiovascular,450,159_102,domicilio
EP-2026-01949,SIP-156767,2026-09-05T00:34:43Z,05-09-2026 07:52:43,Urgencia por respiratorio,62,139/103,domicilio
EP-2026-01473,SIP-797062,11/09/2026 21:18:52,12-09-2026 00:28:52,Urgencia por traumatologia,53,146/58,traslado_uci
EP-2026-02468,SIP-530505,2026/08/29 19:18:59,30-08-2026 01:27:59,Urgencia por pediatria,57,161/94,
EP-2026-02144,SIP-795934,02-09-2026 12:51:37,02/09/2026 06:27 PM,Urgencia por neurologia,57,139/82,observacion
EP-2026-00206,SIP-823906,2026/09/28 15:33:21,2026/09/28 17:52:21,Urgencia por pediatria,59,132/80,traslado_uci
EP-2026-00893,SIP-595336,19/09/2026 19:00:59,19-09-2026 20:50:59,Urgencia por neurologia,56,148/83,ingreso_pediatria
EP-2026-00168,SIP-581797,29/09/2026 05:47 AM,2026/09/29 07:52:25,Urgencia por nefrourologia,90,124/91,ingreso_planta
EP-2026-00193,SIP-632713,2026/09/28 08:41:36,28/09/2026 05:41 AM,Urgencia por pediatria,87,169/58,domicilio
EP-2026-00190,SIP-488441,28/09/2026 03:07 AM,28-09-2026 10:28:51,Urgencia por cardiovascular,89,122/105,
EP-2026-00112,SIP-724069,,2026/09/30 15:13:39,Urgencia por traumatologia,97,157/80,traslado_uci
EP-2026-02172,SIP-938448,2026-09-02 10:49:51,N/D,Urgencia por psiquiatria,99,138/63,domicilio
EP-2026-01183,SIP-869993,2026/09/15 10:23:11,15-09-2026 17:50:11,Urgencia por neurologia,61,127/93,domicilio
EP-2026-00070,SIP-233838,30/09/2026 04:50:33,2026/09/30 08:08:33,Urgencia por neurologia,93,105/91,domicilio
EP-2026-02776,SIP-320495,2026-08-25T05:31:19Z,25-08-2026 07:35:19,Urgencia por cardiovascular,122,95/104,ingreso_planta
EP-2026-02349,SIP-610822,30/08/2026 02:18:04,30/08/2026 08:14:04,Urgencia por respiratorio,90,164/77,observacion
EP-2026-02524,SIP-858691,28-08-2026 10:39:35,28/08/2026 11:16 AM,Urgencia por cardiovascular,123,134/68,ingreso_planta
EP-2026-02273,SIP-847919,NULL,01/09/2026 19:47:17,Urgencia por traumatologia,-99,129/75,ingreso_pediatria
EP-2026-00466,SIP-973330,25-09-2026 01:42:56,2026-09-25 08:45:56,Urgencia por traumatologia,104,125/67,traslado_uci
EP-2026-00290,SIP-445271,27/09/2026 01:06:54,2026-09-27T05:35:54Z,Urgencia por nefrourologia,81,164/88,ingreso_pediatria
EP-2026-01825,SIP-197368,2026/09/07 03:13:42,07-09-2026 04:53:42,Urgencia por nefrourologia,84,137/76,traslado_uci
EP-2026-00243,SIP-260703,2026-09-28T23:38:23Z,2026/09/29 09:12:23,Urgencia por respiratorio,999,113/58,domicilio
EP-2026-03108,SIP-141817,20/08/2026 12:02 PM,,Urgencia por nefrourologia,60,162/93,traslado_uci
EP-2026-02501,SIP-286991,2026-08-29 04:53:17,29/08/2026 05:52:17,Urgencia por nefrourologia,68,155/83,observacion
EP-2026-00817,SIP-855162,2026-09-20 10:09:06,2026/09/20 18:18:06,Urgencia por pediatria,s/d,103/83,ingreso_pediatria
EP-2026-01333,SIP-260827,2026-09-13 09:36:53,13-09-2026 14:20:53,Urgencia por traumatologia,87,PENDIENTE,ingreso_pediatria
EP-2026-00646,SIP-681870,2026-09-23T06:17:40Z,2026-09-23 14:53:40,Urgencia por cardiovascular,63,124/103,ingreso_pediatria
EP-2026-02606,SIP-779559,,,Urgencia por neurologia,73,97/56,ingreso_planta
EP-2026-02715,SIP-781902,26/08/2026 20:27:50,26/08/2026 09:01 PM,Urgencia por psiquiatria,76,115/102,ingreso_pediatria
EP-2026-03410,SIP-672712,15/08/2026 06:41:22,15/08/2026 07:22 AM,Urgencia por traumatologia,76,101/97,observacion
EP-2026-02338,SIP-586961,2026-08-31 21:57:51,01/09/2026 02:27:51,Urgencia por pediatria,75,136/63,domicilio
EP-2026-02525,SIP-190160,N/D,2026/08/28 12:56:46,Urgencia por infeccioso,55,97/105,domicilio
EP-2026-03257,SIP-469050,2026-08-18T01:52:55Z,18/08/2026 12:52 AM,Urgencia por infeccioso,87,154/104,ingreso_planta
EP-2026-02833,SIP-704778,24-08-2026 00:14:46,2026-08-24 05:43:46,Urgencia por digestivo,118,128/69,ingreso_planta
EP-2026-01810,SIP-429554,07-09-2026 17:41:41,07-09-2026 15:41:41,Urgencia por infeccioso,78,125/64,ingreso_planta
EP-2026-03475,SIP-101773,2026-08-14 12:05:05,2026/08/14 19:21:05,Urgencia por respiratorio,122,143/81,ingreso_pediatria
EP-2026-03295,SIP-323079,2026-08-17 00:27:07,17-08-2026 02:35:07,Urgencia por cardiovascular,113,143/91,observacion
EP-2026-01774,SIP-131988,07/09/2026 06:28:18,2026/09/07 09:57:18,Urgencia por nefrourologia,57,127/75,traslado_uci
EP-2026-00130,SIP-413247,30/09/2026 10:31:42,30-09-2026 12:21:42,Urgencia por respiratorio,111,127/68,traslado_uci
EP-2026-01726,SIP-791235,2026-09-08 09:36:52,2026-09-08T12:19:52Z,Urgencia por digestivo,88,153/69,ingreso_pediatria
EP-2026-02400,SIP-377206,30/08/2026 01:38:41,2026/08/30 07:47:41,Urgencia por nefrourologia,98,162/55,domicilio
EP-2026-00039,SIP-850916,01/10/2026 01:33:47,N/D,Urgencia por pediatria,-15,170/61,domicilio
EP-2026-00572,SIP-569444,NULL,2026-09-24 03:30:07,Urgencia por traumatologia,68,71/161,observacion
EP-2026-01234,SIP-647948,14-09-2026 20:30:44,N/D,Urgencia por cardiovascular,-99,106/72,ingreso_pediatria
EP-2026-00794,SIP-277834,2026-09-20 20:34:05,2026-09-21T02:09:05Z,Urgencia por cardiovascular,87,141/94,traslado_uci
EP-2026-01832,SIP-945476,2026/09/07 23:26:03,08-09-2026 01:47:03,Urgencia por neurologia,-15,140/81,ingreso_planta
EP-2026-02740,SIP-903629,26/08/2026 14:38:12,26/08/2026 23:45:12,Urgencia por respiratorio,68,110/99,traslado_uci
EP-2026-00143,SIP-549508,2026-09-29T18:22:49Z,2026/09/29 20:45:49,Urgencia por infeccioso,94,66/126,traslado_uci
EP-2026-02328,SIP-298329,31-08-2026 11:12:44,2026-08-31T14:26:44Z,Urgencia por nefrourologia,91,160/101,traslado_uci
EP-2026-01417,SIP-759627,2026/09/12 14:52:54,2026/09/12 16:49:54,Urgencia por cardiovascular,103,117/102,traslado_uci
EP-2026-01151,SIP-545884,2026/09/15 23:37:00,16/09/2026 03:57 AM,Urgencia por infeccioso,63,165/89,observacion
EP-2026-03000,SIP-125482,2026-08-22T02:52:11Z,22-08-2026 07:20:11,Urgencia por nefrourologia,89,124/85,INGRESO_PEDIATRIA
EP-2026-01312,SIP-642979,13-09-2026 08:47:17,2026/09/13 17:43:17,Urgencia por cardiovascular,-15,109/81,ingreso_pediatria
EP-2026-01525,SIP-845881,2026-09-11 09:23:41,,Urgencia por pediatria,120,95 57,domicilio
EP-2026-01936,SIP-802183,05-09-2026 05:18:18,2026-09-05 14:15:18,Urgencia por respiratorio,110,140/105,ingreso_pediatria
EP-2026-03093,SIP-778186,2026-08-20T23:15:19Z,,Urgencia por infeccioso,104,167/97,ingreso_planta
EP-2026-01573,SIP-703416,,10/09/2026 03:19 PM,Urgencia por infeccioso,55,154/81,ingreso_planta
EP-2026-00033,SIP-484875,01/10/2026 21:00:29,01/10/2026 23:04:29,Urgencia por digestivo,63,133/89,alta
EP-2026-01849,SIP-903645,2026-09-07T13:38:42Z,07/09/2026 23:07:42,Urgencia por neurologia,118,151/55,observacion
EP-2026-02918,SIP-214233,2026-08-23T20:23:50Z,24-08-2026 01:33:50,Urgencia por respiratorio,91,152/67,ingreso_planta
EP-2026-01355,SIP-841621,2026/09/13 07:50:09,13-09-2026 12:36:09,Urgencia por traumatologia,117,102/92,ingreso_planta
EP-2026-03156,SIP-586685,19-08-2026 13:30:34,19/08/2026 20:14:34,Urgencia por nefrourologia,66,149/101,domicilio
EP-2026-03356,SIP-339661,2026/08/16 01:55:44,16/08/2026 05:16:44,Urgencia por cardiovascular,83,105/138,None
EP-2026-02865,SIP-295115,2026-08-24 02:25:24,24/08/2026 05:55:24,Urgencia por cardiovascular,69,133/98,traslado_uci
EP-2026-03364,SIP-101485,2026-08-16 01:00:49,2026-08-16T02:39:49Z,Urgencia por infeccioso,116,142/81,ingreso_pediatria
EP-2026-01715,SIP-291914,2026-09-08T21:16:30Z,09-09-2026 01:00:30,Urgencia por nefrourologia,123,136/71,domicilio
EP-2026-00921,SIP-983514,18/09/2026 11:11 AM,18/09/2026 20:03:32,Urgencia por nefrourologia,64,152/104,observacion
EP-2026-00621,SIP-362864,23/09/2026 12:25 AM,N/D,Urgencia por psiquiatria,52,123/76,ingreso_planta
EP-2026-00301,SIP-846398,2026/09/27 09:57:28,2026-09-27 12:28:28,Urgencia por infeccioso,69,104/93,ingreso_planta
EP-2026-01437,SIP-774008,12-09-2026 00:58:13,12-09-2026 09:35:13,Urgencia por psiquiatria,80,157/87,Domicilio
EP-2026-00462,SIP-611619,2026/09/25 23:33:34,2026/09/26 06:30:34,Urgencia por pediatria,112,169/68,None
EP-2026-02327,SIP-985539,31/08/2026 13:02:06,2026-08-31T17:31:06Z,Urgencia por respiratorio,122,160/61,observacion
EP-2026-03134,SIP-998223,20-08-2026 15:02:45,20-08-2026 23:13:45,Urgencia por pediatria,64,101/100,ingreso_planta
EP-2026-00508,SIP-905778,2026-09-24T00:38:19Z,24/09/2026 08:23 AM,Urgencia por psiquiatria,80,111/72,ingreso_planta
EP-2026-00582,SIP-967447,24/09/2026 02:49 PM,2026-09-24T19:12:56Z,Urgencia por psiquiatria,s/d,146/89,ingreso_planta
EP-2026-00235,SIP-987027,2026-09-28 12:38:11,2026-09-28T16:48:11Z,Urgencia por pediatria,58,168/55,ingreso_planta
EP-2026-00641,SIP-234399,2026/09/23 21:08:30,23-09-2026 23:07:30,Urgencia por respiratorio,120,161/67,alta
EP-2026-00256,SIP-192080,28-09-2026 02:36:55,2026-09-28T06:12:55Z,Urgencia por pediatria,100,108/83,ingreso_planta
EP-2026-02532,SIP-960716,2026-08-28T07:45:59Z,2026-08-28 13:14:59,Urgencia por traumatologia,96,134/92,traslado_uci
EP-2026-00126,SIP-772757,30/09/2026 08:23 AM,2026-09-30T14:17:41Z,Urgencia por neurologia,101,134 96,observacion
EP-2026-02720,SIP-821446,2026/08/26 05:54:53,2026-08-26 15:31:53,Urgencia por cardiovascular,69,123/65,traslado_uci
EP-2026-00213,SIP-802829,2026-09-28T01:27:55Z,2026/09/28 02:33:55,Urgencia por nefrourologia,56,110/105,observacion
EP-2026-02602,SIP-363244,2026-08-27 07:39:19,2026-08-27 14:19:19,Urgencia por traumatologia,109,152/58,traslado_uci
EP-2026-02692,SIP-936015,26-08-2026 03:57:49,26/08/2026 06:20:49,Urgencia por psiquiatria,124,125/61,observacion
EP-2026-02590,SIP-171381,2026-08-28T09:59:49Z,28/08/2026 13:01:49,Urgencia por cardiovascular,97,166/64,ingreso_planta
EP-2026-02626,SIP-120965,27/08/2026 01:01 PM,2026/08/27 21:44:16,Urgencia por pediatria,78,170/94,observacion
EP-2026-02388,SIP-607396,30/08/2026 06:02 AM,30/08/2026 09:52:13,Urgencia por infeccioso,999,137/92,FALLECIMIENTO
EP-2026-02503,SIP-937150,2026-08-28T17:25:19Z,29/08/2026 01:47:19,Urgencia por infeccioso,118,125/72,domicilio
EP-2026-02256,SIP-193266,2026-09-01 06:18:48,01/09/2026 07:14 AM,Urgencia por cardiovascular,97,128/102,ingreso_pediatria
EP-2026-00066,SIP-801465,,30/09/2026 05:53 PM,Urgencia por cardiovascular,63,110/87,ingreso_planta
EP-2026-00184,SIP-504573,2026-09-29 20:37:09,2026-09-29T21:40:09Z,Urgencia por digestivo,70,96/105,traslado_uci
EP-2026-01405,SIP-119757,2026/09/12 13:42:02,2026-09-12 14:46:02,Urgencia por pediatria,125,113/97,observacion
EP-2026-00717,SIP-249710,21-09-2026 20:18:23,,Urgencia por psiquiatria,59,136/58,domicilio
EP-2026-00520,SIP-824884,24-09-2026 11:30:25,2026-09-24T15:40:25Z,Urgencia por traumatologia,65,PENDIENTE,traslado_uci
EP-2026-02902,SIP-711099,2026-08-23 06:56:53,23/08/2026 03:56:53,Urgencia por infeccioso,125,113/81,ingreso_planta
EP-2026-00170,SIP-851177,N/D,30-09-2026 03:05:47,Urgencia por nefrourologia,99,144/92,ingreso_planta
EP-2026-01989,SIP-632726,2026/09/05 08:34:22,NULL,Urgencia por cardiovascular,125,143/91,domicilio
EP-2026-00727,SIP-590652,2026-09-21 04:30:31,21/09/2026 05:37 AM,Urgencia por cardiovascular,78,114/93,domicilio
EP-2026-00538,SIP-247964,2026-09-24 04:15:28,24/09/2026 07:50:28,Urgencia por psiquiatria,93,131/97,ingreso_pediatria
EP-2026-01559,SIP-295681,2026/09/10 15:18:19,2026/09/10 23:45:19,Urgencia por pediatria,62,103/105,FALLECIMIENTO
EP-2026-01341,SIP-407591,,13-09-2026 23:09:29,Urgencia por digestivo,113,110/69,traslado_uci
EP-2026-00539,SIP-818738,2026/09/24 19:56:38,NULL,Urgencia por cardiovascular,0,121/105,traslado_uci
EP-2026-00023,SIP-279907,01/10/2026 08:37:29,2026/10/01 11:55:29,Urgencia por psiquiatria,87,116/84,Domicilio
EP-2026-03179,SIP-509419,19/08/2026 02:48 AM,NULL,Urgencia por neurologia,63,99/103,ingreso_pediatria
EP-2026-00653,SIP-602474,22-09-2026 14:19:16,22/09/2026 05:32 PM,Urgencia por infeccioso,107,115/98,traslado_uci
EP-2026-01146,SIP-366630,2026-09-15 09:25:33,15/09/2026 11:06:33,Urgencia por psiquiatria,71,150/83,traslado_uci
EP-2026-00528,SIP-149226,2026-09-24 11:16:00,24/09/2026 07:13 PM,Urgencia por digestivo,75,97/83,traslado_uci
EP-2026-03346,SIP-504443,16/08/2026 12:45 PM,2026-08-16 21:40:54,Urgencia por pediatria,98,PENDIENTE,domicilio
EP-2026-01502,SIP-539869,2026/09/11 20:04:58,12-09-2026 01:39:58,Urgencia por nefrourologia,120,110/87,INGRESO_PLANTA
EP-2026-01487,SIP-722211,11-09-2026 22:42:32,12-09-2026 03:58:32,Urgencia por psiquiatria,107,118/59,
EP-2026-01396,SIP-787597,12/09/2026 16:11:30,13/09/2026 01:38 AM,Urgencia por respiratorio,87,141/96,observacion
EP-2026-01572,SIP-751005,2026-09-10T10:20:19Z,2026-09-10 13:03:19,Urgencia por infeccioso,96,101/93,ingreso_pediatria
EP-2026-00031,SIP-160471,2026/10/01 02:50:11,01/10/2026 07:14 AM,Urgencia por pediatria,121,153/61,traslado_uci
EP-2026-00198,SIP-520074,2026-09-28 08:49:54,28-09-2026 15:26:54,Urgencia por digestivo,109,131/72,domicilio
EP-2026-02629,SIP-339530,2026-08-27T13:18:48Z,2026-08-27T15:29:48Z,Urgencia por nefrourologia,80,167/67,observacion
EP-2026-03253,SIP-337308,18/08/2026 06:47:12,18/08/2026 09:57:12,Urgencia por cardiovascular,s/d,131/77,domicilio
EP-2026-02977,SIP-763230,22-08-2026 11:41:18,2026-08-22 16:49:18,Urgencia por digestivo,64,170/60,domicilio
EP-2026-03376,SIP-264121,16-08-2026 23:14:30,17/08/2026 12:22 AM,Urgencia por nefrourologia,0,119/102,ingreso_pediatria
EP-2026-01598,SIP-805822,,2026-09-10T15:02:34Z,Urgencia por neurologia,93,155/67,domicilio
EP-2026-01709,SIP-828808,2026/09/08 00:40:07,08/09/2026 07:08:07,Urgencia por infeccioso,97,118/67,traslado_uci
EP-2026-03178,SIP-640474,19/08/2026 07:59:36,2026-08-19 16:25:36,Urgencia por pediatria,122,,ingreso_planta
EP-2026-01288,SIP-381969,14/09/2026 02:29 PM,2026-09-14 19:45:55,Urgencia por infeccioso,123,141_59,traslado_uci
EP-2026-01714,SIP-826788,08-09-2026 05:19:51,2026-09-08 07:23:51,Urgencia por pediatria,119,126/99,domicilio
EP-2026-02517,SIP-416420,28-08-2026 20:49:41,2026-08-28 23:57:41,Urgencia por digestivo,69,134/56,INGRESO_PEDIATRIA
EP-2026-01607,SIP-811939,10/09/2026 02:45 AM,2026-09-10 06:22:49,Urgencia por traumatologia,91,123/68,observacion
EP-2026-00742,SIP-494907,2026-09-21T07:35:00Z,2026-09-21 08:42:00,Urgencia por respiratorio,-15,144/57,null
EP-2026-00109,SIP-338067,2026/09/30 11:15:38,2026-09-30T15:28:38Z,Urgencia por traumatologia,57,117/103,traslado_uci
EP-2026-02054,SIP-246837,2026-09-03 05:48:10,03/09/2026 06:21 AM,Urgencia por neurologia,450,98/70,ingreso_planta
EP-2026-01501,SIP-992568,11-09-2026 12:17:22,2026-09-11T19:20:22Z,Urgencia por psiquiatria,54,117/89,traslado_uci
EP-2026-00306,SIP-378195,27/09/2026 09:15:50,2026-09-27T17:59:50Z,Urgencia por infeccioso,92,170/102,traslado_uci
EP-2026-03098,SIP-175584,20/08/2026 12:10 PM,2026/08/20 22:10:58,Urgencia por neurologia,97,104/102,ingreso_pediatria
EP-2026-00284,SIP-596801,2026-09-27T15:40:15Z,2026/09/27 16:32:15,Urgencia por pediatria,110,141/55,traslado_uci
EP-2026-02003,SIP-721479,2026/09/04 10:55:37,04/09/2026 01:55 PM,Urgencia por cardiovascular,83,159/83,alta
EP-2026-01072,SIP-308816,2026-09-16 23:10:57,17-09-2026 06:17:57,Urgencia por nefrourologia,119,157/100,observacion
EP-2026-01186,SIP-685013,2026-09-15T08:08:34Z,2026-09-15 11:02:34,Urgencia por neurologia,52,98/90,traslado_uci
EP-2026-02892,SIP-236023,23/08/2026 01:32:22,2026-08-23 07:08:22,Urgencia por neurologia,56,143/85,ingreso_pediatria
EP-2026-01389,SIP-617793,N/D,12/09/2026 05:30 AM,Urgencia por respiratorio,113,146/72,ingreso_pediatria
EP-2026-00117,SIP-140423,2026-09-30T12:15:19Z,30/09/2026 16:57:19,Urgencia por digestivo,61,s/d,ingreso_pediatria
EP-2026-00848,SIP-944011,2026-09-19 13:32:08,19/09/2026 21:53:08,Urgencia por infeccioso,71,166_89,traslado_uci
EP-2026-00391,SIP-861166,26/09/2026 05:22:08,2026-09-26T09:29:08Z,Urgencia por psiquiatria,106,103 65,ingreso_pediatria
EP-2026-00550,SIP-531579,2026-09-24 18:39:49,,Urgencia por traumatologia,85,109/86,domicilio
EP-2026-01865,SIP-468689,2026-09-06 16:13:03,,Urgencia por pediatria,119,126/76,ingreso_pediatria
EP-2026-03436,SIP-232269,2026-08-15 10:16:48,15-08-2026 13:32:48,Urgencia por cardiovascular,66,129/66,observacion
EP-2026-00008,SIP-431416,2026/10/01 22:07:43,2026-10-02T02:17:43Z,Urgencia por infeccioso,99,159/98,observacion
EP-2026-02614,SIP-479195,27/08/2026 09:59 PM,28/08/2026 07:15 AM,Urgencia por cardiovascular,116,148/58,observacion
EP-2026-00821,SIP-506542,2026-09-20 10:08:18,,Urgencia por digestivo,125,168/69,ingreso_planta
EP-2026-01438,SIP-700227,2026-09-12T21:03:14Z,2026-09-13 02:26:14,Urgencia por nefrourologia,124,104/72,ingreso_pediatria
EP-2026-02564,SIP-943036,28/08/2026 18:15:34,2026-08-28 22:57:34,Urgencia por cardiovascular,118,,ingreso_planta
EP-2026-00378,SIP-885018,2026-09-26 07:35:54,2026-09-26T12:50:54Z,Urgencia por traumatologia,125,141/88,observacion
EP-2026-00350,SIP-538447,27/09/2026 03:01 PM,2026/09/27 19:34:06,Urgencia por digestivo,108,111/57,domicilio
EP-2026-03219,SIP-861742,18/08/2026 14:13:34,2026-08-18T23:17:34Z,Urgencia por traumatologia,-99,168/71,alta
EP-2026-00588,SIP-945712,2026/09/23 08:00:09,2026-09-23 08:48:09,Urgencia por neurologia,77,139/66,ALTA_DOMICILIO
EP-2026-00740,SIP-729989,21/09/2026 12:30:22,21-09-2026 19:51:22,Urgencia por cardiovascular,97,102_69,traslado_uci
EP-2026-01365,SIP-141930,12-09-2026 10:21:38,12/09/2026 11:06:38,Urgencia por psiquiatria,56,169/77,ingreso_planta
EP-2026-01867,SIP-692607,06-09-2026 13:35:22,2026-09-06 22:53:22,Urgencia por infeccioso,104,139/67,OBSERVACION
EP-2026-02579,SIP-786115,2026-08-28 13:09:13,28/08/2026 07:36 PM,Urgencia por traumatologia,57,136/67,traslado_uci
EP-2026-01712,SIP-760116,08/09/2026 08:53:28,2026/09/08 10:56:28,Urgencia por nefrourologia,58,98/69,ingreso_pediatria
EP-2026-00193,SIP-632713,2026/09/28 08:41:36,28/09/2026 05:41 AM,Urgencia por pediatria,87,169/58,domicilio
EP-2026-03203,SIP-758398,19-08-2026 05:26:08,19/08/2026 11:17:08,Urgencia por psiquiatria,109,,observacion
EP-2026-00869,SIP-714251,2026-09-19T01:16:35Z,NULL,Urgencia por nefrourologia,91,127/81,observacion
EP-2026-01093,SIP-881961,2026-09-16T01:59:01Z,2026-09-16T08:22:01Z,Urgencia por cardiovascular,69,129/99,DOMICILIO
EP-2026-02405,SIP-767761,2026/08/30 18:05:01,31/08/2026 12:24 AM,Urgencia por psiquiatria,67,164/87,ingreso_pediatria
EP-2026-03100,SIP-528150,2026-08-20 06:55:25,20-08-2026 14:47:25,Urgencia por traumatologia,95,167/95,traslado_uci
EP-2026-00032,SIP-299407,2026-10-01 01:51:33,2026-10-01 09:25:33,Urgencia por digestivo,120,116/93,
EP-2026-00855,SIP-822871,2026/09/19 20:16:43,20/09/2026 03:18 AM,Urgencia por psiquiatria,55,154/73,ingreso_pediatria
EP-2026-02005,SIP-393990,2026-09-04 19:54:05,2026-09-04 20:50:05,Urgencia por respiratorio,101,118/74,ingreso_pediatria
EP-2026-02676,SIP-695424,26/08/2026 12:04:12,26/08/2026 04:47 PM,Urgencia por respiratorio,93,152/85,ingreso_planta
EP-2026-02012,SIP-935970,2026/09/04 13:24:37,04/09/2026 09:39 PM,Urgencia por infeccioso,72,149/65,observacion
EP-2026-00704,SIP-220888,2026-09-22 09:06:04,2026-09-22T17:31:04Z,Urgencia por cardiovascular,125,134/60,ingreso_planta
EP-2026-01807,SIP-296130,2026/09/07 03:28:21,07/09/2026 04:19:21,Urgencia por traumatologia,89,124/89,observacion
EP-2026-00381,SIP-947652,2026-09-26 13:02:03,2026-09-26 22:42:03,Urgencia por traumatologia,118,114/103,traslado_uci
EP-2026-00669,SIP-117424,22-09-2026 03:37:43,2026-09-22 09:51:43,Urgencia por neurologia,71,123/103,ingreso_pediatria
EP-2026-03414,SIP-430325,2026-08-15T08:12:07Z,2026-08-15 08:56:07,Urgencia por infeccioso,122,131/95,domicilio
EP-2026-00925,SIP-278187,18/09/2026 01:02 AM,18/09/2026 05:02:51,Urgencia por psiquiatria,95,106/94,observacion
EP-2026-00268,SIP-566328,2026-09-28T00:41:35Z,28/09/2026 03:27 AM,Urgencia por nefrourologia,85,147/59,Domicilio
EP-2026-03266,SIP-121231,N/D,18/08/2026 03:46:32,Urgencia por nefrourologia,65,169/100,traslado_uci
EP-2026-00122,SIP-452765,2026-09-30T09:17:10Z,2026/09/30 13:27:10,Urgencia por cardiovascular,76,115/87,ingreso_planta
EP-2026-02267,SIP-997857,N/D,01/09/2026 08:23 PM,Urgencia por respiratorio,89,112/73,domicilio
EP-2026-01597,SIP-775614,10/09/2026 04:40:36,N/D,Urgencia por pediatria,88,PENDIENTE,domicilio
EP-2026-01571,SIP-715788,2026/09/10 22:26:54,2026/09/11 03:15:54,Urgencia por neurologia,107,147/77,observacion
EP-2026-03089,SIP-284303,20-08-2026 18:19:18,2026-08-20T21:41:18Z,Urgencia por psiquiatria,121,160_95,ingreso_pediatria
EP-2026-02514,SIP-884104,2026/08/28 13:06:37,28/08/2026 15:31:37,Urgencia por digestivo,62,130/99,traslado_uci
EP-2026-03082,SIP-555896,20/08/2026 08:52 PM,2026-08-21 05:02:13,Urgencia por pediatria,63,151/56,traslado_uci
EP-2026-03022,SIP-461911,21/08/2026 13:15:54,21/08/2026 10:02 PM,Urgencia por neurologia,118,127/78,traslado_uci
EP-2026-03211,SIP-799827,NULL,19/08/2026 02:56:19,Urgencia por nefrourologia,111,117/102,domicilio
EP-2026-03224,SIP-693335,18/08/2026 03:00 PM,18-08-2026 23:55:11,Urgencia por neurologia,102,113/62,ingreso_planta
EP-2026-01542,SIP-229055,10/09/2026 04:00 AM,10/09/2026 11:10:59,Urgencia por neurologia,75,106/67,observacion
EP-2026-01813,SIP-790148,07/09/2026 01:06 AM,2026-09-07T08:17:10Z,Urgencia por pediatria,119,161/90,ingreso_planta
EP-2026-00899,SIP-602363,2026-09-19 00:48:36,,Urgencia por respiratorio,105,155/98,domicilio
EP-2026-01621,SIP-546958,2026-09-09T19:59:00Z,09/09/2026 20:54:00,Urgencia por nefrourologia,65,55/158,observacion
EP-2026-01039,SIP-342057,2026/09/17 12:41:01,2026-09-17 19:10:01,Urgencia por cardiovascular,58,159/99,ingreso_pediatria
EP-2026-00505,SIP-670366,2026-09-24 06:16:56,24-09-2026 12:12:56,Urgencia por infeccioso,0,110/99,observacion
EP-2026-00948,SIP-111280,18/09/2026 17:38:41,19/09/2026 00:25:41,Urgencia por pediatria,104,105/103,Domicilio
EP-2026-00599,SIP-910983,23/09/2026 05:35:32,2026-09-23T14:11:32Z,Urgencia por pediatria,100,123/99,observacion
EP-2026-02915,SIP-565944,23-08-2026 01:06:59,2026-08-23T08:33:59Z,Urgencia por cardiovascular,64,147/93,FALLECIMIENTO
EP-2026-02475,SIP-874093,2026-08-29T01:36:58Z,29-08-2026 06:13:58,Urgencia por respiratorio,68,164/97,traslado_uci
EP-2026-02507,SIP-772957,28/08/2026 23:08:10,2026-08-29T04:14:10Z,Urgencia por psiquiatria,450,159/101,observacion
EP-2026-01554,SIP-162403,2026-09-10 03:18:14,2026-09-10T12:51:14Z,Urgencia por pediatria,69,146/71,traslado_uci
EP-2026-00017,SIP-940803,01-10-2026 01:15:25,2026-10-01T06:32:25Z,Urgencia por digestivo,97,111/84,domicilio
EP-2026-01833,SIP-837050,2026-09-07 23:24:41,2026-09-08T04:59:41Z,Urgencia por pediatria,88,108/84,traslado_uci
EP-2026-03294,SIP-251883,17/08/2026 10:13 AM,17/08/2026 15:18:15,Urgencia por nefrourologia,86,146/75,observacion
EP-2026-00368,SIP-172126,2026-09-26T07:32:13Z,26/09/2026 08:29 AM,Urgencia por infeccioso,123,159/87,ingreso_planta
EP-2026-02053,SIP-732549,2026-09-03 13:29:47,03/09/2026 09:46 PM,Urgencia por cardiovascular,97,96/57,observacion
EP-2026-01909,SIP-375029,2026/09/06 08:09:53,06-09-2026 09:45:53,Urgencia por cardiovascular,90,169/85,traslado_uci
EP-2026-02487,SIP-106518,2026-08-29 09:05:33,2026/08/29 13:48:33,Urgencia por infeccioso,120,132/65,traslado_uci
EP-2026-02046,SIP-930744,04-09-2026 18:37:58,2026-09-05T02:20:58Z,Urgencia por cardiovascular,76,113/94,observacion
EP-2026-02948,SIP-478286,2026-08-22T07:31:50Z,22/08/2026 13:40:50,Urgencia por pediatria,116,148/59,observacion
EP-2026-02893,SIP-402272,23/08/2026 02:48 AM,2026-08-23 04:36:10,Urgencia por neurologia,55,143/80,traslado_uci
EP-2026-00878,SIP-288696,19/09/2026 10:31 PM,N/D,Urgencia por traumatologia,58,138/75,observacion
EP-2026-03155,SIP-538258,2026/08/19 07:49:06,19/08/2026 13:45:06,Urgencia por pediatria,122,162/82,observacion
EP-2026-02132,SIP-134023,02-09-2026 10:34:09,02/09/2026 16:30:09,Urgencia por digestivo,123,128/94,domicilio
EP-2026-01940,SIP-213762,2026-09-05T11:14:16Z,05/09/2026 19:19:16,Urgencia por digestivo,57,104/105,None
EP-2026-02583,SIP-501054,2026-08-28T05:15:08Z,2026/08/28 13:48:08,Urgencia por infeccioso,113,95/73,observacion
EP-2026-00467,SIP-858253,25/09/2026 05:54 PM,2026/09/26 00:07:08,Urgencia por pediatria,119,143/74,ingreso_pediatria
EP-2026-00025,SIP-560092,2026/10/01 16:09:56,01/10/2026 09:43 PM,Urgencia por digestivo,89,135/65,alta
EP-2026-01490,SIP-334376,2026-09-11T17:02:30Z,2026-09-11T20:13:30Z,Urgencia por respiratorio,111,142/73,ingreso_planta
EP-2026-02571,SIP-861546,28/08/2026 12:56:49,2026-08-28 14:37:49,Urgencia por pediatria,65,134/105,domicilio
EP-2026-00357,SIP-937454,2026-09-26 14:58:09,26/09/2026 11:57 PM,Urgencia por psiquiatria,121,161/97,traslado_uci
EP-2026-00559,SIP-822873,24/09/2026 01:34:12,2026-09-24 11:27:12,Urgencia por cardiovascular,86,,
EP-2026-01195,SIP-622616,15/09/2026 10:02:10,2026-09-15 16:46:10,Urgencia por cardiovascular,112,110/67,domicilio
EP-2026-02209,SIP-891609,01/09/2026 10:15 AM,01/09/2026 05:18 PM,Urgencia por digestivo,120,142/89,observacion
EP-2026-01583,SIP-844468,10-09-2026 12:05:39,2026-09-10T15:46:39Z,Urgencia por cardiovascular,98,117/98,ingreso_pediatria
EP-2026-00146,SIP-257422,2026-09-29T23:03:55Z,30-09-2026 07:28:55,Urgencia por pediatria,98,99/74,traslado_uci
EP-2026-02714,SIP-163145,,26/08/2026 23:39:54,Urgencia por nefrourologia,123,116/62,ingreso_pediatria
EP-2026-01507,SIP-836021,11/09/2026 08:46 PM,NULL,Urgencia por respiratorio,59,157/68,ingreso_planta
EP-2026-03033,SIP-583101,2026-08-21 01:38:23,21/08/2026 06:50:23,Urgencia por nefrourologia,62,160/78,observacion
EP-2026-02345,SIP-190332,30/08/2026 08:51 AM,2026-08-30 10:58:02,Urgencia por respiratorio,450,133/72,observacion
EP-2026-00780,SIP-315193,2026-09-20 17:35:25,21-09-2026 02:10:25,Urgencia por traumatologia,63,110/70,ingreso_planta
EP-2026-00444,SIP-470770,25/09/2026 14:14:56,2026-09-25 19:06:56,Urgencia por pediatria,83,155/104,domicilio
EP-2026-02092,SIP-540455,03/09/2026 12:17 AM,03-09-2026 06:46:54,Urgencia por digestivo,56,133/77,ingreso_planta
EP-2026-00668,SIP-205397,22/09/2026 09:24:03,22/09/2026 15:17:03,Urgencia por traumatologia,93,166/68,FALLECIMIENTO
EP-2026-02147,SIP-927472,2026/09/02 00:30:33,02-09-2026 03:41:33,Urgencia por traumatologia,101,116/103,ingreso_pediatria
EP-2026-00291,SIP-673261,27-09-2026 05:04:54,27-09-2026 14:49:54,Urgencia por infeccioso,122,157/64,ingreso_pediatria
EP-2026-00039,SIP-850916,01/10/2026 01:33:47,N/D,Urgencia por pediatria,-15,170/61,domicilio
EP-2026-01293,SIP-553499,2026/09/14 06:08:03,2026-09-14T12:21:03Z,Urgencia por respiratorio,76,162/58,traslado_uci
EP-2026-00557,SIP-216398,24/09/2026 08:34 PM,2026-09-25 04:49:55,Urgencia por infeccioso,-15,169/98,observacion
EP-2026-02585,SIP-618599,2026/08/28 23:27:28,2026-08-29T01:23:28Z,Urgencia por psiquiatria,s/d,105/96,traslado_uci
EP-2026-00872,SIP-526246,19/09/2026 10:45 AM,2026-09-19 12:50:37,Urgencia por respiratorio,123,111/97,domicilio
EP-2026-02080,SIP-661679,2026/09/03 09:30:23,03/09/2026 10:03:23,Urgencia por psiquiatria,84,167/83,traslado_uci
EP-2026-02116,SIP-521936,03/09/2026 09:46:56,2026/09/03 19:19:56,Urgencia por infeccioso,53,146/90,observacion
EP-2026-02690,SIP-580485,NULL,2026-08-26T17:54:50Z,Urgencia por cardiovascular,68,166/87,traslado_uci
EP-2026-01664,SIP-582241,2026-09-09T06:48:25Z,,Urgencia por digestivo,54,107/59,observacion
EP-2026-03129,SIP-160213,2026/08/20 11:41:48,2026/08/20 12:55:48,Urgencia por neurologia,92,143/90,traslado_uci
EP-2026-00107,SIP-224180,30/09/2026 15:10:02,01/10/2026 12:55 AM,Urgencia por respiratorio,83,169/103,ingreso_pediatria
EP-2026-03405,SIP-666992,2026-08-16T12:28:51Z,16-08-2026 21:39:51,Urgencia por digestivo,-15,97/75,domicilio
EP-2026-03353,SIP-952106,16/08/2026 11:28 PM,,Urgencia por traumatologia,99,116/58,ingreso_planta
EP-2026-02831,SIP-602367,2026/08/24 12:39:42,2026-08-24 13:31:42,Urgencia por digestivo,-15,163/72,domicilio
EP-2026-03146,SIP-928626,20/08/2026 02:43 AM,20/08/2026 06:11:19,Urgencia por nefrourologia,53,106/97,domicilio
EP-2026-01013,SIP-474299,2026-09-17T12:01:08Z,17-09-2026 10:01:08,Urgencia por nefrourologia,94,159/67,ingreso_planta
EP-2026-00549,SIP-260400,2026-09-24 03:41:43,2026-09-24T10:40:43Z,Urgencia por infeccioso,-99,146/93,ingreso_planta
EP-2026-02165,SIP-654554,02/09/2026 08:44:23,2026-09-02T12:23:23Z,Urgencia por psiquiatria,56,167/80,traslado_uci
EP-2026-02484,SIP-436630,2026/08/29 17:24:37,2026-08-29T21:42:37Z,Urgencia por nefrourologia,94,103/72,ingreso_pediatria
EP-2026-00225,SIP-267332,28-09-2026 14:56:32,2026-09-28 21:19:32,Urgencia por infeccioso,78,159/79,ingreso_planta
EP-2026-00939,SIP-797029,2026-09-18T07:09:14Z,18/09/2026 12:33:14,Urgencia por respiratorio,114,159/83,domicilio
EP-2026-00150,SIP-993264,29/09/2026 09:58 PM,30/09/2026 03:42 AM,Urgencia por cardiovascular,59,s/d,ingreso_planta
EP-2026-01051,SIP-288808,,2026/09/16 19:58:23,Urgencia por infeccioso,57,96 65,ingreso_planta
EP-2026-01883,SIP-657434,2026-09-06 21:08:38,2026/09/07 03:46:38,Urgencia por infeccioso,67,149/70,traslado_uci
EP-2026-02997,SIP-742902,22-08-2026 08:19:15,22-08-2026 16:14:15,Urgencia por traumatologia,106,170/85,ingreso_planta
EP-2026-01803,SIP-854733,07/09/2026 22:59:57,08/09/2026 08:11:57,Urgencia por nefrourologia,118,127/95,ingreso_planta
EP-2026-02069,SIP-169925,2026-09-03T14:53:55Z,03/09/2026 18:29:55,Urgencia por infeccioso,115,166/78,domicilio
EP-2026-03030,SIP-374882,2026-08-21T20:21:50Z,21-08-2026 22:04:50,Urgencia por psiquiatria,59,104/75,ingreso_pediatria
EP-2026-02699,SIP-996489,26/08/2026 02:22 PM,26/08/2026 21:35:14,Urgencia por traumatologia,110,131/76,traslado_uci
EP-2026-02967,SIP-963293,22-08-2026 13:42:13,22/08/2026 06:59 PM,Urgencia por neurologia,118,151/55,ingreso_planta
EP-2026-02850,SIP-928031,24/08/2026 14:25:08,24/08/2026 19:51:08,Urgencia por traumatologia,108,122/56,traslado_uci
EP-2026-02513,SIP-562720,2026-08-28 08:01:46,2026/08/28 16:10:46,Urgencia por digestivo,120,s/d,ingreso_pediatria
EP-2026-01057,SIP-897475,2026-09-16T03:18:04Z,16/09/2026 13:16:04,Urgencia por pediatria,71,159/84,observacion
EP-2026-00503,SIP-283410,24/09/2026 03:40 PM,24/09/2026 22:39:01,Urgencia por pediatria,999,132/83,ingreso_planta
EP-2026-00812,SIP-308386,2026-09-20T15:22:26Z,2026-09-20 20:48:26,Urgencia por traumatologia,90,152/101,ingreso_planta
EP-2026-03229,SIP-418480,18/08/2026 04:12 PM,18/08/2026 08:51 PM,Urgencia por traumatologia,92,155/105,domicilio
EP-2026-03250,SIP-751405,2026-08-18 03:40:11,2026-08-18 06:01:11,Urgencia por psiquiatria,81,153/56,ingreso_pediatria
EP-2026-03078,SIP-386041,20/08/2026 01:42 PM,20/08/2026 06:42 PM,Urgencia por neurologia,62,164/66,domicilio
EP-2026-00295,SIP-805066,27/09/2026 16:15:58,27/09/2026 17:27:58,Urgencia por neurologia,65,138/97,observacion
EP-2026-02108,SIP-883921,2026/09/03 21:54:36,,Urgencia por infeccioso,79,117/82,traslado_uci
EP-2026-01380,SIP-460880,2026/09/12 11:45:14,12-09-2026 13:31:14,Urgencia por pediatria,110,151/77,domicilio
EP-2026-00547,SIP-283678,24/09/2026 21:54:18,2026-09-25T03:16:18Z,Urgencia por infeccioso,92,111/72,ingreso_pediatria
EP-2026-01166,SIP-721200,2026/09/15 12:41:48,2026-09-15 20:53:48,Urgencia por cardiovascular,86,161/67,domicilio
EP-2026-01904,SIP-876623,06/09/2026 12:56 AM,2026-09-06T03:04:22Z,Urgencia por infeccioso,999,124/93,ingreso_pediatria
EP-2026-00423,SIP-585471,2026-09-25T20:35:50Z,2026-09-25T22:43:50Z,Urgencia por infeccioso,118,148/77,ingreso_planta
EP-2026-02538,SIP-112878,28-08-2026 08:22:30,28/08/2026 04:42 PM,Urgencia por neurologia,62,168/81,observacion
EP-2026-01575,SIP-414471,10/09/2026 09:16:44,2026/09/10 12:02:44,Urgencia por digestivo,88,125/81,TRASLADO_UCI
EP-2026-00086,SIP-409569,30/09/2026 10:20 AM,30/09/2026 07:53 PM,Urgencia por nefrourologia,101,129/80,traslado_uci
EP-2026-00356,SIP-206648,26/09/2026 22:56:28,2026-09-27T01:14:28Z,Urgencia por psiquiatria,88,114/92,domicilio
EP-2026-03314,SIP-180364,2026-08-17T16:33:58Z,18/08/2026 01:46 AM,Urgencia por infeccioso,94,127/63,domicilio
EP-2026-01713,SIP-814570,08/09/2026 17:23:09,09-09-2026 00:38:09,Urgencia por traumatologia,80,111/91,observacion
EP-2026-01787,SIP-855762,07/09/2026 01:01 AM,07-09-2026 06:14:03,Urgencia por respiratorio,67,126/102,ingreso_planta
EP-2026-00915,SIP-990559,18/09/2026 11:05 AM,2026/09/18 12:52:13,Urgencia por psiquiatria,86,152/89,traslado_uci
EP-2026-03184,SIP-204524,19-08-2026 13:54:23,19/08/2026 22:33:23,Urgencia por psiquiatria,56,141/76,observacion
EP-2026-01038,SIP-490762,2026/09/17 20:10:36,2026-09-17T23:01:36Z,Urgencia por digestivo,52,136/62,ingreso_pediatria
EP-2026-02481,SIP-669059,29/08/2026 00:58:48,29/08/2026 08:23:48,Urgencia por pediatria,70,146/67,ingreso_planta
EP-2026-02672,SIP-782686,26/08/2026 03:54 AM,2026-08-26T10:59:54Z,Urgencia por traumatologia,63,155/61,ingreso_pediatria
EP-2026-01842,SIP-133116,07/09/2026 04:32 PM,07/09/2026 07:40 PM,Urgencia por infeccioso,54,141/90,ingreso_planta
EP-2026-00922,SIP-203008,2026-09-18 15:25:55,2026-09-18T21:32:55Z,Urgencia por cardiovascular,80,169/64,ingreso_pediatria
EP-2026-02952,SIP-154283,2026/08/22 14:44:35,22-08-2026 18:03:35,Urgencia por infeccioso,71,136/68,traslado_uci
EP-2026-03065,SIP-309909,2026-08-21T17:41:59Z,21-08-2026 21:42:59,Urgencia por cardiovascular,125,167/63,observacion
EP-2026-03085,SIP-304315,20/08/2026 08:39:54,2026/08/20 15:41:54,Urgencia por neurologia,71,108-89,observacion
EP-2026-02390,SIP-440059,30-08-2026 06:18:02,30/08/2026 12:40 PM,Urgencia por traumatologia,106,107/80,ingreso_pediatria
EP-2026-01734,SIP-206004,,2026-09-08 02:46:48,Urgencia por digestivo,82,125/60,domicilio
EP-2026-03103,SIP-959985,,20/08/2026 07:17:13,Urgencia por psiquiatria,114,137/58,observacion
EP-2026-01534,SIP-871003,11/09/2026 08:56 AM,11/09/2026 01:04 PM,Urgencia por cardiovascular,450,141/88,traslado_uci
EP-2026-02368,SIP-107557,2026-08-30 05:49:02,2026-08-30T10:09:02Z,Urgencia por digestivo,450,165/84,observacion
EP-2026-01801,SIP-991556,2026/09/07 19:16:41,08/09/2026 01:21 AM,Urgencia por pediatria,72,146/84,domicilio
EP-2026-01580,SIP-155305,10/09/2026 07:58 AM,2026-09-10 09:26:14,Urgencia por pediatria,74,145/55,DOMICILIO
EP-2026-01966,SIP-457362,05/09/2026 10:03 AM,05-09-2026 19:37:13,Urgencia por pediatria,94,141/103,observacion
EP-2026-00542,SIP-360440,2026/09/24 07:38:01,,Urgencia por psiquiatria,121,169/71,observacion
EP-2026-01443,SIP-508858,2026-09-12 14:25:09,2026-09-12T18:53:09Z,Urgencia por neurologia,107,138/64,TRASLADO_UCI
EP-2026-00833,SIP-804644,20/09/2026 01:22 AM,20/09/2026 03:57 AM,Urgencia por pediatria,101,115/61,domicilio
EP-2026-01409,SIP-899450,2026-09-12 04:42:42,12/09/2026 11:28:42,Urgencia por respiratorio,93,140/93,observacion
EP-2026-00797,SIP-420879,20/09/2026 12:13 AM,20-09-2026 02:21:57,Urgencia por nefrourologia,120,115/58,observacion
EP-2026-02077,SIP-161414,03/09/2026 06:02 PM,04/09/2026 03:27:06,Urgencia por nefrourologia,73,160/83,observacion
EP-2026-01073,SIP-238281,2026-09-16 15:00:45,2026/09/16 19:17:45,Urgencia por nefrourologia,86,170/90,domicilio
EP-2026-01748,SIP-745108,2026-09-08T19:20:31Z,08/09/2026 09:51 PM,Urgencia por cardiovascular,76,130/97,domicilio
EP-2026-03197,SIP-370185,2026-08-19T19:11:32Z,,Urgencia por pediatria,112,123/78,ingreso_pediatria
EP-2026-00891,SIP-606078,19/09/2026 10:45 PM,20-09-2026 03:14:52,Urgencia por neurologia,100,127-96,traslado_uci
EP-2026-02330,SIP-299116,31-08-2026 16:39:25,31/08/2026 05:56 PM,Urgencia por infeccioso,105,127_102,traslado_uci
EP-2026-00909,SIP-805787,18-09-2026 08:08:33,18/09/2026 12:14:33,Urgencia por infeccioso,0,108/93,ingreso_planta
EP-2026-01619,SIP-229516,2026/09/09 05:50:37,2026/09/09 14:07:37,Urgencia por neurologia,116,PENDIENTE,ingreso_pediatria
EP-2026-02143,SIP-971639,2026-09-02T22:53:45Z,,Urgencia por traumatologia,999,147/83,ingreso_pediatria
EP-2026-03350,SIP-543566,2026-08-16 16:15:22,2026/08/16 22:00:22,Urgencia por psiquiatria,54,123/77,domicilio
EP-2026-00397,SIP-333291,N/D,2026-09-27 06:22:29,Urgencia por psiquiatria,116,123/77,domicilio
EP-2026-01968,SIP-481264,2026/09/05 13:38:20,2026/09/05 16:39:20,Urgencia por digestivo,71,170/64,domicilio
EP-2026-00091,SIP-119669,30/09/2026 11:44 AM,30-09-2026 17:23:19,Urgencia por traumatologia,97,116/89,observacion
EP-2026-02565,SIP-617694,2026-08-28T13:04:01Z,,Urgencia por infeccioso,94,149/79,TRASLADO_UCI
EP-2026-01413,SIP-975334,12-09-2026 19:33:11,2026/09/12 21:36:11,Urgencia por pediatria,60,122/100,domicilio
EP-2026-01750,SIP-570963,08-09-2026 04:15:16,2026/09/08 08:17:16,Urgencia por nefrourologia,79,147/69,observacion
EP-2026-01659,SIP-308670,2026/09/09 09:20:31,09/09/2026 16:28:31,Urgencia por traumatologia,91,117/98,traslado_uci
EP-2026-00729,SIP-715422,21/09/2026 01:58 PM,2026-09-21T16:03:59Z,Urgencia por nefrourologia,96,124/58,domicilio
EP-2026-01366,SIP-712530,12/09/2026 12:03 PM,2026/09/12 21:46:41,Urgencia por infeccioso,98,132/83,ingreso_pediatria
EP-2026-00239,SIP-310446,2026/09/28 10:38:39,28/09/2026 02:09 PM,Urgencia por neurologia,65,114/87,domicilio
EP-2026-02679,SIP-263061,26-08-2026 08:43:55,2026-08-26T14:13:55Z,Urgencia por digestivo,122,115/80,traslado_uci
EP-2026-01273,SIP-323626,14/09/2026 10:48 AM,14/09/2026 06:48 AM,Urgencia por infeccioso,80,158/57,ingreso_planta
EP-2026-00517,SIP-924260,2026-09-24 23:15:02,25-09-2026 07:38:02,Urgencia por cardiovascular,76,154/66,ingreso_planta
EP-2026-02673,SIP-199921,26/08/2026 19:47:52,27/08/2026 03:15:52,Urgencia por cardiovascular,s/d,155/87,ingreso_pediatria
EP-2026-02520,SIP-779483,NULL,2026-08-28T22:03:01Z,Urgencia por infeccioso,80,141/65,ingreso_planta
EP-2026-01835,SIP-401317,07/09/2026 05:27 PM,08-09-2026 01:37:02,Urgencia por nefrourologia,78,128/67,ingreso_pediatria
EP-2026-00278,SIP-932917,2026-09-28 16:22:23,,Urgencia por pediatria,77,111/72,Domicilio
EP-2026-01779,SIP-385838,2026/09/07 05:45:50,07/09/2026 10:26:50,Urgencia por traumatologia,99,97/102,ingreso_pediatria
EP-2026-00162,SIP-628899,2026-09-29T14:03:23Z,29/09/2026 09:46 PM,Urgencia por cardiovascular,64,122/98,observacion
EP-2026-00632,SIP-894834,23/09/2026 08:36 AM,23/09/2026 13:24:42,Urgencia por digestivo,122,104/75,ingreso_pediatria
EP-2026-03416,SIP-716854,15/08/2026 09:50:44,2026-08-15 15:21:44,Urgencia por neurologia,78,96/62,ALTA_INGRESO_PLANTA
EP-2026-00746,SIP-601318,21-09-2026 18:01:32,22-09-2026 03:33:32,Urgencia por traumatologia,96,167/80,observacion
EP-2026-03394,SIP-163073,16/08/2026 01:47 PM,16/08/2026 14:54:26,Urgencia por digestivo,83,163/87,ingreso_pediatria
EP-2026-02696,SIP-463977,N/D,2026-08-26T23:47:46Z,Urgencia por respiratorio,72,114/69,FALLECIMIENTO
EP-2026-01976,SIP-282533,05-09-2026 01:21:43,2026-09-05 02:48:43,Urgencia por pediatria,56,116/58,ingreso_pediatria
EP-2026-00077,SIP-262317,2026/09/30 00:04:51,,Urgencia por digestivo,64,141/63,ingreso_pediatria
EP-2026-03328,SIP-775770,2026/08/17 21:18:15,18/08/2026 12:20 AM,Urgencia por traumatologia,74,97/86,domicilio
EP-2026-02890,SIP-979063,23-08-2026 15:44:06,23/08/2026 05:35 PM,Urgencia por infeccioso,97,170/87,traslado_uci
EP-2026-00829,SIP-275152,2026-09-20 19:14:08,21-09-2026 02:47:08,Urgencia por traumatologia,96,113/75,ingreso_pediatria
EP-2026-00854,SIP-963310,19/09/2026 03:11 PM,20-09-2026 01:09:11,Urgencia por psiquiatria,66,148/55,traslado_uci
EP-2026-00697,SIP-909043,2026-09-22T00:48:50Z,22/09/2026 09:35 AM,Urgencia por nefrourologia,67,119/59,observacion
EP-2026-02616,SIP-192678,2026-08-27T09:23:55Z,27/08/2026 12:18 PM,Urgencia por traumatologia,52,110/76,null
EP-2026-00104,SIP-641891,30-09-2026 07:04:28,30/09/2026 03:04:28,Urgencia por cardiovascular,119,153/64,
EP-2026-02738,SIP-132073,26/08/2026 11:32:18,2026-08-26T19:52:18Z,Urgencia por nefrourologia,100,164/73,domicilio
EP-2026-00297,SIP-391154,2026-09-27 17:36:58,2026/09/27 23:06:58,Urgencia por nefrourologia,ERROR,114/58,traslado_uci
EP-2026-00133,SIP-211109,30-09-2026 07:19:05,2026-09-30T07:51:05Z,Urgencia por nefrourologia,113,96/57,domicilio
EP-2026-00169,SIP-483498,2026-09-29 16:42:13,2026/09/29 20:09:13,Urgencia por cardiovascular,111,107/85,TRASLADO_UCI
EP-2026-02903,SIP-495032,2026-08-23 13:14:41,2026/08/23 18:59:41,Urgencia por neurologia,97,159/59,ingreso_pediatria
EP-2026-01226,SIP-525824,14-09-2026 02:00:57,2026/09/14 05:00:57,Urgencia por digestivo,117,155/95,traslado_uci
EP-2026-02321,SIP-386843,2026/08/31 11:55:27,31/08/2026 08:55:27,Urgencia por nefrourologia,63,161/74,traslado_uci
EP-2026-02505,SIP-360103,2026-08-28T19:39:42Z,2026-08-29 05:24:42,Urgencia por cardiovascular,78,65/164,ingreso_pediatria
EP-2026-02310,SIP-528269,31-08-2026 10:25:17,2026-08-31T20:04:17Z,Urgencia por psiquiatria,84,113/88,ingreso_planta
EP-2026-00164,SIP-225021,N/D,29-09-2026 22:54:51,Urgencia por infeccioso,114,139/103,observacion
EP-2026-00305,SIP-140848,2026/09/27 06:04:12,27-09-2026 08:25:12,Urgencia por cardiovascular,123,162/70,traslado_uci
EP-2026-01716,SIP-471178,08-09-2026 05:01:28,2026-09-08T11:38:28Z,Urgencia por cardiovascular,121,139/101,ingreso_pediatria
EP-2026-02870,SIP-383977,N/D,2026/08/24 10:13:55,Urgencia por neurologia,80,112/75,Domicilio
EP-2026-03125,SIP-314579,2026/08/20 16:57:10,2026/08/21 01:25:10,Urgencia por traumatologia,91,114/85,Domicilio
EP-2026-00489,SIP-818357,24/09/2026 03:44 PM,2026/09/25 01:43:57,Urgencia por respiratorio,99,132/58,ALTA_INGRESO_PEDIATRIA
EP-2026-00042,SIP-577300,01/10/2026 05:51:47,NULL,Urgencia por digestivo,104,145/64,ingreso_planta
EP-2026-01167,SIP-651049,15-09-2026 23:03:25,16/09/2026 02:30:25,Urgencia por digestivo,107,167/84,observacion
EP-2026-00906,SIP-312656,18-09-2026 19:01:45,19/09/2026 02:34:45,Urgencia por traumatologia,110,153/76,traslado_uci
EP-2026-01872,SIP-976275,06/09/2026 02:46:16,2026-09-06 03:32:16,Urgencia por traumatologia,110,105/76,traslado_uci
EP-2026-01441,SIP-601327,2026-09-12T00:56:21Z,2026-09-12T01:35:21Z,Urgencia por respiratorio,56,132/83,ingreso_pediatria
EP-2026-02754,SIP-802726,26/08/2026 18:04:48,2026-08-27T03:37:48Z,Urgencia por nefrourologia,450,157/72,domicilio
EP-2026-01578,SIP-774297,2026-09-10 02:49:26,10/09/2026 03:36 AM,Urgencia por pediatria,110,109/59,ingreso_planta
EP-2026-02051,SIP-279215,04/09/2026 11:22:49,04/09/2026 03:03 PM,Urgencia por traumatologia,112,158/99,traslado_uci
EP-2026-02261,SIP-488536,01/09/2026 08:16 PM,02/09/2026 02:32 AM,Urgencia por infeccioso,120,108/69,Domicilio
EP-2026-02127,SIP-468404,2026/09/02 07:02:03,2026-09-02T10:28:03Z,Urgencia por digestivo,0,144/70,ingreso_planta
EP-2026-01480,SIP-640827,11/09/2026 19:39:40,11/09/2026 10:43 PM,Urgencia por respiratorio,88,126/98,domicilio
EP-2026-02467,SIP-857477,29/08/2026 05:48 PM,30-08-2026 00:12:18,Urgencia por digestivo,107,104/103,traslado_uci
EP-2026-00324,SIP-486104,2026-09-27 09:57:38,27-09-2026 10:50:38,Urgencia por respiratorio,59,135/91,domicilio
EP-2026-00421,SIP-822578,2026/09/25 05:25:51,2026-09-25 10:52:51,Urgencia por traumatologia,71,125/56,traslado_uci
EP-2026-01511,SIP-458450,11/09/2026 19:26:41,11/09/2026 11:55 PM,Urgencia por nefrourologia,71,133/81,observacion
EP-2026-03099,SIP-493974,2026-08-20T13:37:13Z,2026/08/20 14:48:13,Urgencia por infeccioso,81,105/59,ingreso_planta
EP-2026-03071,SIP-461005,2026-08-21 15:10:49,NULL,Urgencia por neurologia,89,149/73,observacion
EP-2026-03199,SIP-183608,2026-08-19 22:23:14,20-08-2026 05:44:14,Urgencia por psiquiatria,86,102/87,ingreso_pediatria
EP-2026-00343,SIP-802635,27/09/2026 11:30:13,2026-09-27 14:06:13,Urgencia por cardiovascular,82,111/89,domicilio
EP-2026-02430,SIP-987277,2026/08/30 16:18:43,2026-08-30 16:58:43,Urgencia por neurologia,118,PENDIENTE,ingreso_pediatria
EP-2026-01852,SIP-281279,07/09/2026 01:53:39,2026/09/07 09:20:39,Urgencia por traumatologia,70,148/67,
EP-2026-01268,SIP-121016,2026/09/14 20:52:20,2026-09-14 22:40:20,Urgencia por digestivo,59,97/101,ingreso_pediatria
EP-2026-02905,SIP-631263,2026/08/23 19:48:06,2026/08/23 23:40:06,Urgencia por pediatria,999,102/74,ingreso_planta
EP-2026-02038,SIP-651706,2026-09-04T21:17:27Z,05/09/2026 05:17:27,Urgencia por digestivo,79,131/62,ingreso_pediatria
EP-2026-03221,SIP-473448,18-08-2026 00:26:01,18/08/2026 06:54 AM,Urgencia por psiquiatria,112,153/90,observacion
EP-2026-02365,SIP-523015,2026-08-30 12:36:01,30/08/2026 04:01 PM,Urgencia por digestivo,53,117/70,traslado_uci
EP-2026-02197,SIP-706478,2026-09-02T08:23:54Z,02/09/2026 02:49 PM,Urgencia por pediatria,55,157/92,traslado_uci
EP-2026-02019,SIP-516813,04/09/2026 15:39:59,2026/09/04 19:35:59,Urgencia por traumatologia,110,110/62,ingreso_planta
EP-2026-02600,SIP-716625,27-08-2026 21:36:54,28/08/2026 04:27 AM,Urgencia por neurologia,115,127/102,traslado_uci
EP-2026-01179,SIP-575244,15-09-2026 14:35:04,15/09/2026 10:32 PM,Urgencia por respiratorio,110,109/94,observacion
EP-2026-01695,SIP-244597,09/09/2026 03:52 PM,09/09/2026 20:31:16,Urgencia por cardiovascular,59,142/64,traslado_uci
EP-2026-03500,SIP-367434,2026/08/14 23:34:04,2026/08/15 01:27:04,Urgencia por traumatologia,115,116/103,observacion
EP-2026-00174,SIP-399465,29/09/2026 10:21 PM,2026-09-30 02:31:59,Urgencia por pediatria,90,124/57,ingreso_planta
EP-2026-02228,SIP-126826,2026/09/01 02:29:32,2026-09-01T03:47:32Z,Urgencia por infeccioso,96,168/80,traslado_uci
EP-2026-00319,SIP-530255,27/09/2026 03:01 AM,2026-09-27T03:34:32Z,Urgencia por cardiovascular,90,131/97,ingreso_pediatria
EP-2026-00499,SIP-186172,24/09/2026 05:06:40,24/09/2026 06:17 AM,Urgencia por digestivo,110,,domicilio
EP-2026-01136,SIP-713744,2026-09-15T10:31:52Z,NULL,Urgencia por nefrourologia,88,159/96,traslado_uci
EP-2026-01969,SIP-227366,05/09/2026 06:29 PM,06-09-2026 02:34:38,Urgencia por respiratorio,119,159/98,ingreso_pediatria
EP-2026-00615,SIP-672015,2026-09-23 14:08:44,2026/09/23 23:40:44,Urgencia por digestivo,117,149/90,observacion
EP-2026-02441,SIP-694392,,30/08/2026 02:06:22,Urgencia por cardiovascular,88,143/92,observacion
EP-2026-00596,SIP-636144,2026-09-23 07:58:34,2026-09-23T11:28:34Z,Urgencia por digestivo,107,149/103,observacion
EP-2026-00050,SIP-166174,01-10-2026 19:21:41,2026-10-01 20:27:41,Urgencia por respiratorio,107,145/87,traslado_uci
EP-2026-02028,SIP-990925,04/09/2026 14:20:11,2026-09-04T15:08:11Z,Urgencia por cardiovascular,105,124/100,domicilio
EP-2026-00184,SIP-504573,2026-09-29 20:37:09,2026-09-29T21:40:09Z,Urgencia por digestivo,70,96/105,traslado_uci
EP-2026-00007,SIP-682798,01/10/2026 08:40 PM,02-10-2026 00:49:54,Urgencia por digestivo,64,128/61,ingreso_planta
EP-2026-02374,SIP-808484,2026-08-30T20:19:16Z,N/D,Urgencia por digestivo,55,165 80,domicilio
EP-2026-03293,SIP-299567,17-08-2026 04:14:01,17/08/2026 10:51 AM,Urgencia por psiquiatria,82,102/60,traslado_uci
EP-2026-00346,SIP-431244,27/09/2026 11:55 PM,2026/09/28 08:48:07,Urgencia por neurologia,124,114/100,ingreso_planta
EP-2026-01344,SIP-950579,13/09/2026 04:03 PM,13-09-2026 20:22:22,Urgencia por psiquiatria,112,137/61,ingreso_pediatria
EP-2026-02916,SIP-746334,2026-08-23 07:27:37,23/08/2026 04:25 PM,Urgencia por pediatria,60,124/65,ingreso_planta
EP-2026-00533,SIP-289287,24-09-2026 18:17:37,2026-09-24 22:06:37,Urgencia por digestivo,114,121/104,traslado_uci
EP-2026-01993,SIP-822412,2026/09/05 19:24:24,2026-09-06 02:41:24,Urgencia por respiratorio,-99,165/56,traslado_uci
EP-2026-00462,SIP-611619,2026/09/25 23:33:34,2026/09/26 06:30:34,Urgencia por pediatria,112,169/68,None
EP-2026-01851,SIP-160981,07/09/2026 03:55 PM,2026-09-07T21:23:09Z,Urgencia por cardiovascular,112,97/82,traslado_uci
EP-2026-02134,SIP-301968,N/D,02/09/2026 10:40 AM,Urgencia por infeccioso,73,150/97,domicilio
EP-2026-03233,SIP-163771,18/08/2026 06:33 PM,2026/08/19 00:59:53,Urgencia por neurologia,82,148/87,ingreso_pediatria
EP-2026-01610,SIP-216769,10-09-2026 02:55:18,10-09-2026 12:23:18,Urgencia por traumatologia,112,169/104,observacion
EP-2026-01546,SIP-312413,10-09-2026 14:59:38,11/09/2026 12:52 AM,Urgencia por nefrourologia,96,PENDIENTE,traslado_uci
EP-2026-02420,SIP-456782,2026-08-30T08:54:37Z,2026/08/30 14:44:37,Urgencia por neurologia,70,109/66,ingreso_pediatria
EP-2026-02164,SIP-256735,2026-09-02T19:17:57Z,03/09/2026 01:25 AM,Urgencia por psiquiatria,93,154/82,ingreso_planta
EP-2026-00766,SIP-985523,2026/09/21 12:56:30,2026/09/21 10:56:30,Urgencia por nefrourologia,66,133/66,alta
EP-2026-03066,SIP-898380,21/08/2026 21:49:24,21-08-2026 22:31:24,Urgencia por psiquiatria,97,138/78,traslado_uci
EP-2026-01961,SIP-954753,2026/09/05 01:31:06,2026-09-05 10:16:06,Urgencia por psiquiatria,59,132/98,ingreso_planta
EP-2026-01495,SIP-864569,2026-09-11T12:16:02Z,11-09-2026 20:38:02,Urgencia por infeccioso,101,PENDIENTE,ingreso_planta
EP-2026-01879,SIP-712051,2026-09-06 22:00:23,2026/09/07 05:36:23,Urgencia por psiquiatria,98,153/74,traslado_uci
EP-2026-01311,SIP-970260,2026-09-13 04:55:17,2026-09-13 06:56:17,Urgencia por pediatria,109,96/77,observacion
EP-2026-02621,SIP-198047,2026-08-27T18:51:57Z,N/D,Urgencia por psiquiatria,-15,166/85,traslado_uci
EP-2026-02968,SIP-517257,NULL,22/08/2026 09:51 PM,Urgencia por nefrourologia,81,133/59,ingreso_planta
EP-2026-03495,SIP-745424,2026-08-14T07:33:49Z,14/08/2026 11:43:49,Urgencia por digestivo,114,169/93,ALTA_DOMICILIO
EP-2026-01315,SIP-599282,13-09-2026 00:09:42,N/D,Urgencia por digestivo,102,139/83,ingreso_pediatria
EP-2026-00418,SIP-541949,2026-09-25 07:17:24,25-09-2026 14:28:24,Urgencia por neurologia,60,133/65,observacion
EP-2026-02555,SIP-761270,28/08/2026 09:33 AM,2026/08/28 13:54:34,Urgencia por nefrourologia,109,144/84,traslado_uci
EP-2026-01795,SIP-648466,2026-09-07 23:52:02,08-09-2026 01:55:02,Urgencia por pediatria,65,PENDIENTE,ALTA_DOMICILIO
EP-2026-01306,SIP-872860,13-09-2026 16:46:59,N/D,Urgencia por digestivo,58,110/73,ingreso_pediatria
EP-2026-02386,SIP-388946,30/08/2026 07:15 AM,30/08/2026 12:17 PM,Urgencia por psiquiatria,79,141/55,ingreso_planta
EP-2026-02942,SIP-231971,22/08/2026 11:55 AM,2026/08/22 13:11:52,Urgencia por neurologia,100,169/99,null
EP-2026-01191,SIP-624331,15/09/2026 02:20 PM,15/09/2026 15:13:27,Urgencia por respiratorio,110,161/100,alta
EP-2026-03369,SIP-249306,2026-08-16 03:31:24,2026-08-16T10:03:24Z,Urgencia por respiratorio,125,143/81,observacion
EP-2026-00500,SIP-997608,2026-09-24 20:58:22,2026-09-25T00:49:22Z,Urgencia por pediatria,106,124/63,ingreso_pediatria
EP-2026-01436,SIP-302685,12/09/2026 12:11 PM,12/09/2026 18:33:09,Urgencia por cardiovascular,72,162/103,traslado_uci
EP-2026-02657,SIP-611948,2026-08-27 11:37:58,27/08/2026 14:19:58,Urgencia por cardiovascular,79,143/95,traslado_uci
EP-2026-02759,SIP-884539,26/08/2026 21:37:37,2026/08/27 02:21:37,Urgencia por cardiovascular,77,116/85,Domicilio
EP-2026-00488,SIP-774299,2026-09-24 08:42:14,24-09-2026 16:12:14,Urgencia por neurologia,121,113/88,observacion
EP-2026-00808,SIP-336643,20/09/2026 04:22 AM,2026/09/20 11:04:01,Urgencia por nefrourologia,ERROR,169/93,ingreso_pediatria
EP-2026-00842,SIP-223389,2026/09/20 06:51:24,20-09-2026 15:17:24,Urgencia por neurologia,102,124-58,traslado_uci
EP-2026-01080,SIP-355068,16/09/2026 10:43 AM,16-09-2026 11:33:24,Urgencia por respiratorio,85,95/90,observacion
EP-2026-01036,SIP-680928,2026-09-17 12:24:31,17-09-2026 17:58:31,Urgencia por digestivo,56,113/60,ingreso_pediatria
EP-2026-00294,SIP-314600,27-09-2026 20:15:03,2026/09/27 21:19:03,Urgencia por respiratorio,58,107/79,observacion
EP-2026-01111,SIP-219626,16/09/2026 10:55 AM,NULL,Urgencia por traumatologia,s/d,114/86,traslado_uci
EP-2026-03460,SIP-529891,2026-08-15 08:27:12,2026-08-15T05:27:12Z,Urgencia por psiquiatria,75,NORMAL,traslado_uci
EP-2026-03478,SIP-222074,14/08/2026 04:51 PM,2026/08/14 22:09:50,Urgencia por neurologia,106,PENDIENTE,domicilio
EP-2026-00145,SIP-836747,2026/09/29 23:54:40,30-09-2026 01:00:40,Urgencia por neurologia,125,143/91,ingreso_pediatria
EP-2026-00662,SIP-842087,2026/09/22 07:14:16,22-09-2026 08:39:16,Urgencia por infeccioso,69,143/85,ingreso_planta
EP-2026-03218,SIP-421479,2026-08-18T16:29:47Z,18-08-2026 21:20:47,Urgencia por pediatria,111,124/87,ingreso_pediatria
EP-2026-03278,SIP-635214,2026/08/17 23:38:35,2026/08/18 06:53:35,Urgencia por nefrourologia,55,160/105,traslado_uci
EP-2026-02216,SIP-250512,01/09/2026 06:02 PM,02-09-2026 01:41:49,Urgencia por digestivo,84,111/58,ingreso_planta
EP-2026-02204,SIP-578737,2026-09-02T04:48:58Z,2026-09-02T11:35:58Z,Urgencia por traumatologia,110,161/98,traslado_uci
EP-2026-01291,SIP-850034,2026-09-14T05:45:58Z,14-09-2026 14:01:58,Urgencia por cardiovascular,121,,ingreso_pediatria
EP-2026-00080,SIP-258224,30/09/2026 10:29 PM,2026-10-01 06:36:54,Urgencia por neurologia,86,130/56,observacion
EP-2026-02122,SIP-520714,2026-09-03T03:48:13Z,03/09/2026 09:49 AM,Urgencia por neurologia,121,105/83,domicilio
EP-2026-03128,SIP-203340,2026/08/20 18:59:26,2026-08-21 03:59:26,Urgencia por pediatria,119,123/75,ingreso_planta
EP-2026-01626,SIP-954286,09-09-2026 15:17:01,09/09/2026 22:21:01,Urgencia por psiquiatria,71,PENDIENTE,ingreso_pediatria
EP-2026-01980,SIP-580007,05-09-2026 05:45:54,05/09/2026 08:39 AM,Urgencia por psiquiatria,95,101/86,FALLECIMIENTO
EP-2026-00791,SIP-925750,2026-09-20T01:55:38Z,20-09-2026 10:17:38,Urgencia por cardiovascular,94,141/85,traslado_uci
EP-2026-02655,SIP-519493,27-08-2026 15:25:07,27-08-2026 18:53:07,Urgencia por infeccioso,89,s/d,ingreso_planta
EP-2026-02035,SIP-609784,04/09/2026 01:23:02,2026-09-04T05:46:02Z,Urgencia por digestivo,79,126/92,ingreso_planta
EP-2026-00086,SIP-409569,30/09/2026 10:20 AM,30/09/2026 07:53 PM,Urgencia por nefrourologia,101,129/80,traslado_uci
EP-2026-01464,SIP-917698,2026-09-11T00:10:12Z,,Urgencia por pediatria,119,95/95,observacion
EP-2026-01244,SIP-395153,2026-09-14 17:29:00,2026-09-15 00:09:00,Urgencia por nefrourologia,66,151/79,observacion
EP-2026-02215,SIP-538224,2026-09-01 05:50:16,2026/09/01 09:49:16,Urgencia por traumatologia,68,126/91,domicilio
EP-2026-02392,SIP-417297,2026-08-30T04:31:38Z,2026-08-30 07:04:38,Urgencia por pediatria,67,106/71,observacion
EP-2026-00354,SIP-192312,26-09-2026 23:39:52,2026-09-27 01:59:52,Urgencia por psiquiatria,s/d,145/69,traslado_uci
EP-2026-02589,SIP-560143,2026/08/28 15:16:35,,Urgencia por infeccioso,120,126/70,ingreso_planta
EP-2026-02499,SIP-838433,2026/08/29 02:11:56,29/08/2026 04:14:56,Urgencia por digestivo,53,155/73,domicilio
EP-2026-00223,SIP-754646,28/09/2026 05:16:33,2026/09/28 08:37:33,Urgencia por infeccioso,123,99/66,alta
EP-2026-03041,SIP-162304,21/08/2026 10:25 AM,2026/08/21 13:51:52,Urgencia por psiquiatria,109,162/68,observacion
EP-2026-01076,SIP-251937,16/09/2026 08:13:23,2026/09/16 10:22:23,Urgencia por infeccioso,115,144/56,traslado_uci
EP-2026-01361,SIP-245112,2026-09-13 15:39:27,2026/09/13 23:49:27,Urgencia por infeccioso,122,128/75,ALTA_INGRESO_PEDIATRIA
EP-2026-01732,SIP-431912,2026-09-08 20:28:37,2026-09-08T16:28:37Z,Urgencia por psiquiatria,106,146-60,ingreso_planta
EP-2026-03232,SIP-734507,18-08-2026 11:03:01,2026/08/18 15:21:01,Urgencia por cardiovascular,123,98/100,ingreso_planta
EP-2026-00293,SIP-308991,27/09/2026 21:14:04,2026-09-27 23:07:04,Urgencia por nefrourologia,66,157/68,ingreso_planta
EP-2026-01221,SIP-225225,14/09/2026 10:18:11,2026-09-14 15:24:11,Urgencia por cardiovascular,59,102/86,domicilio
EP-2026-00056,SIP-497186,2026/10/01 18:49:07,NULL,Urgencia por infeccioso,103,110/86,traslado_uci
EP-2026-01114,SIP-240211,2026/09/16 06:50:47,2026-09-16 09:12:47,Urgencia por neurologia,118,116 98,ingreso_planta
EP-2026-02186,SIP-734443,02-09-2026 23:17:28,NULL,Urgencia por respiratorio,107,169/60,ingreso_planta
EP-2026-01156,SIP-909169,15/09/2026 07:26 AM,2026/09/15 12:13:57,Urgencia por psiquiatria,53,164/90,traslado_uci
EP-2026-00106,SIP-120540,2026-09-30 00:07:20,2026-09-30 02:59:20,Urgencia por digestivo,89,131/58,ingreso_pediatria
EP-2026-01746,SIP-267379,NULL,2026/09/08 14:11:13,Urgencia por traumatologia,59,166/98,observacion
EP-2026-00200,SIP-662311,2026/09/28 22:51:37,2026-09-29T07:53:37Z,Urgencia por infeccioso,119,142/68,ingreso_planta
EP-2026-01666,SIP-301570,09/09/2026 18:11:22,09/09/2026 08:14 PM,Urgencia por respiratorio,102,162/84,ingreso_pediatria
EP-2026-01068,SIP-227775,,2026/09/16 17:05:45,Urgencia por infeccioso,71,107/89,ingreso_planta
EP-2026-00205,SIP-949851,2026-09-28 23:50:16,NULL,Urgencia por digestivo,108,152/98,FALLECIMIENTO
EP-2026-02013,SIP-689776,04/09/2026 01:09 AM,2026-09-04T08:46:47Z,Urgencia por psiquiatria,82,99/142,domicilio
EP-2026-02736,SIP-365307,2026-08-26 02:08:18,26/08/2026 09:04 AM,Urgencia por cardiovascular,115,128/78,traslado_uci
EP-2026-02883,SIP-698896,23/08/2026 01:59 PM,23-08-2026 20:40:24,Urgencia por respiratorio,60,145/69,traslado_uci
EP-2026-01557,SIP-615739,2026/09/10 07:16:35,2026/09/10 09:36:35,Urgencia por neurologia,106,84/106,domicilio
EP-2026-00474,SIP-347269,2026/09/25 01:22:53,2026/09/25 11:21:53,Urgencia por traumatologia,62,120/59,ingreso_planta
EP-2026-03429,SIP-849075,2026-08-15T10:51:01Z,15-08-2026 16:05:01,Urgencia por nefrourologia,85,102/87,ingreso_pediatria
EP-2026-01391,SIP-394235,12-09-2026 02:36:19,12/09/2026 07:49:19,Urgencia por cardiovascular,96,149/59,observacion
EP-2026-00188,SIP-350002,29/09/2026 06:02 AM,,Urgencia por cardiovascular,95,115/60,ingreso_planta
EP-2026-03323,SIP-288046,17-08-2026 17:53:02,18/08/2026 12:06 AM,Urgencia por cardiovascular,75,170/103,domicilio
EP-2026-00400,SIP-838632,26-09-2026 20:05:32,27/09/2026 04:31 AM,Urgencia por nefrourologia,78,120/67,traslado_uci
EP-2026-00263,SIP-963882,28/09/2026 07:29 AM,28-09-2026 15:19:09,Urgencia por infeccioso,104,165/100,observacion
EP-2026-00708,SIP-482274,2026-09-21 06:59:13,21-09-2026 08:15:13,Urgencia por psiquiatria,119,169/86,ingreso_planta
EP-2026-00663,SIP-503578,,22/09/2026 20:01:38,Urgencia por cardiovascular,88,138/74,traslado_uci
EP-2026-02599,SIP-826181,2026-08-27T05:36:27Z,2026/08/27 15:08:27,Urgencia por cardiovascular,116,111/96,ingreso_planta
EP-2026-03190,SIP-290040,2026-08-19T21:09:08Z,20/08/2026 03:14 AM,Urgencia por infeccioso,121,111/67,domicilio
EP-2026-00926,SIP-458387,18/09/2026 08:01:42,18/09/2026 15:10:42,Urgencia por nefrourologia,60,108/85,domicilio
EP-2026-00069,SIP-325955,2026/09/30 12:40:38,30-09-2026 15:03:38,Urgencia por cardiovascular,109,147/60,ingreso_pediatria
EP-2026-01924,SIP-730651,2026-09-06 05:28:06,2026-09-06 09:58:06,Urgencia por traumatologia,-15,158/83,domicilio
EP-2026-00113,SIP-848957,2026/09/30 17:02:45,30-09-2026 23:04:45,Urgencia por infeccioso,89,120/102,ingreso_pediatria
EP-2026-02526,SIP-342107,2026/08/28 19:38:59,,Urgencia por psiquiatria,57,105/79,ingreso_pediatria
EP-2026-00234,SIP-491764,28/09/2026 05:20:37,,Urgencia por nefrourologia,105,126/103,ingreso_planta
EP-2026-00258,SIP-545416,28-09-2026 21:47:01,29-09-2026 05:02:01,Urgencia por psiquiatria,98,166/81,traslado_uci
EP-2026-03340,SIP-166784,16/08/2026 04:25 PM,2026-08-16T17:40:36Z,Urgencia por cardiovascular,60,104/66,domicilio
EP-2026-02684,SIP-315922,26-08-2026 03:13:10,26-08-2026 06:39:10,Urgencia por cardiovascular,75,PENDIENTE,None
EP-2026-01798,SIP-930084,2026/09/07 02:32:40,2026-09-07T08:10:40Z,Urgencia por neurologia,118,104/66,domicilio
EP-2026-01871,SIP-117666,06/09/2026 20:33:35,2026/09/07 01:54:35,Urgencia por infeccioso,104,147/67,domicilio
EP-2026-02279,SIP-778173,01/09/2026 12:41 PM,01/09/2026 04:30 PM,Urgencia por psiquiatria,61,164/96,observacion
EP-2026-00952,SIP-356224,2026-09-18T17:32:36Z,18-09-2026 21:26:36,Urgencia por nefrourologia,103,,ingreso_planta
EP-2026-02154,SIP-166166,2026-09-02 15:52:36,2026-09-02 16:38:36,Urgencia por respiratorio,120,96/97,domicilio
EP-2026-00519,SIP-853855,24/09/2026 12:03 PM,24-09-2026 19:15:22,Urgencia por traumatologia,90,129/101,ingreso_planta
EP-2026-02493,SIP-900796,2026-08-29 21:59:08,30/08/2026 07:20:08,Urgencia por traumatologia,109,169/60,traslado_uci
EP-2026-02235,SIP-171257,2026-09-01 15:49:41,01/09/2026 23:33:41,Urgencia por infeccioso,107,130/92,domicilio
EP-2026-00822,SIP-482231,20-09-2026 19:43:53,2026/09/21 03:04:53,Urgencia por respiratorio,111,156/76,traslado_uci
EP-2026-03036,SIP-196116,2026/08/21 01:17:48,21/08/2026 02:02:48,Urgencia por psiquiatria,76,156/74,ingreso_pediatria
EP-2026-02660,SIP-646757,2026/08/27 01:43:52,,Urgencia por nefrourologia,90,105/103,observacion
EP-2026-03241,SIP-371776,NULL,NULL,Urgencia por cardiovascular,91,106/89,traslado_uci
EP-2026-02933,SIP-931137,2026-08-23 05:40:45,23/08/2026 12:41:45,Urgencia por pediatria,86,124/74,observacion
EP-2026-01336,SIP-738204,13/09/2026 08:10 AM,2026-09-13 10:28:59,Urgencia por infeccioso,124,153/94,traslado_uci
EP-2026-00685,SIP-948807,22/09/2026 10:33:06,22-09-2026 13:25:06,Urgencia por nefrourologia,123,108/72,ingreso_pediatria
EP-2026-02794,SIP-619543,2026-08-25 11:27:25,2026-08-25T13:39:25Z,Urgencia por traumatologia,105,162/78,ingreso_pediatria
EP-2026-02463,SIP-409313,29-08-2026 15:26:05,2026-08-29T20:14:05Z,Urgencia por nefrourologia,65,153/71,observacion
EP-2026-03243,SIP-134240,18-08-2026 21:40:54,,Urgencia por digestivo,86,136/64,domicilio
EP-2026-01455,SIP-529951,12-09-2026 21:46:37,13/09/2026 02:49:37,Urgencia por digestivo,107,169/70,domicilio
EP-2026-03368,SIP-444889,16/08/2026 15:09:08,2026/08/16 19:28:08,Urgencia por infeccioso,117,164/98,ingreso_planta
EP-2026-03320,SIP-156244,,17/08/2026 02:32 PM,Urgencia por psiquiatria,54,115/67,ingreso_planta
EP-2026-01558,SIP-266148,10/09/2026 17:22:44,2026-09-11T01:00:44Z,Urgencia por cardiovascular,112,105/112,ingreso_pediatria
EP-2026-01878,SIP-199702,2026-09-06 04:04:24,2026-09-06T08:34:24Z,Urgencia por cardiovascular,79,153/64,Domicilio
EP-2026-01591,SIP-901452,2026-09-10T11:19:19Z,2026-09-10 20:56:19,Urgencia por nefrourologia,102,98/56,TRASLADO_UCI
EP-2026-00479,SIP-597881,2026-09-25 14:44:48,,Urgencia por infeccioso,61,165/81,observacion
EP-2026-01730,SIP-919783,08-09-2026 14:32:44,2026/09/08 16:05:44,Urgencia por respiratorio,99,126/65,ingreso_planta
EP-2026-01566,SIP-570066,2026-09-10 02:32:01,10/09/2026 05:52 AM,Urgencia por infeccioso,104,125/86,ingreso_planta
EP-2026-01662,SIP-565956,2026-09-09T22:18:51Z,10/09/2026 06:53 AM,Urgencia por cardiovascular,96,99/57,traslado_uci
EP-2026-03039,SIP-736582,21/08/2026 09:26 AM,21/08/2026 03:41 PM,Urgencia por respiratorio,450,130/71,traslado_uci
EP-2026-00102,SIP-463248,30/09/2026 13:29:05,30-09-2026 21:04:05,Urgencia por pediatria,78,120/83,traslado_uci
EP-2026-02375,SIP-131312,2026-08-30T23:07:28Z,2026/08/31 08:42:28,Urgencia por cardiovascular,119,NORMAL,observacion
EP-2026-00160,SIP-770051,2026-09-29 03:40:36,2026-09-29 09:56:36,Urgencia por psiquiatria,105,117/67,ingreso_pediatria
EP-2026-02986,SIP-304889,2026-08-22 07:25:23,2026-08-22T11:19:23Z,Urgencia por psiquiatria,114,109/58,observacion
EP-2026-02889,SIP-924625,2026-08-23 21:29:38,2026-08-24 03:32:38,Urgencia por infeccioso,80,141/63,ingreso_pediatria
EP-2026-01024,SIP-998336,2026-09-17 13:54:43,17-09-2026 19:00:43,Urgencia por nefrourologia,79,128/105,ingreso_planta
EP-2026-01318,SIP-545506,2026/09/13 02:32:08,13-09-2026 05:29:08,Urgencia por psiquiatria,73,103/80,traslado_uci
EP-2026-02573,SIP-403993,28/08/2026 21:09:35,,Urgencia por traumatologia,79,117/70,ingreso_planta
EP-2026-03341,SIP-495817,,2026/08/16 19:10:40,Urgencia por pediatria,95,132/72,observacion
EP-2026-01210,SIP-360661,2026-09-14T09:31:10Z,2026-09-14 17:04:10,Urgencia por traumatologia,s/d,111/101,ingreso_pediatria
EP-2026-01740,SIP-318004,2026/09/08 22:41:35,2026-09-09 08:15:35,Urgencia por psiquiatria,52,98/55,ingreso_pediatria
EP-2026-00905,SIP-415381,18-09-2026 08:16:44,18/09/2026 10:23:44,Urgencia por respiratorio,57,151/91,observacion
EP-2026-01657,SIP-238124,2026/09/09 12:49:12,2026-09-09 22:30:12,Urgencia por digestivo,75,128/77,traslado_uci
EP-2026-02402,SIP-200824,NULL,2026-08-30T15:41:33Z,Urgencia por neurologia,ERROR,143/73,ingreso_planta
EP-2026-01120,SIP-677506,2026-09-16T13:59:41Z,16/09/2026 10:39 PM,Urgencia por neurologia,-99,157/82,ingreso_planta
EP-2026-01870,SIP-558214,06/09/2026 02:50 PM,06/09/2026 20:58:06,Urgencia por traumatologia,67,169/104,observacion
EP-2026-01987,SIP-124587,05/09/2026 05:15 AM,2026-09-05 11:11:18,Urgencia por pediatria,86,167/75,None
EP-2026-02927,SIP-480152,N/D,NULL,Urgencia por traumatologia,106,140/100,ingreso_pediatria
EP-2026-02217,SIP-751973,2026/09/01 00:16:27,2026-09-01T06:18:27Z,Urgencia por neurologia,56,170/97,domicilio
EP-2026-00361,SIP-143450,2026-09-26 17:38:09,26/09/2026 14:38:09,Urgencia por cardiovascular,105,155/84,domicilio
EP-2026-03164,SIP-271234,,2026/08/19 07:22:30,Urgencia por cardiovascular,86,110/85,traslado_uci
EP-2026-00265,SIP-981161,2026-09-28 11:39:32,2026-09-28T13:55:32Z,Urgencia por cardiovascular,79,122/74,traslado_uci
EP-2026-00630,SIP-248720,23/09/2026 05:09 AM,2026-09-23 13:35:06,Urgencia por respiratorio,111,115-91,traslado_uci
EP-2026-00680,SIP-976582,2026-09-22 03:54:00,2026-09-22 06:54:00,Urgencia por respiratorio,80,155/105,domicilio
EP-2026-02711,SIP-992222,26/08/2026 01:07 AM,2026-08-26 05:27:04,Urgencia por pediatria,82,148/63,ingreso_planta
EP-2026-03422,SIP-547021,2026-08-15 21:09:36,NULL,Urgencia por neurologia,60,133/95,ingreso_pediatria
EP-2026-02303,SIP-853603,31/08/2026 04:34 AM,2026/08/31 13:17:30,Urgencia por pediatria,114,95/73,ingreso_planta
EP-2026-00176,SIP-564057,29/09/2026 11:41:25,,Urgencia por cardiovascular,66,97/63,domicilio
EP-2026-03407,SIP-832372,2026/08/16 11:32:51,16/08/2026 16:18:51,Urgencia por traumatologia,77,119/83,observacion
EP-2026-02788,SIP-162878,NULL,25/08/2026 04:34 PM,Urgencia por traumatologia,74,156/67,INGRESO_PEDIATRIA
EP-2026-00283,SIP-456536,27-09-2026 21:12:57,2026-09-28 04:03:57,Urgencia por traumatologia,109,146/65,observacion
EP-2026-01137,SIP-583682,15-09-2026 21:40:21,2026/09/16 00:15:21,Urgencia por neurologia,65,122/99,traslado_uci
EP-2026-01752,SIP-598638,2026-09-08 18:58:25,2026-09-08T16:58:25Z,Urgencia por psiquiatria,111,161/70,domicilio
EP-2026-03076,SIP-492085,20/08/2026 03:31 PM,2026-08-20 18:11:38,Urgencia por nefrourologia,98,131/83,ingreso_planta
EP-2026-03288,SIP-501815,2026/08/17 16:27:16,18/08/2026 01:27:16,Urgencia por psiquiatria,85,148/85,ingreso_pediatria
EP-2026-01818,SIP-821100,2026-09-07T11:43:55Z,2026-09-07 20:56:55,Urgencia por infeccioso,94,158/104,traslado_uci
EP-2026-02645,SIP-759671,27/08/2026 13:51:00,2026-08-27T16:20:00Z,Urgencia por psiquiatria,95,120/75,domicilio
EP-2026-01410,SIP-961193,12/09/2026 07:05 AM,12-09-2026 11:01:31,Urgencia por pediatria,-99,114/71,ingreso_planta
EP-2026-02185,SIP-300816,02/09/2026 07:31 PM,03/09/2026 03:44 AM,Urgencia por neurologia,99,117/95,ingreso_pediatria
EP-2026-00736,SIP-702742,2026-09-21T18:34:58Z,2026-09-22 01:11:58,Urgencia por neurologia,88,111/62,ingreso_planta
EP-2026-02863,SIP-663731,2026/08/24 17:04:17,24-08-2026 22:06:17,Urgencia por pediatria,94,158/61,ingreso_pediatria
EP-2026-01931,SIP-322501,06/09/2026 08:03 AM,2026/09/06 14:12:41,Urgencia por nefrourologia,ERROR,95/58,observacion
EP-2026-03330,SIP-302216,2026-08-17T17:59:14Z,2026-08-17T20:32:14Z,Urgencia por neurologia,124,113/88,traslado_uci
EP-2026-02357,SIP-962885,2026-08-30T21:16:22Z,2026/08/31 03:49:22,Urgencia por neurologia,67,136/72,traslado_uci
EP-2026-01359,SIP-782621,13-09-2026 02:46:12,13/09/2026 10:16 AM,Urgencia por pediatria,86,159/95,domicilio
EP-2026-01998,SIP-856654,05/09/2026 06:05 AM,2026-09-05T09:58:31Z,Urgencia por infeccioso,114,137/69,traslado_uci
EP-2026-00227,SIP-192416,28/09/2026 09:53:27,2026-09-28 14:28:27,Urgencia por psiquiatria,98,108/78,domicilio
EP-2026-00187,SIP-887838,2026-09-29 19:14:23,29-09-2026 23:32:23,Urgencia por nefrourologia,96,154/104,traslado_uci
EP-2026-03417,SIP-313465,15/08/2026 13:44:14,2026-08-15 22:33:14,Urgencia por cardiovascular,71,160/102,domicilio
EP-2026-02930,SIP-609658,2026-08-23 03:27:37,23-08-2026 10:47:37,Urgencia por cardiovascular,87,127/104,observacion
EP-2026-02936,SIP-167342,2026-08-23T21:06:50Z,23/08/2026 23:20:50,Urgencia por psiquiatria,81,96/65,ingreso_pediatria
EP-2026-03001,SIP-354879,22/08/2026 08:19 PM,2026-08-23T01:30:57Z,Urgencia por neurologia,ERROR,96/58,traslado_uci
EP-2026-03398,SIP-623548,16-08-2026 14:49:35,2026-08-16T16:56:35Z,Urgencia por neurologia,52,102/56,ALTA_DOMICILIO
EP-2026-02036,SIP-484407,2026-09-04T14:06:10Z,04/09/2026 21:37:10,Urgencia por traumatologia,66,s/d,ingreso_pediatria
EP-2026-00656,SIP-886030,2026-09-22 17:24:35,23/09/2026 00:22:35,Urgencia por psiquiatria,120,112/88,ingreso_planta
EP-2026-00259,SIP-627071,2026/09/28 12:26:35,2026/09/28 14:22:35,Urgencia por infeccioso,114,100/89,domicilio
EP-2026-03496,SIP-996947,14/08/2026 17:50:31,14/08/2026 20:00:31,Urgencia por digestivo,53,163/104,ingreso_planta
EP-2026-02689,SIP-139250,26-08-2026 21:10:46,26-08-2026 22:25:46,Urgencia por infeccioso,73,159/91,ingreso_pediatria
EP-2026-00513,SIP-260094,24/09/2026 08:01 PM,2026-09-25 04:43:49,Urgencia por infeccioso,62,102/81,domicilio
EP-2026-00058,SIP-394159,30/09/2026 11:26 AM,2026/09/30 14:02:42,Urgencia por digestivo,93,168/68,traslado_uci
EP-2026-02748,SIP-134083,2026-08-26 23:47:53,2026-08-27T00:35:53Z,Urgencia por cardiovascular,75,124/62,traslado_uci
EP-2026-00980,SIP-758960,17/09/2026 16:47:49,2026/09/17 18:50:49,Urgencia por nefrourologia,111,138/63,domicilio
EP-2026-00651,SIP-214435,22-09-2026 10:59:57,22/09/2026 18:57:57,Urgencia por infeccioso,78,137/56,traslado_uci
EP-2026-00497,SIP-110854,2026-09-24T02:45:55Z,24-09-2026 06:24:55,Urgencia por cardiovascular,102,104/69,traslado_uci
EP-2026-02399,SIP-727083,2026-08-30T23:57:48Z,2026/08/31 06:34:48,Urgencia por traumatologia,58,111/60,ingreso_planta
EP-2026-01859,SIP-776937,2026-09-07 02:22:30,2026-09-07 03:49:30,Urgencia por neurologia,87,116/61,traslado_uci
EP-2026-03045,SIP-230202,2026-08-21 11:15:16,21/08/2026 12:40 PM,Urgencia por cardiovascular,104,130/78,traslado_uci
EP-2026-00603,SIP-916769,2026-09-23 10:37:49,2026-09-23 19:32:49,Urgencia por neurologia,111,115/90,observacion
EP-2026-00181,SIP-916425,29/09/2026 11:23 AM,2026-09-29 12:26:37,Urgencia por psiquiatria,120,,traslado_uci
EP-2026-02280,SIP-330252,2026-09-01T08:21:52Z,01/09/2026 11:14 AM,Urgencia por digestivo,100,114_92,
EP-2026-03120,SIP-569655,2026-08-20T13:47:33Z,2026/08/20 16:21:33,Urgencia por respiratorio,121,125/68,traslado_uci
EP-2026-03296,SIP-289093,17-08-2026 08:20:10,17/08/2026 13:06:10,Urgencia por psiquiatria,0,160/86,ingreso_pediatria
EP-2026-03040,SIP-222464,21/08/2026 12:27:16,21-08-2026 19:06:16,Urgencia por neurologia,54,161/83,observacion
EP-2026-01875,SIP-428246,N/D,07/09/2026 00:16:01,Urgencia por infeccioso,113,109/66,ingreso_pediatria
EP-2026-01491,SIP-689093,11/09/2026 04:00:10,2026-09-11T06:30:10Z,Urgencia por cardiovascular,77,134/59,traslado_uci
EP-2026-00724,SIP-452078,21/09/2026 04:36 AM,2026-09-21 13:48:02,Urgencia por psiquiatria,64,,ingreso_planta
EP-2026-00075,SIP-826680,30/09/2026 05:05 AM,2026/09/30 14:59:57,Urgencia por neurologia,104,154/66,ingreso_pediatria
EP-2026-02105,SIP-993793,03/09/2026 02:26:32,2026-09-03 10:29:32,Urgencia por infeccioso,102,105/68,observacion
EP-2026-02603,SIP-817775,27/08/2026 03:29 AM,27/08/2026 10:11:01,Urgencia por digestivo,107,133/92,domicilio
EP-2026-02816,SIP-417582,2026/08/25 21:44:20,26/08/2026 07:33:20,Urgencia por pediatria,60,156/85,ingreso_planta
EP-2026-00879,SIP-507010,2026/09/19 02:33:29,19-09-2026 05:26:29,Urgencia por respiratorio,111,110/99,observacion
EP-2026-01760,SIP-952557,2026-09-08T05:26:32Z,NULL,Urgencia por nefrourologia,87,142/68,domicilio
EP-2026-02090,SIP-107828,2026-09-03T06:28:45Z,2026/09/03 12:41:45,Urgencia por neurologia,123,141/79,
EP-2026-03298,SIP-510582,17-08-2026 14:50:42,17/08/2026 10:53 PM,Urgencia por nefrourologia,96,166/97,traslado_uci
EP-2026-03477,SIP-554804,2026-08-14T14:54:57Z,14/08/2026 08:56 PM,Urgencia por respiratorio,57,99/98,observacion
EP-2026-00264,SIP-988931,2026/09/28 08:40:00,2026/09/28 17:10:00,Urgencia por pediatria,69,110/86,ingreso_pediatria
EP-2026-00881,SIP-130931,19/09/2026 08:41:18,19/09/2026 04:49 PM,Urgencia por pediatria,60,138/56,ingreso_planta
EP-2026-02965,SIP-468430,2026-08-22T21:22:06Z,23/08/2026 06:26:06,Urgencia por respiratorio,104,150/81,ingreso_pediatria
EP-2026-02512,SIP-689670,28-08-2026 21:51:17,2026/08/29 00:40:17,Urgencia por nefrourologia,60,115/93,domicilio
EP-2026-00475,SIP-287972,25-09-2026 20:16:25,25-09-2026 21:00:25,Urgencia por neurologia,74,97/101,observacion
EP-2026-01767,SIP-975386,2026-09-08T15:00:34Z,08/09/2026 18:04:34,Urgencia por infeccioso,91,151/101,traslado_uci
EP-2026-02060,SIP-500124,03-09-2026 10:04:47,03-09-2026 10:34:47,Urgencia por respiratorio,82,99/69,observacion
EP-2026-02779,SIP-926410,25/08/2026 10:05:59,25/08/2026 18:14:59,Urgencia por neurologia,102,103/102,ingreso_planta
EP-2026-01651,SIP-341467,09/09/2026 05:20:00,2026-09-09T06:04:00Z,Urgencia por traumatologia,0,139/78,domicilio
EP-2026-02764,SIP-701712,2026/08/25 22:59:15,,Urgencia por traumatologia,113,155/87,observacion
EP-2026-01992,SIP-759406,05-09-2026 00:10:02,2026-09-05 06:21:02,Urgencia por traumatologia,95,162/105,traslado_uci
EP-2026-01570,SIP-673922,N/D,10/09/2026 04:17 PM,Urgencia por psiquiatria,65,111/55,ingreso_planta
EP-2026-01945,SIP-117149,2026-09-05T02:16:28Z,2026-09-05T04:18:28Z,Urgencia por infeccioso,76,135/78,traslado_uci
EP-2026-01808,SIP-723261,07/09/2026 13:35:35,07/09/2026 04:12 PM,Urgencia por cardiovascular,110,113/58,ingreso_pediatria
EP-2026-01025,SIP-680943,2026-09-17 05:02:28,,Urgencia por digestivo,99,99/95,ingreso_planta
EP-2026-02238,SIP-623067,2026-09-01T21:18:27Z,2026/09/02 03:51:27,Urgencia por nefrourologia,121,109/98,domicilio
EP-2026-01948,SIP-225585,2026-09-05T22:27:20Z,2026/09/06 01:26:20,Urgencia por neurologia,100,167/96,traslado_uci
EP-2026-02836,SIP-187262,24/08/2026 06:17 AM,24/08/2026 15:23:47,Urgencia por traumatologia,76,PENDIENTE,ingreso_planta
EP-2026-00035,SIP-851956,2026-10-01 17:55:27,2026-10-02 02:45:27,Urgencia por nefrourologia,98,120/89,traslado_uci
EP-2026-03072,SIP-731133,2026-08-20 17:30:13,2026-08-21 03:08:13,Urgencia por nefrourologia,119,156/58,observacion
EP-2026-01656,SIP-652180,09/09/2026 01:29:06,2026-09-09T05:46:06Z,Urgencia por psiquiatria,53,116/71,traslado_uci
EP-2026-02208,SIP-325505,2026-09-01 03:58:24,2026-09-01 07:52:24,Urgencia por traumatologia,91,131/101,traslado_uci
EP-2026-00726,SIP-728445,2026/09/21 12:41:14,2026-09-21 19:18:14,Urgencia por psiquiatria,102,126/65,domicilio
EP-2026-01585,SIP-571546,10/09/2026 08:40:05,10/09/2026 11:35 AM,Urgencia por cardiovascular,64,116/77,ingreso_pediatria
EP-2026-01153,SIP-415174,2026/09/15 09:11:06,2026/09/15 18:24:06,Urgencia por respiratorio,106,115/71,ingreso_pediatria
EP-2026-03427,SIP-280113,2026/08/15 03:56:33,,Urgencia por nefrourologia,116,156/97,OBSERVACION
EP-2026-02887,SIP-108908,2026/08/23 17:48:48,24-08-2026 03:16:48,Urgencia por psiquiatria,ERROR,122/55,observacion
EP-2026-00128,SIP-818220,30/09/2026 11:43 AM,2026-09-30T17:39:38Z,Urgencia por digestivo,79,125/77,traslado_uci
EP-2026-01882,SIP-142788,2026-09-06T15:33:50Z,06/09/2026 22:37:50,Urgencia por cardiovascular,-99,168/64,traslado_uci
EP-2026-00103,SIP-543647,2026-09-30T06:13:10Z,,Urgencia por pediatria,56,99/98,traslado_uci
EP-2026-01757,SIP-255729,N/D,08/09/2026 10:29:52,Urgencia por nefrourologia,80,155/58,domicilio
EP-2026-01085,SIP-661983,2026-09-16 23:12:13,2026-09-17 07:44:13,Urgencia por nefrourologia,58,118/74,domicilio
EP-2026-00838,SIP-684995,20/09/2026 05:58 AM,2026-09-20T07:45:37Z,Urgencia por pediatria,86,134/58,observacion
EP-2026-01053,SIP-156697,16/09/2026 08:44 PM,17-09-2026 04:37:17,Urgencia por nefrourologia,61,95/89,ingreso_pediatria
EP-2026-01820,SIP-856042,2026-09-07 11:03:02,2026-09-07 13:26:02,Urgencia por neurologia,61,160-102,ingreso_planta
EP-2026-01576,SIP-537044,N/D,2026-09-10 22:57:12,Urgencia por cardiovascular,101,161/67,traslado_uci
EP-2026-03217,SIP-823103,18/08/2026 19:52:27,2026/08/19 03:10:27,Urgencia por pediatria,93,102/60,ingreso_planta
EP-2026-00495,SIP-717949,2026/09/24 03:09:32,24/09/2026 05:13:32,Urgencia por cardiovascular,89,168/70,ingreso_planta
EP-2026-00248,SIP-208476,2026/09/28 21:36:07,29/09/2026 06:08:07,Urgencia por respiratorio,53,100/68,ingreso_planta
EP-2026-02813,SIP-872828,2026-08-25 11:46:35,2026-08-25 16:05:35,Urgencia por traumatologia,98,157/69,ingreso_planta
EP-2026-03258,SIP-848460,2026-08-18 08:11:58,18/08/2026 10:57:58,Urgencia por respiratorio,0,134/92,ingreso_planta
EP-2026-01030,SIP-814021,2026-09-17T00:29:34Z,2026/09/17 04:18:34,Urgencia por respiratorio,122,120/101,observacion
EP-2026-02814,SIP-773247,25/08/2026 09:04 PM,26/08/2026 02:00:47,Urgencia por neurologia,125,114/87,ingreso_planta
EP-2026-01449,SIP-647927,2026-09-12 22:56:44,13/09/2026 02:33 AM,Urgencia por respiratorio,89,161/90,Domicilio
EP-2026-00116,SIP-543955,30/09/2026 03:29 AM,30/09/2026 12:27 PM,Urgencia por nefrourologia,93,155/86,ingreso_planta
EP-2026-00758,SIP-466651,21-09-2026 12:44:18,2026-09-21T17:43:18Z,Urgencia por psiquiatria,92,168/100,traslado_uci
EP-2026-00204,SIP-752002,2026-09-28T21:22:21Z,29/09/2026 06:12 AM,Urgencia por psiquiatria,124,166/63,domicilio
EP-2026-00973,SIP-101579,18-09-2026 14:05:37,2026/09/18 15:22:37,Urgencia por digestivo,82,167/80,observacion
EP-2026-00613,SIP-819272,2026-09-23T02:34:29Z,23/09/2026 10:55:29,Urgencia por respiratorio,66,123/65,ingreso_pediatria
EP-2026-01351,SIP-212182,13/09/2026 06:02 AM,13/09/2026 09:02:30,Urgencia por infeccioso,63,108/82,traslado_uci
EP-2026-00098,SIP-467536,2026-09-30 11:40:11,N/D,Urgencia por pediatria,102,150/96,ingreso_pediatria
EP-2026-02666,SIP-839693,2026-08-27 20:44:25,28-08-2026 06:43:25,Urgencia por digestivo,84,117/62,traslado_uci
EP-2026-01423,SIP-808292,12/09/2026 10:25 PM,13/09/2026 02:24 AM,Urgencia por nefrourologia,61,104/90,traslado_uci
EP-2026-02656,SIP-382779,27-08-2026 21:55:18,2026-08-28T04:03:18Z,Urgencia por neurologia,120,113/92,traslado_uci
EP-2026-01747,SIP-617480,N/D,08-09-2026 15:28:05,Urgencia por respiratorio,122,156/93,domicilio
EP-2026-00136,SIP-224070,2026-09-30T19:23:01Z,01/10/2026 01:13:01,Urgencia por psiquiatria,94,129/55,ALTA_OBSERVACION
EP-2026-00047,SIP-122193,01/10/2026 10:21:49,2026/10/01 17:34:49,Urgencia por neurologia,95,149/71,ingreso_planta
EP-2026-02775,SIP-306051,25-08-2026 23:38:23,26-08-2026 01:17:23,Urgencia por pediatria,75,108/62,observacion
EP-2026-00274,SIP-330779,2026/09/28 12:03:44,28/09/2026 01:26 PM,Urgencia por digestivo,72,150/62,observacion
EP-2026-02535,SIP-661630,2026-08-28T10:47:43Z,2026-08-28T20:07:43Z,Urgencia por infeccioso,81,95/91,domicilio
EP-2026-00185,SIP-280946,2026-09-29 16:14:54,29/09/2026 04:55 PM,Urgencia por pediatria,106,121/61,domicilio
EP-2026-00292,SIP-434730,2026-09-27 21:02:40,2026-09-27T23:24:40Z,Urgencia por traumatologia,70,122/58,traslado_uci
EP-2026-00763,SIP-170287,21/09/2026 05:46 PM,22/09/2026 00:19:36,Urgencia por digestivo,54,123/83,domicilio
EP-2026-01529,SIP-202521,11/09/2026 14:38:46,2026/09/11 19:40:46,Urgencia por psiquiatria,77,139/56,ingreso_planta
EP-2026-02789,SIP-862773,2026-08-25 21:00:33,2026-08-25 23:07:33,Urgencia por psiquiatria,79,150/74,ingreso_planta
EP-2026-00414,SIP-200277,25/09/2026 17:50:55,25-09-2026 22:25:55,Urgencia por nefrourologia,71,151/65,ingreso_planta
EP-2026-01320,SIP-428552,2026-09-13T12:39:29Z,13/09/2026 17:39:29,Urgencia por psiquiatria,123,125/83,null
EP-2026-03361,SIP-975984,2026-08-16T17:18:52Z,2026-08-16T21:18:52Z,Urgencia por digestivo,120,137/70,observacion
EP-2026-00010,SIP-812133,01-10-2026 18:31:05,01/10/2026 21:35:05,Urgencia por nefrourologia,87,138/67,ingreso_pediatria
EP-2026-00251,SIP-821242,28/09/2026 12:59:19,28/09/2026 20:16:19,Urgencia por traumatologia,83,153/66,observacion
EP-2026-00218,SIP-687769,2026-09-28T17:52:00Z,2026/09/28 23:28:00,Urgencia por nefrourologia,97,97/105,traslado_uci
EP-2026-02117,SIP-812692,03-09-2026 00:32:27,2026-09-03T09:56:27Z,Urgencia por cardiovascular,111,164/74,domicilio
EP-2026-00805,SIP-217378,2026/09/20 01:56:22,,Urgencia por digestivo,61,159/75,traslado_uci
EP-2026-00254,SIP-269113,28/09/2026 06:08 PM,2026/09/29 03:13:46,Urgencia por respiratorio,97,163/100,traslado_uci
EP-2026-01247,SIP-750779,14-09-2026 01:13:31,14-09-2026 03:48:31,Urgencia por traumatologia,102,139/89,observacion
EP-2026-02636,SIP-215222,27/08/2026 04:52 AM,2026/08/27 13:26:32,Urgencia por psiquiatria,96,141/83,ingreso_planta
EP-2026-01465,SIP-959270,11/09/2026 13:47:06,2026-09-11 23:23:06,Urgencia por digestivo,99,168/89,observacion
EP-2026-00295,SIP-805066,27/09/2026 16:15:58,27/09/2026 17:27:58,Urgencia por neurologia,65,138/97,observacion
EP-2026-01567,SIP-373825,10/09/2026 01:20 PM,10/09/2026 02:57 PM,Urgencia por neurologia,77,154/79,traslado_uci
EP-2026-02940,SIP-870009,2026-08-22 05:22:58,22-08-2026 12:01:58,Urgencia por cardiovascular,108,148/84,ingreso_pediatria
EP-2026-00741,SIP-473012,2026-09-21 20:21:43,2026/09/21 21:53:43,Urgencia por neurologia,62,165/71,ingreso_planta
EP-2026-03161,SIP-876180,2026/08/19 20:38:35,2026/08/20 00:02:35,Urgencia por nefrourologia,98,157/99,ALTA_DOMICILIO
EP-2026-00580,SIP-270551,24/09/2026 03:12:51,24/09/2026 05:46:51,Urgencia por digestivo,85,152/78,traslado_uci
EP-2026-01017,SIP-538479,17-09-2026 07:11:27,17/09/2026 10:45:27,Urgencia por infeccioso,72,PENDIENTE,traslado_uci
EP-2026-02315,SIP-449405,31/08/2026 04:43 AM,31-08-2026 10:47:43,Urgencia por respiratorio,94,109/69,traslado_uci
EP-2026-01919,SIP-258407,06-09-2026 10:45:36,06/09/2026 12:37 PM,Urgencia por neurologia,124,155/56,observacion
EP-2026-01646,SIP-221225,09/09/2026 04:20 PM,2026-09-09 21:26:04,Urgencia por nefrourologia,95,,ingreso_planta
EP-2026-03389,SIP-655397,2026-08-16T21:28:52Z,,Urgencia por nefrourologia,102,147/99,domicilio
EP-2026-02061,SIP-835083,03/09/2026 04:22 AM,2026-09-03 10:32:39,Urgencia por psiquiatria,119,125/105,domicilio
EP-2026-00540,SIP-192122,2026/09/24 05:12:14,2026-09-24T14:20:14Z,Urgencia por cardiovascular,124,110/95,ingreso_planta
EP-2026-00470,SIP-182658,25/09/2026 10:59 PM,2026-09-25T23:59:44Z,Urgencia por infeccioso,62,103/55,domicilio
EP-2026-00754,SIP-957199,2026-09-21 07:08:20,21/09/2026 07:56 AM,Urgencia por digestivo,107,126/77,ingreso_pediatria
EP-2026-02260,SIP-551014,2026/09/01 15:34:50,2026/09/01 21:14:50,Urgencia por traumatologia,115,137/85,observacion
EP-2026-01330,SIP-287880,2026/09/13 03:56:05,2026-09-13 08:13:05,Urgencia por respiratorio,90,PENDIENTE,ingreso_planta
EP-2026-02620,SIP-261261,27-08-2026 16:21:19,28/08/2026 00:39:19,Urgencia por pediatria,117,118/63,ingreso_pediatria
EP-2026-03230,SIP-798363,2026-08-18 00:35:45,18/08/2026 09:07:45,Urgencia por digestivo,99,136/78,traslado_uci
EP-2026-00707,SIP-186478,2026/09/21 20:59:02,22/09/2026 05:32:02,Urgencia por pediatria,75,110/84,ingreso_pediatria
EP-2026-02668,SIP-264290,27-08-2026 16:13:23,28/08/2026 02:13:23,Urgencia por neurologia,64,109/80,null
EP-2026-01005,SIP-154030,17-09-2026 02:23:39,17/09/2026 11:23:39,Urgencia por pediatria,91,110/86,ingreso_pediatria
EP-2026-01099,SIP-756807,2026/09/16 14:35:20,,Urgencia por traumatologia,81,164/89,traslado_uci
EP-2026-02314,SIP-772524,31/08/2026 20:26:33,2026-08-31 22:04:33,Urgencia por traumatologia,105,137/101,traslado_uci
EP-2026-02805,SIP-218027,N/D,25/08/2026 20:57:54,Urgencia por nefrourologia,112,117/101,traslado_uci
EP-2026-00674,SIP-157997,22-09-2026 23:47:36,23/09/2026 05:25 AM,Urgencia por infeccioso,60,133/102,domicilio
EP-2026-02364,SIP-816561,2026-08-30 20:53:40,31/08/2026 02:36 AM,Urgencia por cardiovascular,-99,151/61,ingreso_planta
EP-2026-03390,SIP-577440,16-08-2026 18:51:16,17/08/2026 12:25 AM,Urgencia por psiquiatria,116,146/92,observacion
EP-2026-01188,SIP-393315,15/09/2026 02:49 PM,2026-09-15 17:40:53,Urgencia por traumatologia,108,128/73,observacion
EP-2026-03192,SIP-422366,2026-08-19T22:07:40Z,2026/08/20 00:20:40,Urgencia por infeccioso,ERROR,114/89,domicilio
EP-2026-02635,SIP-465911,2026-08-27 07:08:05,2026/08/27 13:59:05,Urgencia por infeccioso,111,161/76,ingreso_planta
EP-2026-02750,SIP-291711,26/08/2026 01:24:54,2026/08/26 02:15:54,Urgencia por neurologia,96,128/60,observacion
EP-2026-02095,SIP-145621,2026-09-03T20:13:21Z,03-09-2026 22:46:21,Urgencia por pediatria,54,142/78,ingreso_pediatria
EP-2026-03367,SIP-135124,2026/08/16 10:29:01,,Urgencia por nefrourologia,94,157/104,traslado_uci
EP-2026-00419,SIP-885765,2026-09-25 03:15:29,25/09/2026 06:26:29,Urgencia por digestivo,78,157/89,ingreso_pediatria
EP-2026-03461,SIP-967822,,2026-08-15T21:03:08Z,Urgencia por digestivo,52,118/93,Domicilio
EP-2026-01625,SIP-548492,2026-09-09T05:51:56Z,09/09/2026 11:39 AM,Urgencia por respiratorio,105,144/102,ingreso_pediatria
EP-2026-03014,SIP-417544,22/08/2026 02:33 PM,2026-08-22T21:07:45Z,Urgencia por respiratorio,999,154/90,ingreso_planta
EP-2026-03245,SIP-129726,2026-08-18 12:59:44,N/D,Urgencia por pediatria,112,167/68,ingreso_planta
EP-2026-03004,SIP-720645,NULL,22/08/2026 13:35:44,Urgencia por psiquiatria,73,115/85,ingreso_pediatria
EP-2026-00085,SIP-693638,2026/09/30 15:40:00,2026-09-30 21:28:00,Urgencia por psiquiatria,119,110/98,domicilio
EP-2026-02937,SIP-999348,22/08/2026 22:03:44,2026-08-23 04:01:44,Urgencia por respiratorio,95,140/101,ingreso_pediatria
EP-2026-00512,SIP-247845,2026/09/24 23:47:10,2026-09-25 01:13:10,Urgencia por traumatologia,75,116/90,ingreso_pediatria
EP-2026-00558,SIP-391985,2026-09-24 12:59:17,2026-09-24T16:09:17Z,Urgencia por neurologia,66,148/79,traslado_uci
EP-2026-02617,SIP-355962,27/08/2026 02:52:36,27/08/2026 07:01:36,Urgencia por traumatologia,84,137/59,null
EP-2026-03463,SIP-867027,2026-08-15T07:52:51Z,15-08-2026 15:31:51,Urgencia por neurologia,62,121/55,domicilio
EP-2026-00167,SIP-514200,29/09/2026 05:22 AM,29/09/2026 12:54:19,Urgencia por pediatria,92,141/65,ingreso_pediatria
EP-2026-01323,SIP-957933,13/09/2026 09:38 PM,N/D,Urgencia por neurologia,110,NORMAL,domicilio
EP-2026-01799,SIP-944308,07/09/2026 05:59 PM,07/09/2026 10:57 PM,Urgencia por digestivo,121,126/55,ALTA_TRASLADO_UCI
EP-2026-01429,SIP-179334,2026-09-12T15:21:05Z,12/09/2026 09:39 PM,Urgencia por digestivo,105,130/61,ingreso_planta
EP-2026-00667,SIP-399834,N/D,2026/09/22 20:19:53,Urgencia por cardiovascular,93,126/59,ingreso_planta
EP-2026-03191,SIP-774765,19/08/2026 17:39:30,2026/08/19 19:45:30,Urgencia por pediatria,125,95/75,ingreso_planta
EP-2026-02023,SIP-976799,2026-09-04 00:29:51,2026-09-04T04:19:51Z,Urgencia por infeccioso,65,129/79,observacion
EP-2026-02825,SIP-965699,,24/08/2026 09:06 PM,Urgencia por traumatologia,84,126/55,traslado_uci
EP-2026-01194,SIP-115194,2026-09-15 15:02:53,15/09/2026 19:11:53,Urgencia por neurologia,123,141/56,ingreso_pediatria
EP-2026-01880,SIP-518015,06-09-2026 16:49:36,06-09-2026 22:22:36,Urgencia por respiratorio,54,121/89,domicilio
EP-2026-00011,SIP-665162,2026-10-01T18:48:31Z,2026/10/01 21:59:31,Urgencia por psiquiatria,94,165/71,traslado_uci
EP-2026-02622,SIP-937909,27/08/2026 10:58 AM,27-08-2026 16:02:13,Urgencia por digestivo,450,107/74,ingreso_planta
EP-2026-01207,SIP-736908,2026-09-14 07:21:58,14/09/2026 08:08:58,Urgencia por digestivo,71,105/64,traslado_uci
EP-2026-00367,SIP-921271,,26/09/2026 14:05:56,Urgencia por traumatologia,125,119/56,observacion
EP-2026-03430,SIP-275922,15-08-2026 07:16:37,2026/08/15 13:13:37,Urgencia por psiquiatria,76,112/88,domicilio
EP-2026-00222,SIP-233742,28/09/2026 22:54:02,29-09-2026 05:53:02,Urgencia por psiquiatria,0,117/100,ingreso_pediatria
EP-2026-00995,SIP-915899,17/09/2026 19:21:35,2026-09-17 16:21:35,Urgencia por respiratorio,450,121/56,observacion
EP-2026-02643,SIP-352235,2026/08/27 13:19:03,27/08/2026 03:27 PM,Urgencia por infeccioso,54,145_89,ingreso_pediatria
EP-2026-01984,SIP-195246,2026-09-05T13:00:11Z,2026-09-05 16:58:11,Urgencia por respiratorio,60,155/86,domicilio
EP-2026-02703,SIP-523217,26/08/2026 10:14 PM,2026-08-27 07:17:56,Urgencia por infeccioso,74,106/104,traslado_uci
EP-2026-00825,SIP-708225,2026-09-20T04:25:54Z,2026-09-20T05:12:54Z,Urgencia por infeccioso,118,130/72,alta
EP-2026-00814,SIP-807011,2026-09-20T10:40:53Z,2026/09/20 11:14:53,Urgencia por neurologia,52,130/64,domicilio
EP-2026-00999,SIP-714471,17/09/2026 05:40 PM,,Urgencia por respiratorio,117,102/75,ingreso_planta
EP-2026-02351,SIP-272918,30/08/2026 10:14 AM,30/08/2026 11:49 AM,Urgencia por nefrourologia,83,144/65,traslado_uci
EP-2026-02409,SIP-886952,2026/08/30 10:05:24,2026/08/30 13:19:24,Urgencia por neurologia,88,98/92,domicilio
EP-2026-01594,SIP-586814,10/09/2026 09:36:30,10/09/2026 13:32:30,Urgencia por digestivo,67,107/92,observacion
EP-2026-02052,SIP-653378,2026/09/04 16:17:44,04/09/2026 12:17 PM,Urgencia por psiquiatria,57,116/69,domicilio
EP-2026-02632,SIP-529232,27/08/2026 03:10 PM,2026/08/27 18:26:26,Urgencia por neurologia,124,102/82,traslado_uci
EP-2026-01180,SIP-219209,15/09/2026 03:20 PM,2026-09-15 16:30:12,Urgencia por pediatria,64,115/104,traslado_uci
EP-2026-03050,SIP-508462,2026-08-21 09:35:54,2026-08-21T12:04:54Z,Urgencia por traumatologia,105,148/96,domicilio
EP-2026-01903,SIP-961250,06-09-2026 01:09:59,2026-09-06T06:23:59Z,Urgencia por pediatria,57,158/66,ingreso_planta
EP-2026-00241,SIP-989056,2026/09/28 22:25:23,28-09-2026 23:36:23,Urgencia por psiquiatria,107,159/67,domicilio
EP-2026-01781,SIP-731072,2026-09-07 12:48:26,07/09/2026 03:50 PM,Urgencia por traumatologia,79,119/65,observacion
EP-2026-01265,SIP-416766,14/09/2026 14:24:31,14/09/2026 03:49 PM,Urgencia por nefrourologia,112,110/86,ingreso_pediatria
EP-2026-02780,SIP-478334,2026/08/25 22:14:05,26/08/2026 03:35 AM,Urgencia por infeccioso,117,104/83,ingreso_pediatria
EP-2026-01150,SIP-211871,2026-09-15 15:44:14,15/09/2026 07:31 PM,Urgencia por nefrourologia,125,117/70,ingreso_pediatria
EP-2026-00401,SIP-946509,26-09-2026 13:57:58,2026/09/26 19:56:58,Urgencia por digestivo,123,62/103,ingreso_planta
EP-2026-00052,SIP-586817,2026-10-01 18:37:27,2026-10-01T20:20:27Z,Urgencia por neurologia,53,104/58,observacion
EP-2026-03420,SIP-738291,N/D,2026-08-15 14:16:05,Urgencia por nefrourologia,ERROR,104/65,domicilio
EP-2026-02294,SIP-453187,2026-08-31T08:50:28Z,31/08/2026 09:58:28,Urgencia por digestivo,101,154/99,observacion
EP-2026-01477,SIP-619400,11/09/2026 19:51:53,12-09-2026 04:42:53,Urgencia por pediatria,116,166/74,ingreso_pediatria
EP-2026-00961,SIP-588353,18/09/2026 12:02:23,2026-09-18 12:39:23,Urgencia por infeccioso,89,110/87,traslado_uci
EP-2026-01690,SIP-851561,2026-09-09 06:06:19,2026-09-09T14:48:19Z,Urgencia por infeccioso,97,111/89,ingreso_planta
EP-2026-01046,SIP-908725,2026/09/17 21:58:44,18/09/2026 06:11 AM,Urgencia por pediatria,103,102/70,domicilio
EP-2026-01742,SIP-233770,08/09/2026 10:55:39,08/09/2026 03:16 PM,Urgencia por neurologia,122,100 55,domicilio
EP-2026-02239,SIP-575887,2026-09-01T04:19:30Z,,Urgencia por respiratorio,73,152/80,domicilio
EP-2026-02859,SIP-107797,24-08-2026 02:16:08,24-08-2026 05:26:08,Urgencia por nefrourologia,120,95/101,traslado_uci
EP-2026-02781,SIP-135257,25/08/2026 03:25 PM,,Urgencia por pediatria,62,143/88,ingreso_planta
EP-2026-00360,SIP-379610,2026/09/26 07:08:57,2026-09-26T16:30:57Z,Urgencia por cardiovascular,60,104/70,domicilio
EP-2026-03464,SIP-693357,15/08/2026 03:35 PM,15-08-2026 19:01:17,Urgencia por nefrourologia,116,113/59,ingreso_planta
EP-2026-01211,SIP-296443,14/09/2026 12:07 PM,14/09/2026 14:44:00,Urgencia por infeccioso,84,169/94,domicilio
EP-2026-02332,SIP-883362,2026-08-31 19:59:01,,Urgencia por cardiovascular,98,113/84,traslado_uci
EP-2026-00239,SIP-310446,2026/09/28 10:38:39,28/09/2026 02:09 PM,Urgencia por neurologia,65,114/87,domicilio
EP-2026-02924,SIP-479453,23-08-2026 12:53:49,2026/08/23 17:34:49,Urgencia por digestivo,52,120/90,
EP-2026-00246,SIP-552316,,2026-09-28 23:35:23,Urgencia por pediatria,93,129/65,domicilio
EP-2026-01008,SIP-473203,2026/09/17 13:42:30,17/09/2026 02:21 PM,Urgencia por infeccioso,117,99/99,null
EP-2026-03447,SIP-224736,15/08/2026 04:40 PM,2026-08-15T21:59:59Z,Urgencia por nefrourologia,59,149/72,traslado_uci
EP-2026-00601,SIP-749860,2026-09-23 09:36:29,2026/09/23 17:07:29,Urgencia por digestivo,82,100/86,observacion
EP-2026-01089,SIP-859009,16/09/2026 22:35:27,2026/09/17 08:22:27,Urgencia por pediatria,57,102/77,domicilio
EP-2026-01453,SIP-646737,2026/09/12 21:15:06,2026-09-13T06:10:06Z,Urgencia por nefrourologia,82,134/84,ingreso_pediatria
EP-2026-02057,SIP-693769,2026-09-03T17:06:45Z,2026-09-03T20:05:45Z,Urgencia por pediatria,79,131/55,traslado_uci
EP-2026-00637,SIP-912075,23/09/2026 07:40 AM,2026/09/23 16:49:01,Urgencia por infeccioso,112,112/63,observacion
EP-2026-02925,SIP-713620,2026-08-23 07:05:10,N/D,Urgencia por cardiovascular,66,160/101,traslado_uci
EP-2026-02795,SIP-555021,2026-08-25 16:24:22,2026-08-26 00:04:22,Urgencia por nefrourologia,0,105/57,domicilio
EP-2026-01348,SIP-683556,13/09/2026 11:08 AM,13/09/2026 12:04:22,Urgencia por digestivo,s/d,170/82,observacion
EP-2026-03087,SIP-146651,2026-08-20 20:21:07,2026-08-21T01:03:07Z,Urgencia por traumatologia,119,155/78,traslado_uci
EP-2026-03251,SIP-902934,18/08/2026 12:53:09,2026-08-18T19:08:09Z,Urgencia por psiquiatria,110,109/70,observacion
EP-2026-03378,SIP-426179,2026/08/16 03:46:38,2026-08-16 11:50:38,Urgencia por traumatologia,999,153/76,ingreso_pediatria
EP-2026-00902,SIP-292925,18-09-2026 14:26:47,2026/09/18 15:41:47,Urgencia por digestivo,61,135/72,observacion
EP-2026-02774,SIP-528644,2026-08-25 19:33:32,2026/08/26 04:35:32,Urgencia por psiquiatria,91,131/94,domicilio
EP-2026-02976,SIP-812314,2026-08-22T06:08:43Z,22/08/2026 07:15:43,Urgencia por cardiovascular,76,152/60,observacion
EP-2026-02593,SIP-315976,27/08/2026 03:01 PM,2026-08-27 20:27:18,Urgencia por neurologia,52,148/83,ingreso_planta
EP-2026-01198,SIP-393954,15-09-2026 00:29:30,15-09-2026 09:11:30,Urgencia por infeccioso,124,164/91,domicilio
EP-2026-00323,SIP-630725,,2026-09-28 03:27:35,Urgencia por respiratorio,93,163/73,observacion
EP-2026-03335,SIP-505447,2026-08-17 19:00:28,2026/08/17 22:38:28,Urgencia por traumatologia,999,140/56,ingreso_pediatria
EP-2026-01448,SIP-812609,12-09-2026 02:33:17,,Urgencia por cardiovascular,999,166/82,observacion
EP-2026-02884,SIP-586763,23-08-2026 07:36:49,2026-08-23T14:25:49Z,Urgencia por infeccioso,68,140/92,ingreso_pediatria
EP-2026-01600,SIP-587303,10/09/2026 10:22 AM,2026/09/10 14:47:49,Urgencia por traumatologia,81,100/68,
EP-2026-02178,SIP-526134,2026-09-02T02:20:58Z,02-09-2026 02:55:58,Urgencia por nefrourologia,56,139/79,ingreso_planta
EP-2026-01059,SIP-261102,2026-09-16 06:17:36,2026-09-16 15:52:36,Urgencia por pediatria,114,79/115,ingreso_planta
EP-2026-00285,SIP-692009,2026-09-27T09:24:47Z,2026/09/27 15:21:47,Urgencia por digestivo,57,154/83,ingreso_planta
EP-2026-01641,SIP-363477,09/09/2026 12:03 PM,09/09/2026 15:22:51,Urgencia por psiquiatria,66,141/59,observacion
EP-2026-00393,SIP-321273,26-09-2026 23:47:23,2026/09/27 06:23:23,Urgencia por cardiovascular,56,170/71,ingreso_pediatria
EP-2026-02237,SIP-196356,01/09/2026 07:52 PM,02/09/2026 01:41 AM,Urgencia por digestivo,116,141/60,observacion
EP-2026-01236,SIP-168861,2026-09-14 02:24:43,2026-09-13 22:24:43,Urgencia por infeccioso,109,PENDIENTE,domicilio
EP-2026-00795,SIP-837166,20/09/2026 06:09:11,20/09/2026 06:44 AM,Urgencia por digestivo,66,157/77,ingreso_pediatria
EP-2026-03080,SIP-879397,2026/08/20 22:40:51,21/08/2026 02:12 AM,Urgencia por respiratorio,91,164/59,ingreso_pediatria
EP-2026-02455,SIP-722399,2026-08-29 08:09:50,29/08/2026 14:38:50,Urgencia por pediatria,116,99/100,domicilio
EP-2026-00591,SIP-890189,23-09-2026 03:03:55,23/09/2026 10:57:55,Urgencia por pediatria,78,120/56,ingreso_pediatria
EP-2026-00620,SIP-464274,NULL,24/09/2026 06:01:13,Urgencia por psiquiatria,89,117/94,ingreso_pediatria
EP-2026-00433,SIP-192103,NULL,2026-09-25T16:37:13Z,Urgencia por digestivo,111,147/80,traslado_uci
EP-2026-03208,SIP-570254,,2026-08-18T06:30:43Z,Urgencia por respiratorio,84,111/74,observacion
EP-2026-02085,SIP-801726,03/09/2026 11:06 PM,04/09/2026 05:36 AM,Urgencia por cardiovascular,121,165/89,alta
EP-2026-02319,SIP-953739,31/08/2026 12:52 AM,31/08/2026 06:44:17,Urgencia por psiquiatria,91,112/61,ingreso_pediatria
EP-2026-02029,SIP-764504,,2026/09/04 23:21:53,Urgencia por neurologia,s/d,147/85,domicilio
EP-2026-03308,SIP-141920,2026-08-17T06:35:46Z,17-08-2026 11:25:46,Urgencia por digestivo,101,148/77,ingreso_pediatria
EP-2026-02727,SIP-305554,26/08/2026 05:07:40,26-08-2026 13:29:40,Urgencia por psiquiatria,100,125/90,ingreso_pediatria
EP-2026-00453,SIP-812540,2026-09-25T03:09:17Z,2026-09-25 07:42:17,Urgencia por infeccioso,65,98/86,ingreso_planta
EP-2026-00004,SIP-573149,2026/10/01 21:08:25,02/10/2026 06:57:25,Urgencia por traumatologia,57,164/72,observacion
EP-2026-02156,SIP-936338,2026/09/02 08:55:53,02-09-2026 10:30:53,Urgencia por pediatria,103,129/95,observacion
EP-2026-01523,SIP-668864,2026-09-11T16:16:48Z,2026-09-11 20:44:48,Urgencia por pediatria,97,150/66,ingreso_planta
EP-2026-02587,SIP-462019,2026-08-28 12:09:11,2026-08-28T19:32:11Z,Urgencia por neurologia,-99,112/56,observacion
EP-2026-01553,SIP-443798,10/09/2026 12:48 PM,2026/09/10 19:07:28,Urgencia por infeccioso,87,64/122,observacion
EP-2026-01058,SIP-541081,16/09/2026 19:50:59,2026-09-17T02:06:59Z,Urgencia por traumatologia,64,165/87,domicilio
EP-2026-00236,SIP-827158,28/09/2026 22:52:35,29-09-2026 04:54:35,Urgencia por traumatologia,54,157/83,OBSERVACION
EP-2026-00772,SIP-590119,2026/09/21 05:46:45,2026/09/21 14:22:45,Urgencia por traumatologia,55,156/76,traslado_uci
EP-2026-00402,SIP-126540,25/09/2026 23:11:53,2026-09-26T06:58:53Z,Urgencia por traumatologia,114,148/101,ingreso_pediatria
EP-2026-02083,SIP-183266,2026-09-03T23:07:23Z,04-09-2026 00:44:23,Urgencia por nefrourologia,82,161/98,traslado_uci
EP-2026-01611,SIP-328673,2026/09/10 01:26:17,2026/09/10 07:24:17,Urgencia por infeccioso,87,114-83,observacion
EP-2026-01685,SIP-511592,2026/09/09 02:27:55,2026/09/09 10:23:55,Urgencia por neurologia,94,104/57,ingreso_planta
EP-2026-00735,SIP-270919,21/09/2026 10:45 AM,NULL,Urgencia por psiquiatria,68,106/95,domicilio
EP-2026-01946,SIP-693318,05/09/2026 14:29:43,05/09/2026 07:41 PM,Urgencia por pediatria,99,98/78,ingreso_pediatria
EP-2026-02149,SIP-637453,N/D,2026/09/02 18:38:42,Urgencia por infeccioso,76,165/73,traslado_uci
EP-2026-03189,SIP-351523,2026-08-19 16:16:42,2026/08/19 21:21:42,Urgencia por neurologia,68,142/55,traslado_uci
EP-2026-02594,SIP-939488,2026-08-27T06:07:36Z,2026-08-27T10:18:36Z,Urgencia por cardiovascular,97,105/104,ingreso_planta
EP-2026-02851,SIP-409345,2026-08-24T04:27:14Z,24-08-2026 10:24:14,Urgencia por pediatria,103,122/68,ingreso_planta
EP-2026-00199,SIP-655346,28-09-2026 01:44:25,28/09/2026 06:56 AM,Urgencia por neurologia,122,141/103,traslado_uci
EP-2026-01372,SIP-661068,2026-09-12 19:08:22,12/09/2026 09:07 PM,Urgencia por neurologia,97,123/91,traslado_uci
EP-2026-03267,SIP-217528,2026/08/17 18:29:05,17-08-2026 20:35:05,Urgencia por psiquiatria,ERROR,131/104,ingreso_pediatria
EP-2026-00232,SIP-668188,28/09/2026 17:02:10,2026-09-28 19:09:10,Urgencia por nefrourologia,107,115/89,traslado_uci
EP-2026-01131,SIP-382277,15/09/2026 11:55 PM,16/09/2026 02:10 AM,Urgencia por digestivo,86,107/69,domicilio
EP-2026-02572,SIP-147817,2026-08-28 14:00:59,N/D,Urgencia por digestivo,77,158/78,ingreso_planta
EP-2026-02145,SIP-662016,N/D,2026/09/02 11:46:52,Urgencia por psiquiatria,84,125/68,observacion
EP-2026-03260,SIP-376783,NULL,2026-08-18T09:44:27Z,Urgencia por respiratorio,117,95/79,domicilio
EP-2026-01776,SIP-888556,2026-09-07 02:51:00,,Urgencia por pediatria,61,153/84,ingreso_pediatria
EP-2026-00986,SIP-376751,2026-09-17T13:07:04Z,,Urgencia por pediatria,84,106/65,traslado_uci
EP-2026-00984,SIP-682643,2026-09-17T23:57:19Z,2026/09/18 08:30:19,Urgencia por cardiovascular,91,138/74,domicilio
EP-2026-01520,SIP-877854,2026/09/11 04:33:48,,Urgencia por psiquiatria,94,154/58,ingreso_pediatria
EP-2026-01256,SIP-285693,14/09/2026 01:03 PM,2026-09-14T20:21:39Z,Urgencia por cardiovascular,115,157/67,ingreso_planta
EP-2026-01216,SIP-857049,2026-09-14 23:24:47,2026-09-15 06:49:47,Urgencia por cardiovascular,119,132/64,domicilio
EP-2026-01421,SIP-990058,2026/09/12 04:00:47,2026-09-12T06:54:47Z,Urgencia por neurologia,83,110/95,domicilio
EP-2026-00200,SIP-662311,2026/09/28 22:51:37,2026-09-29T07:53:37Z,Urgencia por infeccioso,119,142/68,ingreso_planta
EP-2026-01313,SIP-183396,13-09-2026 11:42:08,13/09/2026 20:56:08,Urgencia por pediatria,62,,ingreso_planta
EP-2026-01278,SIP-290632,14/09/2026 03:01 PM,2026/09/14 16:03:01,Urgencia por neurologia,83,103/161,DOMICILIO
EP-2026-00594,SIP-780436,2026/09/23 07:27:09,23-09-2026 08:45:09,Urgencia por neurologia,92,113/72,observacion
EP-2026-02326,SIP-600902,N/D,2026/08/31 12:09:24,Urgencia por nefrourologia,68,150/82,INGRESO_PEDIATRIA
EP-2026-02002,SIP-313478,2026/09/04 16:52:39,2026/09/05 00:42:39,Urgencia por neurologia,113,157/71,ingreso_pediatria
EP-2026-00242,SIP-872204,2026-09-28T19:25:41Z,29/09/2026 01:21 AM,Urgencia por neurologia,86,121/63,alta
EP-2026-00523,SIP-240330,24-09-2026 09:16:19,2026/09/24 16:41:19,Urgencia por psiquiatria,110,110/61,observacion
EP-2026-03010,SIP-742803,22/08/2026 11:43 AM,2026-08-22 14:12:03,Urgencia por traumatologia,105,s/d,traslado_uci
EP-2026-01711,SIP-790296,2026-09-08T11:31:19Z,08/09/2026 13:40:19,Urgencia por respiratorio,93,165/82,traslado_uci
EP-2026-02161,SIP-581707,2026-09-02T02:20:44Z,02/09/2026 09:34:44,Urgencia por psiquiatria,64,159/59,ingreso_planta
EP-2026-00215,SIP-560150,28/09/2026 19:41:22,29/09/2026 04:06:22,Urgencia por traumatologia,101,PENDIENTE,alta
EP-2026-01500,SIP-922939,11-09-2026 06:33:54,11/09/2026 14:12:54,Urgencia por neurologia,ERROR,146/62,traslado_uci
EP-2026-03348,SIP-938614,16-08-2026 04:43:21,16-08-2026 07:40:21,Urgencia por psiquiatria,103,123/100,observacion
EP-2026-01970,SIP-951659,05-09-2026 08:16:37,2026-09-05 14:35:37,Urgencia por digestivo,90,153/55,traslado_uci
EP-2026-00426,SIP-392151,2026-09-25 21:01:56,2026/09/26 03:37:56,Urgencia por nefrourologia,999,118/104,domicilio
EP-2026-03381,SIP-482385,N/D,17/08/2026 06:01 AM,Urgencia por traumatologia,113,165/80,ingreso_planta
EP-2026-03471,SIP-606587,15-08-2026 13:22:04,2026-08-15 17:10:04,Urgencia por nefrourologia,78,146/92,observacion
EP-2026-01343,SIP-981736,2026-09-13T18:03:08Z,2026-09-13T22:11:08Z,Urgencia por neurologia,89,140/57,observacion
EP-2026-00280,SIP-768318,28-09-2026 08:32:09,28/09/2026 10:24:09,Urgencia por nefrourologia,90,122/69,ingreso_planta
EP-2026-02123,SIP-250627,03-09-2026 11:55:07,2026-09-03 20:33:07,Urgencia por traumatologia,86,120/56,ingreso_planta
EP-2026-00787,SIP-153893,20/09/2026 11:58:50,20-09-2026 09:58:50,Urgencia por neurologia,60,139/61,domicilio
EP-2026-02106,SIP-970128,03/09/2026 03:57:26,2026-09-03T12:44:26Z,Urgencia por psiquiatria,85,136/103,traslado_uci
EP-2026-03456,SIP-401234,15/08/2026 10:19:36,2026-08-15 12:53:36,Urgencia por digestivo,81,110/72,observacion
EP-2026-00887,SIP-109404,19/09/2026 12:38 PM,2026-09-19T15:12:50Z,Urgencia por cardiovascular,999,152-101,ingreso_planta
EP-2026-03333,SIP-447702,17/08/2026 03:51:35,2026-08-17T00:51:35Z,Urgencia por respiratorio,90,133/73,ingreso_planta
EP-2026-02671,SIP-115889,26/08/2026 07:10:06,2026-08-26T14:29:06Z,Urgencia por pediatria,76,168/91,traslado_uci
EP-2026-01888,SIP-909986,2026-09-06T09:25:47Z,2026/09/06 12:27:47,Urgencia por cardiovascular,92,155/99,domicilio
EP-2026-01696,SIP-214998,2026-09-09T11:30:08Z,2026-09-09 12:30:08,Urgencia por respiratorio,98,129/80,ingreso_planta
EP-2026-02638,SIP-675706,2026-08-27 12:23:59,27/08/2026 10:18 PM,Urgencia por pediatria,108,101/100,traslado_uci
EP-2026-01127,SIP-631484,15/09/2026 10:20:44,15-09-2026 17:32:44,Urgencia por respiratorio,62,157/64,None
EP-2026-03392,SIP-869187,2026-08-16T12:52:33Z,NULL,Urgencia por nefrourologia,79,,domicilio
EP-2026-00567,SIP-470386,24/09/2026 19:24:35,2026/09/24 20:36:35,Urgencia por respiratorio,114,128/87,ingreso_planta
EP-2026-01418,SIP-695979,NULL,12/09/2026 18:10:10,Urgencia por cardiovascular,59,164/100,ingreso_planta
EP-2026-02153,SIP-291392,02/09/2026 10:05:14,02-09-2026 11:10:14,Urgencia por digestivo,122,147 60,traslado_uci
EP-2026-02437,SIP-215833,30-08-2026 16:53:27,30/08/2026 20:09:27,Urgencia por traumatologia,-15,121/62,ingreso_planta
EP-2026-03313,SIP-816539,2026-08-17 09:07:23,2026/08/17 10:06:23,Urgencia por traumatologia,114,127-65,ingreso_planta
EP-2026-00362,SIP-354869,2026-09-26T00:20:44Z,2026-09-26 08:00:44,Urgencia por cardiovascular,115,115/55,observacion
EP-2026-01687,SIP-379046,NULL,2026-09-10T08:19:56Z,Urgencia por neurologia,97,146_69,ingreso_pediatria
EP-2026-03132,SIP-564499,,20/08/2026 12:50:54,Urgencia por respiratorio,84,103/62,ingreso_planta
EP-2026-01353,SIP-303091,2026/09/13 05:58:52,2026-09-13T11:16:52Z,Urgencia por cardiovascular,87,165/56,ingreso_pediatria
EP-2026-01321,SIP-948962,2026/09/13 01:49:42,13-09-2026 04:47:42,Urgencia por digestivo,103,97/98,FALLECIMIENTO
EP-2026-00244,SIP-273196,28/09/2026 09:06 PM,28-09-2026 23:26:09,Urgencia por pediatria,56,137/56,ingreso_pediatria
EP-2026-00463,SIP-798465,2026/09/25 02:11:22,2026-09-25T10:59:22Z,Urgencia por traumatologia,119,153/74,domicilio
EP-2026-03235,SIP-141097,18/08/2026 06:27 PM,2026/08/18 23:36:50,Urgencia por psiquiatria,87,145/56,ingreso_pediatria
EP-2026-00352,SIP-645908,2026-09-26 00:30:09,26/09/2026 03:01 AM,Urgencia por cardiovascular,88,109/80,observacion
EP-2026-02100,SIP-452377,03-09-2026 12:15:50,2026-09-03 19:27:50,Urgencia por respiratorio,83,122/56,traslado_uci
EP-2026-00002,SIP-481201,01-10-2026 16:47:13,2026/10/02 00:29:13,Urgencia por traumatologia,66,149/87,traslado_uci
EP-2026-00371,SIP-625378,2026/09/26 02:40:34,2026-09-26T07:06:34Z,Urgencia por traumatologia,93,100/97,traslado_uci
EP-2026-03265,SIP-606032,17/08/2026 05:06:17,2026-08-17T08:59:17Z,Urgencia por cardiovascular,108,140/80,observacion
EP-2026-01985,SIP-827243,2026-09-05T09:54:43Z,2026/09/05 18:49:43,Urgencia por infeccioso,79,150-62,ingreso_pediatria
EP-2026-03297,SIP-707223,17/08/2026 12:44:43,2026-08-17 13:58:43,Urgencia por pediatria,125,127/59,ingreso_planta
EP-2026-02546,SIP-290056,28/08/2026 11:41 PM,29/08/2026 04:53 AM,Urgencia por pediatria,84,163/63,ingreso_planta
EP-2026-01821,SIP-200294,07/09/2026 06:54:59,07-09-2026 11:07:59,Urgencia por infeccioso,116,159/57,observacion
EP-2026-03143,SIP-187237,2026-08-20T05:57:28Z,2026-08-20T10:04:28Z,Urgencia por psiquiatria,102,166/84,
EP-2026-01922,SIP-289139,2026-09-06 19:37:53,06/09/2026 10:17 PM,Urgencia por cardiovascular,79,102/92,ingreso_planta
EP-2026-00731,SIP-200112,2026-09-21T15:57:07Z,21-09-2026 18:14:07,Urgencia por psiquiatria,105,155/62,traslado_uci
EP-2026-01914,SIP-517785,2026/09/06 08:19:57,2026-09-06T10:06:57Z,Urgencia por cardiovascular,96,103/80,domicilio
EP-2026-02568,SIP-660543,2026-08-28T05:44:03Z,2026-08-28 09:04:03,Urgencia por digestivo,97,157/75,ingreso_planta
EP-2026-01458,SIP-189204,2026-09-12 19:12:47,,Urgencia por cardiovascular,86,103/63,ingreso_planta
EP-2026-02179,SIP-555360,02/09/2026 10:04 PM,03/09/2026 05:49 AM,Urgencia por psiquiatria,100,132/94,traslado_uci
EP-2026-02170,SIP-940298,2026/09/02 07:24:53,2026-09-02T10:02:53Z,Urgencia por infeccioso,117,120/92,domicilio
EP-2026-01899,SIP-781849,06/09/2026 15:42:53,2026-09-06 22:16:53,Urgencia por respiratorio,115,102/76,ingreso_planta
EP-2026-01232,SIP-858277,2026-09-14 15:04:51,NULL,Urgencia por traumatologia,81,134/77,domicilio
EP-2026-00605,SIP-530843,23/09/2026 06:08 AM,23/09/2026 03:20 PM,Urgencia por digestivo,88,117/86,domicilio
EP-2026-02342,SIP-420549,30-08-2026 21:12:00,31-08-2026 02:50:00,Urgencia por respiratorio,103,123/92,traslado_uci
EP-2026-02508,SIP-259898,28-08-2026 04:43:47,2026-08-28 09:37:47,Urgencia por nefrourologia,s/d,,ingreso_planta
EP-2026-01717,SIP-838460,2026-09-08T14:22:09Z,N/D,Urgencia por respiratorio,65,149/96,ingreso_planta
EP-2026-02943,SIP-114767,2026/08/22 07:53:59,2026/08/22 05:53:59,Urgencia por respiratorio,81,108/60,ingreso_pediatria
EP-2026-02039,SIP-404360,2026-09-04 01:57:14,04/09/2026 11:46:14,Urgencia por digestivo,125,s/d,observacion
EP-2026-01719,SIP-465737,2026-09-08 19:11:08,2026-09-09T04:28:08Z,Urgencia por traumatologia,115,99/60,ingreso_pediatria
EP-2026-01974,SIP-342606,05-09-2026 08:37:29,2026-09-05 09:46:29,Urgencia por cardiovascular,104,149/93,traslado_uci
EP-2026-01933,SIP-498915,05/09/2026 02:19:48,N/D,Urgencia por cardiovascular,73,110/74,domicilio
EP-2026-00095,SIP-410233,30-09-2026 19:13:43,2026/10/01 04:33:43,Urgencia por nefrourologia,56,129/60,observacion
EP-2026-01648,SIP-522686,09/09/2026 05:07 AM,2026-09-09 10:48:57,Urgencia por nefrourologia,79,128/90,domicilio
EP-2026-02619,SIP-306110,27/08/2026 16:47:21,27/08/2026 09:40 PM,Urgencia por digestivo,124,123/82,observacion
EP-2026-00005,SIP-974302,01-10-2026 12:38:04,01-10-2026 19:09:04,Urgencia por cardiovascular,90,152/75,ingreso_pediatria
EP-2026-02855,SIP-595574,2026/08/24 02:58:08,2026/08/24 04:25:08,Urgencia por neurologia,67,170/74,None
EP-2026-03435,SIP-240253,2026-08-15 07:45:32,2026-08-15T11:58:32Z,Urgencia por infeccioso,56,110/75,observacion
EP-2026-01858,SIP-418295,2026-09-07 10:39:58,2026-09-07 13:11:58,Urgencia por nefrourologia,93,122/71,domicilio
EP-2026-00546,SIP-668418,24/09/2026 09:44:01,2026/09/24 11:34:01,Urgencia por digestivo,114,75/150,observacion
EP-2026-02987,SIP-452367,22/08/2026 04:54:45,22/08/2026 11:18 AM,Urgencia por neurologia,72,145/72,ingreso_pediatria
EP-2026-02014,SIP-511346,2026-09-04T02:12:00Z,2026-09-04T10:11:00Z,Urgencia por pediatria,79,101/81,domicilio
EP-2026-00434,SIP-333013,N/D,25-09-2026 17:54:47,Urgencia por respiratorio,109,126/93,observacion
EP-2026-02366,SIP-467587,30/08/2026 11:18 PM,31-08-2026 01:02:03,Urgencia por neurologia,60,99/67,ingreso_pediatria
EP-2026-02951,SIP-187427,,23-08-2026 07:49:26,Urgencia por pediatria,63,147/92,ingreso_planta
EP-2026-00254,SIP-269113,28/09/2026 06:08 PM,2026/09/29 03:13:46,Urgencia por respiratorio,97,163/100,traslado_uci
EP-2026-03246,SIP-759471,N/D,18/08/2026 11:31:48,Urgencia por digestivo,56,130/103,ingreso_planta
EP-2026-00231,SIP-679945,28-09-2026 02:54:50,2026-09-28T05:49:50Z,Urgencia por traumatologia,120,122/64,observacion
EP-2026-01555,SIP-131085,10/09/2026 07:14 AM,2026-09-10 05:14:20,Urgencia por digestivo,81,141/86,ingreso_pediatria
EP-2026-03481,SIP-145492,14/08/2026 02:14 AM,14/08/2026 04:14:14,Urgencia por digestivo,91,118/89,ALTA_INGRESO_PEDIATRIA
EP-2026-02675,SIP-381819,26/08/2026 23:22:07,27-08-2026 07:05:07,Urgencia por traumatologia,88,147/72,observacion
EP-2026-01113,SIP-999439,2026/09/16 16:58:09,16-09-2026 18:36:09,Urgencia por cardiovascular,99,108/92,observacion
EP-2026-01962,SIP-615574,05/09/2026 12:18 PM,2026-09-05T20:44:36Z,Urgencia por nefrourologia,52,PENDIENTE,observacion
EP-2026-00335,SIP-368577,2026-09-27T07:01:17Z,2026-09-27T13:22:17Z,Urgencia por digestivo,-99,123/102,domicilio
EP-2026-00159,SIP-154511,2026-09-29 04:24:18,29/09/2026 09:50 AM,Urgencia por respiratorio,72,113/77,ingreso_pediatria
EP-2026-01184,SIP-602401,2026/09/15 08:20:42,15/09/2026 09:19:42,Urgencia por digestivo,112,146/91,observacion
EP-2026-01605,SIP-602235,10/09/2026 04:47 PM,2026-09-10T18:07:21Z,Urgencia por respiratorio,111,107/102,traslado_uci
EP-2026-00001,SIP-435003,2026-10-01 18:17:45,2026-10-02 03:31:45,Urgencia por traumatologia,105,168/90,ingreso_pediatria
EP-2026-00719,SIP-350477,21/09/2026 10:53 PM,2026-09-22T06:47:40Z,Urgencia por psiquiatria,89,105/104,traslado_uci
EP-2026-00166,SIP-608270,29/09/2026 03:48:30,29/09/2026 05:37 AM,Urgencia por neurologia,117,98/99,ingreso_planta
EP-2026-00675,SIP-703561,2026/09/22 10:55:58,22/09/2026 08:09 PM,Urgencia por pediatria,81,157/90,ingreso_pediatria
EP-2026-02009,SIP-478578,2026-09-04 02:19:33,2026-09-04T10:35:33Z,Urgencia por pediatria,119,128/95,observacion
EP-2026-02502,SIP-998222,28-08-2026 19:24:38,29/08/2026 01:37:38,Urgencia por infeccioso,103,162/81,observacion
EP-2026-01484,SIP-709056,2026/09/11 03:12:50,11/09/2026 08:38:50,Urgencia por respiratorio,108,98/63,observacion
EP-2026-00057,SIP-170803,01/10/2026 17:48:29,2026/10/02 02:01:29,Urgencia por digestivo,87,100/67,domicilio
EP-2026-01541,SIP-738637,2026-09-10 14:56:35,10-09-2026 21:58:35,Urgencia por neurologia,77,109/88,observacion
EP-2026-00271,SIP-100704,28/09/2026 18:36:21,29-09-2026 01:48:21,Urgencia por neurologia,124,124/85,ingreso_planta
EP-2026-02803,SIP-106493,25-08-2026 09:07:30,25/08/2026 16:44:30,Urgencia por nefrourologia,62,123/62,traslado_uci
EP-2026-00800,SIP-418399,2026-09-20T02:33:45Z,20-09-2026 05:48:45,Urgencia por nefrourologia,61,137/95,traslado_uci
EP-2026-03336,SIP-292077,17/08/2026 06:14 AM,2026-08-17 10:08:23,Urgencia por respiratorio,82,109/91,observacion
EP-2026-01388,SIP-680947,12-09-2026 00:28:30,12/09/2026 10:14 AM,Urgencia por infeccioso,112,161/55,observacion
EP-2026-02491,SIP-590596,29-08-2026 23:22:46,2026-08-30T09:08:46Z,Urgencia por respiratorio,117,145/64,ingreso_pediatria
EP-2026-01055,SIP-836158,16/09/2026 03:07 PM,16/09/2026 06:59 PM,Urgencia por infeccioso,108,117/88,ingreso_pediatria
EP-2026-01637,SIP-328677,2026/09/09 20:00:56,09/09/2026 22:55:56,Urgencia por infeccioso,64,149/81,ingreso_pediatria
EP-2026-00569,SIP-603114,24/09/2026 09:13 AM,24-09-2026 10:34:30,Urgencia por traumatologia,109,71/141,
EP-2026-02211,SIP-690011,2026-09-01T09:33:27Z,01-09-2026 10:44:27,Urgencia por neurologia,94,150/79,domicilio
EP-2026-01728,SIP-203649,2026/09/08 04:42:02,2026-09-08 10:37:02,Urgencia por cardiovascular,113,129/89,ingreso_pediatria
EP-2026-01451,SIP-793583,2026/09/12 22:00:52,2026-09-13 07:37:52,Urgencia por digestivo,111,158/64,traslado_uci
EP-2026-00604,SIP-567706,23-09-2026 04:43:39,23-09-2026 11:12:39,Urgencia por pediatria,66,122/97,null
EP-2026-02935,SIP-800741,2026/08/23 16:43:31,2026-08-24T01:54:31Z,Urgencia por neurologia,106,106/82,traslado_uci
EP-2026-02295,SIP-494534,2026-08-31T21:18:53Z,,Urgencia por pediatria,122,99/89,observacion
EP-2026-01139,SIP-857426,2026-09-15 14:48:13,2026-09-15 15:48:13,Urgencia por traumatologia,52,167/85,ingreso_pediatria
EP-2026-00890,SIP-297736,,2026-09-19T08:28:58Z,Urgencia por neurologia,111,131/74,ingreso_planta
EP-2026-00847,SIP-721488,2026-09-19 00:33:39,2026-09-19 08:01:39,Urgencia por cardiovascular,86,160/68,traslado_uci
EP-2026-03194,SIP-991737,2026-08-19 17:38:57,N/D,Urgencia por infeccioso,108,97/92,traslado_uci
EP-2026-01649,SIP-403469,2026-09-09 09:35:22,09/09/2026 17:10:22,Urgencia por neurologia,107,147/100,observacion
EP-2026-01357,SIP-544775,2026/09/13 16:00:36,13/09/2026 18:18:36,Urgencia por neurologia,54,103/88,ALTA_TRASLADO_UCI
EP-2026-02773,SIP-879918,2026-08-25 12:00:14,2026-08-25 21:59:14,Urgencia por digestivo,67,107/103,ingreso_pediatria
EP-2026-03443,SIP-174692,15/08/2026 06:11 AM,2026-08-15T15:44:05Z,Urgencia por psiquiatria,63,104/66,ingreso_pediatria
EP-2026-02597,SIP-900231,27/08/2026 01:22 AM,2026-08-27T02:50:16Z,Urgencia por nefrourologia,87,115/84,domicilio
EP-2026-02701,SIP-587465,26/08/2026 08:16 PM,26/08/2026 21:26:35,Urgencia por pediatria,58,148/79,traslado_uci
EP-2026-02910,SIP-987554,23-08-2026 13:57:10,23/08/2026 02:50 PM,Urgencia por nefrourologia,98,161/71,observacion
EP-2026-02575,SIP-410320,28/08/2026 22:17:10,2026-08-29 03:36:10,Urgencia por pediatria,999,103/83,ingreso_planta
EP-2026-01925,SIP-224326,2026-09-06T14:32:36Z,2026-09-06T18:16:36Z,Urgencia por digestivo,115,104/82,ingreso_pediatria
EP-2026-02065,SIP-466531,2026-09-03T09:56:34Z,2026/09/03 18:27:34,Urgencia por infeccioso,69,170/72,ingreso_planta
EP-2026-02996,SIP-313819,22-08-2026 01:47:15,2026/08/22 09:43:15,Urgencia por nefrourologia,98,164/69,traslado_uci
EP-2026-00514,SIP-825387,2026-09-24T05:16:21Z,NULL,Urgencia por psiquiatria,111,157/104,observacion
EP-2026-01615,SIP-480849,2026-09-10 01:04:35,2026/09/10 05:48:35,Urgencia por digestivo,118,154/76,ingreso_planta
EP-2026-01926,SIP-361337,2026-09-06T21:19:25Z,07/09/2026 06:37:25,Urgencia por neurologia,82,160/85,alta
EP-2026-02854,SIP-461643,24/08/2026 21:34:02,25-08-2026 05:45:02,Urgencia por infeccioso,102,151/94,ingreso_pediatria
EP-2026-00425,SIP-441470,2026/09/25 19:53:41,2026/09/26 03:22:41,Urgencia por respiratorio,92,114/84,ingreso_planta
EP-2026-02453,SIP-328265,29-08-2026 10:11:47,NULL,Urgencia por pediatria,114,164/104,traslado_uci
EP-2026-02496,SIP-482407,2026-08-29T23:33:17Z,2026-08-30T03:46:17Z,Urgencia por psiquiatria,115,128/103,observacion
EP-2026-02796,SIP-751937,25/08/2026 05:30 AM,2026/08/25 08:52:07,Urgencia por psiquiatria,74,102/102,domicilio
EP-2026-03176,SIP-357086,2026-08-19T20:26:36Z,20/08/2026 00:56:36,Urgencia por neurologia,76,140/75,observacion
EP-2026-01274,SIP-639817,2026/09/14 09:56:41,2026/09/14 13:58:41,Urgencia por psiquiatria,-99,153/57,ingreso_pediatria
EP-2026-02876,SIP-240702,2026/08/24 14:06:17,24/08/2026 20:35:17,Urgencia por nefrourologia,84,96/101,domicilio
EP-2026-00082,SIP-836903,30/09/2026 01:20:41,2026-09-30 04:33:41,Urgencia por respiratorio,101,104/70,traslado_uci
EP-2026-01828,SIP-905217,2026-09-07 15:28:04,2026/09/07 20:18:04,Urgencia por cardiovascular,91,141/93,ALTA_OBSERVACION
EP-2026-02712,SIP-723893,26/08/2026 03:42 PM,2026-08-26T17:02:10Z,Urgencia por pediatria,74,127/60,traslado_uci
EP-2026-01026,SIP-958597,17/09/2026 11:13 AM,2026/09/17 18:41:03,Urgencia por respiratorio,111,157-67,ingreso_pediatria
EP-2026-00943,SIP-638969,2026-09-18T11:27:53Z,,Urgencia por neurologia,109,102/68,traslado_uci
EP-2026-02334,SIP-753809,31/08/2026 16:29:19,31/08/2026 10:42 PM,Urgencia por pediatria,63,146/79,FALLECIMIENTO
EP-2026-03062,SIP-902266,2026-08-21 04:47:29,2026-08-21 11:03:29,Urgencia por respiratorio,121,118/63,domicilio
EP-2026-00934,SIP-745052,18-09-2026 12:54:01,2026-09-18 16:19:01,Urgencia por respiratorio,65,123/77,domicilio
EP-2026-02398,SIP-719719,30/08/2026 23:34:55,31-08-2026 06:13:55,Urgencia por digestivo,108,144/77,ingreso_planta
EP-2026-00473,SIP-463119,2026/09/25 04:26:13,25-09-2026 06:21:13,Urgencia por pediatria,83,128/71,ingreso_planta
EP-2026-01609,SIP-359126,10/09/2026 09:22 AM,2026-09-10 13:55:14,Urgencia por infeccioso,124,145/55,observacion
EP-2026-02341,SIP-273800,30/08/2026 02:43:41,30/08/2026 05:22:41,Urgencia por nefrourologia,67,160/83,ingreso_planta
EP-2026-01037,SIP-808704,2026-09-17 17:05:54,17/09/2026 17:56:54,Urgencia por pediatria,79,166/59,None
EP-2026-01223,SIP-524083,2026-09-14T16:37:41Z,2026/09/14 23:33:41,Urgencia por psiquiatria,77,137/78,domicilio
EP-2026-02798,SIP-672027,2026-08-25T06:45:54Z,25/08/2026 11:18 AM,Urgencia por pediatria,117,166/68,observacion
EP-2026-02234,SIP-506388,01/09/2026 05:00 PM,2026-09-01T19:08:18Z,Urgencia por infeccioso,-15,97/90,domicilio
EP-2026-02371,SIP-534990,30/08/2026 08:38 AM,30/08/2026 16:05:28,Urgencia por nefrourologia,65,149/104,None
EP-2026-02760,SIP-275377,26/08/2026 13:02:12,26-08-2026 20:00:12,Urgencia por nefrourologia,-99,114/100,domicilio
EP-2026-03205,SIP-553677,2026-08-18 16:20:53,18/08/2026 22:44:53,Urgencia por traumatologia,91,78/168,ingreso_pediatria
EP-2026-00820,SIP-206180,20/09/2026 07:42 PM,2026-09-21 02:20:09,Urgencia por infeccioso,0,157/61,traslado_uci
EP-2026-00739,SIP-865054,21/09/2026 11:10 AM,21/09/2026 14:40:56,Urgencia por respiratorio,118,120/72,ingreso_pediatria
EP-2026-02680,SIP-486692,26/08/2026 05:24 PM,27-08-2026 02:31:49,Urgencia por traumatologia,54,130/74,domicilio
EP-2026-02354,SIP-207447,30/08/2026 10:41 AM,30/08/2026 07:59 PM,Urgencia por neurologia,105,157/60,traslado_uci
EP-2026-03213,SIP-620745,18-08-2026 23:07:32,,Urgencia por cardiovascular,76,142/58,ingreso_planta
EP-2026-02707,SIP-452467,26-08-2026 11:47:00,26-08-2026 12:34:00,Urgencia por nefrourologia,111,112/80,ingreso_pediatria
EP-2026-01725,SIP-150453,08-09-2026 21:46:55,2026-09-09T06:06:55Z,Urgencia por respiratorio,94,151/85,ingreso_pediatria
EP-2026-00629,SIP-905272,N/D,24/09/2026 08:42:02,Urgencia por pediatria,62,145/68,domicilio
EP-2026-01342,SIP-963590,13-09-2026 12:41:56,2026-09-13 21:59:56,Urgencia por nefrourologia,101,119/78,observacion
EP-2026-00456,SIP-122584,2026-09-25 02:36:50,2026-09-24 22:36:50,Urgencia por respiratorio,100,158/87,observacion
EP-2026-00818,SIP-617689,20/09/2026 11:30:34,,Urgencia por digestivo,72,118/96,ingreso_pediatria
EP-2026-02480,SIP-345211,29/08/2026 01:41 PM,29/08/2026 06:52 PM,Urgencia por infeccioso,76,119/101,domicilio
EP-2026-00686,SIP-171632,22/09/2026 11:17:27,2026/09/22 17:06:27,Urgencia por cardiovascular,93,96/56,ingreso_planta
EP-2026-00565,SIP-503171,24-09-2026 01:46:19,,Urgencia por respiratorio,93,107/59,traslado_uci
EP-2026-03091,SIP-945239,20/08/2026 20:31:14,21/08/2026 04:07:14,Urgencia por respiratorio,102,164/105,observacion
EP-2026-02287,SIP-833630,01/09/2026 05:14 AM,2026/09/01 14:25:52,Urgencia por nefrourologia,121,133/96,ingreso_pediatria
EP-2026-02954,SIP-983289,2026/08/22 10:21:00,2026-08-22 11:15:00,Urgencia por pediatria,60,99/97,ingreso_pediatria
EP-2026-00464,SIP-513601,N/D,,Urgencia por pediatria,117,122/96,OBSERVACION
EP-2026-01466,SIP-208398,11/09/2026 04:46 PM,11-09-2026 20:32:31,Urgencia por digestivo,110,114/55,domicilio
EP-2026-01123,SIP-156370,15-09-2026 19:32:23,15/09/2026 09:32 PM,Urgencia por digestivo,104,166/55,ingreso_planta
EP-2026-00354,SIP-192312,26-09-2026 23:39:52,2026-09-27 01:59:52,Urgencia por psiquiatria,s/d,145/69,traslado_uci
EP-2026-02281,SIP-150921,N/D,02/09/2026 02:55:04,Urgencia por cardiovascular,81,157/87,ingreso_planta
EP-2026-01672,SIP-533494,09/09/2026 17:35:03,2026/09/10 00:04:03,Urgencia por cardiovascular,78,124/76,domicilio
EP-2026-02578,SIP-783710,28-08-2026 19:43:14,28/08/2026 21:51:14,Urgencia por pediatria,113,123/101,observacion
EP-2026-00730,SIP-623186,21/09/2026 06:15:29,2026-09-21T12:17:29Z,Urgencia por infeccioso,123,120/77,ingreso_pediatria
EP-2026-03222,SIP-705519,2026-08-18 02:23:23,18-08-2026 11:25:23,Urgencia por nefrourologia,84,150/91,observacion
EP-2026-00208,SIP-539855,28-09-2026 21:51:30,29/09/2026 01:06 AM,Urgencia por respiratorio,70,166/92,domicilio
EP-2026-01425,SIP-254691,N/D,2026-09-12 13:01:22,Urgencia por psiquiatria,71,106/64,ingreso_planta
EP-2026-02291,SIP-679559,31/08/2026 15:58:17,2026-09-01 01:28:17,Urgencia por digestivo,103,119/75,ingreso_planta
EP-2026-00645,SIP-989640,23/09/2026 03:00:39,23-09-2026 07:00:39,Urgencia por digestivo,67,166/77,FALLECIMIENTO
EP-2026-00720,SIP-516618,21/09/2026 11:50:14,21/09/2026 01:00 PM,Urgencia por infeccioso,111,169/86,domicilio
EP-2026-02191,SIP-130338,2026/09/02 10:28:23,,Urgencia por pediatria,115,153/100,ingreso_planta
EP-2026-00436,SIP-974776,25/09/2026 12:17 AM,25/09/2026 05:16:50,Urgencia por psiquiatria,68,145/104,traslado_uci
EP-2026-02373,SIP-996426,2026-08-30T09:15:12Z,N/D,Urgencia por pediatria,s/d,139/77,observacion
EP-2026-01720,SIP-579415,N/D,09-09-2026 00:25:58,Urgencia por psiquiatria,-99,97/79,ingreso_planta
EP-2026-00455,SIP-789213,2026-09-25 22:40:19,2026-09-26 02:26:19,Urgencia por pediatria,80,s/d,ingreso_pediatria
EP-2026-00264,SIP-988931,2026/09/28 08:40:00,2026/09/28 17:10:00,Urgencia por pediatria,69,110/86,ingreso_pediatria
EP-2026-03185,SIP-926306,2026/08/19 20:35:43,20/08/2026 05:11:43,Urgencia por neurologia,98,156/60,domicilio
EP-2026-01815,SIP-403978,07/09/2026 03:38 PM,2026-09-07 22:53:34,Urgencia por neurologia,119,140/92,None
EP-2026-03488,SIP-207594,2026/08/14 20:43:14,2026-08-14 21:33:14,Urgencia por cardiovascular,101,141/59,domicilio
EP-2026-00034,SIP-765994,2026-10-01 01:14:20,2026-10-01T06:56:20Z,Urgencia por pediatria,65,121/74,None
EP-2026-03492,SIP-958286,2026-08-14T18:45:01Z,2026/08/15 03:54:01,Urgencia por neurologia,114,160/74,
EP-2026-00401,SIP-946509,26-09-2026 13:57:58,2026/09/26 19:56:58,Urgencia por digestivo,123,62/103,ingreso_planta
EP-2026-00857,SIP-376874,N/D,,Urgencia por pediatria,113,95/63,observacion
EP-2026-03008,SIP-665797,22/08/2026 20:15:59,22/08/2026 09:04 PM,Urgencia por cardiovascular,79,103/83,ingreso_planta
EP-2026-02801,SIP-942618,2026/08/25 07:19:19,2026-08-25 14:09:19,Urgencia por digestivo,73,121/80,traslado_uci
EP-2026-01618,SIP-131536,09-09-2026 06:44:54,,Urgencia por infeccioso,103,161-92,observacion
EP-2026-01450,SIP-402150,12/09/2026 00:15:18,2026/09/12 01:06:18,Urgencia por traumatologia,110,166/71,ingreso_pediatria
EP-2026-02079,SIP-900977,2026-09-03T02:52:30Z,2026/09/03 08:45:30,Urgencia por traumatologia,116,104/105,domicilio
EP-2026-00527,SIP-240198,2026/09/24 20:13:19,25-09-2026 03:58:19,Urgencia por psiquiatria,63,154-99,ingreso_pediatria
EP-2026-00461,SIP-255804,2026-09-25 20:52:29,2026-09-25 21:35:29,Urgencia por cardiovascular,75,115/97,ingreso_planta
EP-2026-02150,SIP-730815,02/09/2026 18:07:17,2026-09-02T22:50:17Z,Urgencia por psiquiatria,84,133/59,observacion
EP-2026-00440,SIP-672024,2026-09-25 23:05:43,26/09/2026 05:57 AM,Urgencia por digestivo,72,PENDIENTE,ingreso_pediatria
EP-2026-00561,SIP-569373,N/D,2026-09-24 12:50:33,Urgencia por respiratorio,105,131/57,ingreso_planta
EP-2026-00365,SIP-261208,2026-09-26T13:51:42Z,26-09-2026 18:38:42,Urgencia por pediatria,120,129/87,domicilio
EP-2026-02718,SIP-362907,2026-08-26 07:06:50,26/08/2026 08:53:50,Urgencia por traumatologia,112,114/73,ingreso_planta
EP-2026-01106,SIP-818243,2026-09-16 02:41:32,16-09-2026 07:53:32,Urgencia por digestivo,73,107/62,ALTA_DOMICILIO
EP-2026-02556,SIP-978867,28/08/2026 12:50 AM,2026-08-28T03:11:53Z,Urgencia por respiratorio,105,145/57,ingreso_planta
EP-2026-01173,SIP-235828,15-09-2026 19:41:31,,Urgencia por neurologia,0,167/57,traslado_uci
EP-2026-03272,SIP-179407,2026-08-17T12:22:36Z,17/08/2026 05:46 PM,Urgencia por infeccioso,64,125/86,ingreso_pediatria
EP-2026-02270,SIP-955950,,01/09/2026 12:31:55,Urgencia por neurologia,s/d,154/72,ingreso_planta
EP-2026-02196,SIP-393146,2026/09/02 20:48:47,2026/09/03 04:25:47,Urgencia por digestivo,57,169/79,ingreso_pediatria
EP-2026-02841,SIP-578772,2026-08-24 20:09:41,25/08/2026 02:36 AM,Urgencia por infeccioso,87,143/96,traslado_uci
EP-2026-00073,SIP-617261,2026-09-30T01:44:30Z,30/09/2026 03:45 AM,Urgencia por digestivo,68,149/77,observacion
EP-2026-03462,SIP-838223,2026/08/15 00:06:01,15-08-2026 09:03:01,Urgencia por pediatria,92,s/d,Domicilio
EP-2026-02445,SIP-922835,NULL,2026-08-29T12:28:04Z,Urgencia por traumatologia,57,170/72,observacion
EP-2026-00792,SIP-970962,2026-09-20 15:42:30,2026/09/20 22:24:30,Urgencia por infeccioso,117,108/90,ingreso_pediatria
EP-2026-01324,SIP-929427,13/09/2026 05:14 AM,13/09/2026 11:38 AM,Urgencia por psiquiatria,66,135/93,domicilio
EP-2026-00590,SIP-192943,2026-09-23T17:47:34Z,2026-09-24T01:55:34Z,Urgencia por pediatria,69,156/97,traslado_uci
EP-2026-01869,SIP-945333,N/D,2026-09-06 15:01:29,Urgencia por neurologia,120,105/82,traslado_uci
EP-2026-03210,SIP-225361,18/08/2026 22:45:17,19-08-2026 08:02:17,Urgencia por psiquiatria,53,146/94,ingreso_pediatria
EP-2026-01635,SIP-685100,2026-09-09 23:58:42,2026-09-10 08:13:42,Urgencia por digestivo,112,161/68,domicilio
EP-2026-01022,SIP-461180,2026/09/17 03:10:34,17-09-2026 06:28:34,Urgencia por pediatria,82,146/92,traslado_uci
EP-2026-01727,SIP-132711,2026-09-08 08:32:05,2026/09/08 13:54:05,Urgencia por neurologia,82,145/103,observacion
EP-2026-02899,SIP-417469,2026-08-23T18:01:16Z,24-08-2026 03:48:16,Urgencia por traumatologia,66,150/63,domicilio
EP-2026-03404,SIP-938885,16/08/2026 04:55 AM,2026-08-16 08:56:13,Urgencia por nefrourologia,73,137/95,ingreso_pediatria
EP-2026-03468,SIP-853285,15/08/2026 10:34 PM,16/08/2026 04:35 AM,Urgencia por pediatria,95,163/58,ingreso_planta
EP-2026-02822,SIP-595026,2026-08-25 13:48:30,25-08-2026 21:28:30,Urgencia por psiquiatria,93,132/71,traslado_uci
EP-2026-02580,SIP-427114,2026-08-28 13:00:03,,Urgencia por psiquiatria,123,139/66,domicilio
EP-2026-00765,SIP-942520,NULL,21-09-2026 11:31:05,Urgencia por pediatria,69,99/75,ingreso_pediatria
EP-2026-03304,SIP-388408,17/08/2026 11:11 AM,17-08-2026 17:09:49,Urgencia por pediatria,87,121/88,observacion
EP-2026-00111,SIP-220569,N/D,30/09/2026 03:06:51,Urgencia por nefrourologia,83,131/75,ingreso_planta
EP-2026-02694,SIP-162865,2026-08-26T14:42:13Z,27-08-2026 00:03:13,Urgencia por respiratorio,91,150/69,ingreso_pediatria
EP-2026-02757,SIP-745329,26-08-2026 22:26:38,27/08/2026 04:59 AM,Urgencia por respiratorio,53,107/98,domicilio
EP-2026-00642,SIP-502630,2026-09-23 15:34:38,23-09-2026 19:16:38,Urgencia por neurologia,106,105/65,domicilio
EP-2026-03070,SIP-289504,21-08-2026 09:22:48,,Urgencia por nefrourologia,80,150/73,ingreso_pediatria
EP-2026-03051,SIP-465939,2026/08/21 22:52:52,2026-08-22 00:45:52,Urgencia por infeccioso,92,130/98,observacion
EP-2026-02735,SIP-569145,2026/08/26 01:57:42,26/08/2026 07:08 AM,Urgencia por cardiovascular,68,98/87,traslado_uci
EP-2026-01698,SIP-756204,2026-09-09 21:08:43,2026-09-09T23:50:43Z,Urgencia por traumatologia,100,120/65,ingreso_pediatria
EP-2026-01505,SIP-543884,11-09-2026 06:22:24,11/09/2026 08:36:24,Urgencia por infeccioso,93,138/79,TRASLADO_UCI
EP-2026-01710,SIP-747774,2026/09/08 10:57:42,N/D,Urgencia por digestivo,99,125/89,domicilio
EP-2026-02288,SIP-609229,01/09/2026 01:23 PM,01/09/2026 06:37 PM,Urgencia por neurologia,97,114/92,domicilio
EP-2026-01349,SIP-257730,2026-09-13 21:35:29,2026/09/14 02:09:29,Urgencia por pediatria,-99,155/83,traslado_uci
EP-2026-01403,SIP-113376,12/09/2026 08:46:32,2026-09-12 10:05:32,Urgencia por traumatologia,113,89/141,ingreso_pediatria
EP-2026-01090,SIP-818878,2026/09/16 01:34:11,16-09-2026 02:43:11,Urgencia por pediatria,67,121/78,traslado_uci
EP-2026-02442,SIP-911852,2026-08-29T15:33:37Z,29-08-2026 23:36:37,Urgencia por neurologia,58,101/61,traslado_uci
EP-2026-02772,SIP-287015,25/08/2026 21:02:46,26-08-2026 05:00:46,Urgencia por neurologia,77,111/55,ingreso_pediatria
EP-2026-02446,SIP-982037,29/08/2026 04:59 PM,2026-08-29T18:00:34Z,Urgencia por respiratorio,108,113_62,ingreso_pediatria
EP-2026-02817,SIP-698443,25/08/2026 14:30:54,25/08/2026 10:45 PM,Urgencia por nefrourologia,0,139/70,observacion
EP-2026-00895,SIP-649300,2026-09-19 20:15:17,19/09/2026 10:31 PM,Urgencia por cardiovascular,116,162-82,domicilio
EP-2026-03455,SIP-672891,15-08-2026 04:08:57,15/08/2026 05:52:57,Urgencia por neurologia,89,97/68,observacion
EP-2026-00450,SIP-136796,2026-09-25T07:25:37Z,2026-09-25 15:00:37,Urgencia por psiquiatria,71,155/67,domicilio
EP-2026-01071,SIP-866394,2026-09-16 20:24:46,,Urgencia por psiquiatria,79,169/55,ingreso_pediatria
EP-2026-01292,SIP-216028,2026/09/14 17:06:33,NULL,Urgencia por digestivo,108,132/103,ingreso_pediatria
EP-2026-02214,SIP-974286,2026-09-01 20:27:45,2026-09-02 03:06:45,Urgencia por traumatologia,80,96/60,ingreso_planta
EP-2026-03118,SIP-798778,2026-08-20 20:52:12,21-08-2026 05:48:12,Urgencia por psiquiatria,95,123/78,observacion
EP-2026-00974,SIP-607327,18-09-2026 03:47:50,N/D,Urgencia por neurologia,64,117/90,null
EP-2026-01004,SIP-792738,2026-09-17 09:09:09,17/09/2026 14:48:09,Urgencia por traumatologia,117,110/94,traslado_uci
EP-2026-02897,SIP-347889,2026/08/23 21:54:41,24/08/2026 02:25 AM,Urgencia por traumatologia,118,133/79,traslado_uci
EP-2026-00192,SIP-566607,28/09/2026 09:19 AM,28-09-2026 13:12:53,Urgencia por traumatologia,125,165/94,domicilio
EP-2026-01456,SIP-530933,2026-09-12T09:05:18Z,N/D,Urgencia por respiratorio,82,105/65,domicilio
EP-2026-00971,SIP-685543,2026/09/18 05:23:52,18/09/2026 03:23 AM,Urgencia por psiquiatria,113,129/64,traslado_uci
EP-2026-01399,SIP-761375,2026/09/12 16:15:07,2026-09-12T17:21:07Z,Urgencia por psiquiatria,106,127/95,observacion
EP-2026-00439,SIP-784453,25/09/2026 02:55 AM,25/09/2026 07:00 AM,Urgencia por neurologia,64,126/84,traslado_uci
EP-2026-03326,SIP-726888,2026-08-17T09:13:37Z,2026-08-17 18:03:37,Urgencia por nefrourologia,119,,ingreso_pediatria
EP-2026-00756,SIP-912576,21-09-2026 00:57:54,2026-09-21T05:45:54Z,Urgencia por nefrourologia,97,145/76,traslado_uci
EP-2026-00918,SIP-539589,18/09/2026 06:20:03,18/09/2026 08:45:03,Urgencia por psiquiatria,93,104/70,traslado_uci
EP-2026-01972,SIP-683730,05-09-2026 23:36:48,,Urgencia por digestivo,68,109_66,observacion
EP-2026-02017,SIP-101261,2026-09-04T14:51:12Z,2026-09-04T18:41:12Z,Urgencia por psiquiatria,94,143/86,ingreso_pediatria
EP-2026-02840,SIP-290717,2026-08-24 14:55:34,2026-08-25 00:43:34,Urgencia por psiquiatria,90,141/100,traslado_uci
EP-2026-02194,SIP-804943,2026-09-02 19:30:45,02-09-2026 23:58:45,Urgencia por psiquiatria,111,127/104,observacion
EP-2026-02344,SIP-516737,30-08-2026 18:24:56,2026/08/31 01:40:56,Urgencia por neurologia,122,111/88,ingreso_planta
EP-2026-00217,SIP-834211,2026-09-28 11:11:40,2026-09-28 18:33:40,Urgencia por respiratorio,58,128/78,ingreso_planta
EP-2026-02904,SIP-972038,2026-08-23T16:29:29Z,N/D,Urgencia por nefrourologia,120,125/86,domicilio
EP-2026-00597,SIP-873040,2026/09/23 09:31:10,23-09-2026 13:19:10,Urgencia por infeccioso,90,121/64,ingreso_planta
EP-2026-00689,SIP-120230,N/D,23-09-2026 04:17:10,Urgencia por traumatologia,104,112/79,domicilio
EP-2026-00907,SIP-323816,18/09/2026 19:35:32,2026-09-18 23:53:32,Urgencia por cardiovascular,98,115/57,ingreso_pediatria
EP-2026-00858,SIP-572981,19/09/2026 11:30 AM,19/09/2026 06:08 PM,Urgencia por infeccioso,118,137/71,traslado_uci
EP-2026-00568,SIP-883966,24/09/2026 20:52:23,2026-09-25T03:04:23Z,Urgencia por infeccioso,72,168/102,alta
EP-2026-01521,SIP-908389,2026/09/11 22:04:07,2026-09-12T04:51:07Z,Urgencia por infeccioso,97,113/79,domicilio
EP-2026-03223,SIP-685157,18/08/2026 10:17 AM,NULL,Urgencia por cardiovascular,90,104/80,ALTA_INGRESO_PLANTA
EP-2026-03201,SIP-142357,2026/08/19 00:14:42,2026-08-19T05:45:42Z,Urgencia por respiratorio,71,114/82,ingreso_pediatria
EP-2026-00331,SIP-636372,27/09/2026 10:38 AM,2026-09-27 13:15:03,Urgencia por psiquiatria,78,121/87,observacion
EP-2026-03244,SIP-754796,2026-08-18 04:08:46,18/08/2026 10:35 AM,Urgencia por pediatria,78,107/75,ingreso_planta
EP-2026-01854,SIP-993562,07/09/2026 03:53 PM,NULL,Urgencia por nefrourologia,100,110/78,traslado_uci
EP-2026-01301,SIP-904523,13/09/2026 03:17 AM,NULL,Urgencia por respiratorio,125,163/63,ingreso_pediatria
EP-2026-01439,SIP-948690,12/09/2026 20:37:31,2026-09-13T00:38:31Z,Urgencia por cardiovascular,52,151/62,observacion
EP-2026-02581,SIP-516433,28/08/2026 04:35 AM,28-08-2026 12:57:57,Urgencia por traumatologia,89,103/91,domicilio
EP-2026-01733,SIP-990312,2026/09/08 01:48:12,2026-09-08 11:32:12,Urgencia por neurologia,71,123/72,traslado_uci
EP-2026-02276,SIP-940714,2026-09-01T22:09:02Z,02/09/2026 02:55:02,Urgencia por respiratorio,122,109/91,ingreso_pediatria
EP-2026-00021,SIP-922715,2026-10-01 05:06:27,2026/10/01 10:37:27,Urgencia por respiratorio,55,140/93,ingreso_planta
EP-2026-00666,SIP-613114,2026-09-22 02:36:06,NULL,Urgencia por infeccioso,94,138/71,null
EP-2026-00723,SIP-759398,21-09-2026 21:10:04,21/09/2026 22:21:04,Urgencia por nefrourologia,53,134/69,domicilio
EP-2026-00076,SIP-753616,2026-09-30 02:20:11,,Urgencia por cardiovascular,113,164/71,traslado_uci
EP-2026-01699,SIP-323108,09-09-2026 14:17:14,2026-09-09 19:48:14,Urgencia por nefrourologia,s/d,119/64,ingreso_planta
EP-2026-01370,SIP-425683,12-09-2026 01:46:51,2026/09/12 09:04:51,Urgencia por infeccioso,96,118/94,traslado_uci
EP-2026-00330,SIP-836813,2026-09-27T06:32:32Z,2026/09/27 10:33:32,Urgencia por infeccioso,116,112/95,ingreso_planta
EP-2026-03231,SIP-906546,2026/08/18 12:26:57,2026/08/18 16:30:57,Urgencia por infeccioso,113,157/89,ingreso_pediatria
EP-2026-02406,SIP-932295,2026/08/30 12:01:01,2026-08-30 17:12:01,Urgencia por infeccioso,52,133/93,domicilio
EP-2026-01738,SIP-256295,2026-09-08T13:54:55Z,08-09-2026 19:28:55,Urgencia por neurologia,450,117/57,ingreso_planta
EP-2026-00372,SIP-870159,2026/09/26 16:01:53,2026-09-26 22:00:53,Urgencia por pediatria,65,136/92,observacion
EP-2026-01126,SIP-333269,2026/09/15 19:23:47,2026-09-16T05:08:47Z,Urgencia por pediatria,73,PENDIENTE,ingreso_pediatria
EP-2026-03239,SIP-930816,2026-08-18T03:17:50Z,2026-08-18 08:05:50,Urgencia por psiquiatria,54,134/104,ingreso_pediatria
EP-2026-01122,SIP-914626,2026/09/16 00:44:58,2026-09-16T08:49:58Z,Urgencia por respiratorio,s/d,167/96,domicilio
EP-2026-01352,SIP-871685,2026-09-13T07:00:42Z,2026/09/13 13:41:42,Urgencia por pediatria,120,152/66,ingreso_planta
EP-2026-00195,SIP-916949,28-09-2026 19:07:24,2026-09-28 23:21:24,Urgencia por respiratorio,91,131 75,INGRESO_PEDIATRIA
EP-2026-00413,SIP-441095,2026/09/25 10:43:47,25/09/2026 07:40 PM,Urgencia por cardiovascular,121,150/93,ingreso_planta
EP-2026-03273,SIP-881754,17-08-2026 15:03:07,2026/08/17 16:51:07,Urgencia por cardiovascular,108,115/71,ingreso_planta
EP-2026-03423,SIP-994881,15-08-2026 05:02:46,2026-08-15 14:20:46,Urgencia por nefrourologia,113,116/60,domicilio
EP-2026-00773,SIP-798713,20/09/2026 04:06 PM,21/09/2026 12:02 AM,Urgencia por cardiovascular,81,107/74,observacion
EP-2026-03380,SIP-619232,2026/08/16 22:47:32,2026/08/17 00:06:32,Urgencia por respiratorio,-15,132/77,ingreso_planta
EP-2026-01432,SIP-117459,12/09/2026 02:17 PM,12/09/2026 20:13:10,Urgencia por cardiovascular,89,150/67,ingreso_pediatria
EP-2026-02641,SIP-136290,27/08/2026 00:43:41,2026/08/27 03:17:41,Urgencia por cardiovascular,75,107/81,observacion
EP-2026-01790,SIP-737366,2026-09-07 10:19:58,NULL,Urgencia por pediatria,66,106/55,ingreso_planta
EP-2026-02896,SIP-542718,23/08/2026 08:42 AM,23/08/2026 11:57 AM,Urgencia por infeccioso,106,150/67,ingreso_planta
EP-2026-00395,SIP-235651,26/09/2026 03:56 PM,26-09-2026 20:56:44,Urgencia por neurologia,52,164/62,traslado_uci
EP-2026-02369,SIP-161288,30/08/2026 02:25 PM,30/08/2026 05:15 PM,Urgencia por psiquiatria,77,134/69,ingreso_planta
EP-2026-03092,SIP-892754,20/08/2026 19:07:46,,Urgencia por respiratorio,55,95/61,FALLECIMIENTO
EP-2026-02470,SIP-688745,29/08/2026 04:12 PM,29/08/2026 21:00:51,Urgencia por neurologia,110,113/95,ingreso_planta
EP-2026-00379,SIP-151095,26-09-2026 14:25:16,26/09/2026 05:53 PM,Urgencia por infeccioso,85,124/76,traslado_uci
EP-2026-00466,SIP-973330,25-09-2026 01:42:56,2026-09-25 08:45:56,Urgencia por traumatologia,104,125/67,traslado_uci
EP-2026-02728,SIP-284662,2026/08/26 03:37:57,2026/08/26 06:27:57,Urgencia por digestivo,104,112/84,domicilio
EP-2026-03167,SIP-361407,19/08/2026 03:07 AM,2026-08-19T04:54:14Z,Urgencia por infeccioso,91,159/82,ingreso_planta
EP-2026-02119,SIP-968984,2026/09/03 02:56:38,2026-09-03 03:54:38,Urgencia por traumatologia,55,122/87,observacion
EP-2026-03124,SIP-349837,20/08/2026 03:27 AM,20-08-2026 11:02:02,Urgencia por respiratorio,120,168/80,domicilio
EP-2026-02128,SIP-779535,02/09/2026 04:20 PM,02/09/2026 06:45 PM,Urgencia por nefrourologia,72,122/93,observacion
EP-2026-02070,SIP-806336,03/09/2026 18:49:43,03/09/2026 11:24 PM,Urgencia por pediatria,81,152/67,ingreso_pediatria
EP-2026-00353,SIP-923993,2026-09-26 10:03:07,2026/09/26 14:29:07,Urgencia por digestivo,86,119/92,observacion
EP-2026-03012,SIP-549840,2026/08/22 00:44:58,22/08/2026 10:43:58,Urgencia por nefrourologia,117,,observacion
EP-2026-00223,SIP-754646,28/09/2026 05:16:33,2026/09/28 08:37:33,Urgencia por infeccioso,123,99/66,alta
EP-2026-02378,SIP-456981,2026/08/30 10:14:43,30-08-2026 13:55:43,Urgencia por pediatria,68,115/60,observacion
EP-2026-00628,SIP-289103,2026-09-23 18:51:29,2026/09/24 03:44:29,Urgencia por infeccioso,80,158/95,ingreso_planta
EP-2026-00041,SIP-306196,2026-10-01T17:53:13Z,2026-10-01 19:25:13,Urgencia por pediatria,105,110/78,domicilio
EP-2026-03287,SIP-279672,2026-08-17 18:44:42,18-08-2026 02:28:42,Urgencia por nefrourologia,58,156-79,observacion
EP-2026-00179,SIP-298945,2026-09-29 12:04:26,29/09/2026 09:13 PM,Urgencia por digestivo,56,146/72,ingreso_planta
EP-2026-01412,SIP-970677,2026-09-12T07:12:46Z,12/09/2026 12:30 PM,Urgencia por infeccioso,110,105/84,domicilio
EP-2026-03391,SIP-935316,16/08/2026 02:45:50,16/08/2026 10:50 AM,Urgencia por cardiovascular,109,122/102,traslado_uci
EP-2026-00819,SIP-498067,20/09/2026 00:38:38,2026-09-20 05:57:38,Urgencia por neurologia,95,130/57,traslado_uci
EP-2026-01383,SIP-828169,2026-09-12T14:44:05Z,2026-09-12T21:35:05Z,Urgencia por infeccioso,76,126/71,observacion
EP-2026-01979,SIP-563999,2026/09/05 13:19:52,05-09-2026 16:32:52,Urgencia por nefrourologia,105,128/67,domicilio
EP-2026-00716,SIP-558287,2026/09/21 07:13:00,21/09/2026 10:42 AM,Urgencia por respiratorio,120,NORMAL,traslado_uci
EP-2026-01683,SIP-582101,09/09/2026 22:39:57,2026-09-10 02:55:57,Urgencia por cardiovascular,65,115/87,traslado_uci
EP-2026-02336,SIP-640911,31/08/2026 16:02:27,31/08/2026 20:53:27,Urgencia por pediatria,122,121/104,ingreso_pediatria
EP-2026-01982,SIP-692168,05/09/2026 05:15 AM,,Urgencia por infeccioso,118,146/96,null
EP-2026-02268,SIP-822549,2026-09-01 22:27:53,01/09/2026 11:07 PM,Urgencia por traumatologia,76,144/90,observacion
EP-2026-00314,SIP-568853,27-09-2026 00:36:34,,Urgencia por traumatologia,65,s/d,ingreso_pediatria
EP-2026-03319,SIP-628388,17/08/2026 04:44:02,2026/08/17 12:51:02,Urgencia por respiratorio,87,146/60,observacion
EP-2026-01141,SIP-185387,15/09/2026 09:12 PM,2026-09-16T05:17:18Z,Urgencia por nefrourologia,117,149/104,ingreso_planta
EP-2026-03148,SIP-192137,19/08/2026 03:50 AM,2026/08/19 09:58:20,Urgencia por pediatria,58,161/80,ingreso_planta
EP-2026-02523,SIP-783056,2026-08-28 02:06:54,2026-08-28 04:07:54,Urgencia por nefrourologia,62,158/57,traslado_uci
EP-2026-01953,SIP-402200,2026-09-05T03:41:44Z,05/09/2026 06:48:44,Urgencia por traumatologia,76,118/76,observacion
EP-2026-00107,SIP-224180,30/09/2026 15:10:02,01/10/2026 12:55 AM,Urgencia por respiratorio,83,169/103,ingreso_pediatria
EP-2026-00776,SIP-540158,2026-09-20 15:05:33,2026/09/20 22:20:33,Urgencia por infeccioso,108,116/88,domicilio
EP-2026-01665,SIP-887260,09-09-2026 12:51:01,09/09/2026 21:31:01,Urgencia por neurologia,62,142/86,traslado_uci
EP-2026-03306,SIP-197411,17-08-2026 15:43:05,2026-08-17T21:18:05Z,Urgencia por digestivo,119,96/77,observacion
EP-2026-02183,SIP-159250,2026-09-02T02:32:42Z,2026/09/02 08:28:42,Urgencia por digestivo,56,143/80,traslado_uci
EP-2026-02309,SIP-615191,31/08/2026 14:49:05,2026/08/31 16:07:05,Urgencia por psiquiatria,68,156/69,observacion
EP-2026-01335,SIP-661920,2026-09-13 06:41:23,13-09-2026 11:15:23,Urgencia por pediatria,s/d,150/66,traslado_uci
EP-2026-00303,SIP-795393,2026-09-27 22:37:54,2026-09-28T05:13:54Z,Urgencia por pediatria,104,99-62,ingreso_planta
EP-2026-01404,SIP-812843,12/09/2026 03:18:29,,Urgencia por traumatologia,99,113/104,traslado_uci
EP-2026-02266,SIP-495420,01-09-2026 23:28:22,NULL,Urgencia por psiquiatria,0,102/83,ingreso_planta
EP-2026-02408,SIP-471103,30/08/2026 16:47:32,2026-08-30T22:52:32Z,Urgencia por infeccioso,108,167 95,observacion
EP-2026-01819,SIP-232167,2026/09/07 23:07:44,08/09/2026 01:33 AM,Urgencia por digestivo,450,141/89,ingreso_planta
EP-2026-03358,SIP-284605,2026/08/16 07:47:52,16-08-2026 15:52:52,Urgencia por respiratorio,57,166/83,observacion
EP-2026-00358,SIP-133407,2026/09/26 19:12:09,26-09-2026 22:34:09,Urgencia por respiratorio,114,126/99,domicilio
EP-2026-02741,SIP-443996,NULL,2026-08-26 16:10:18,Urgencia por cardiovascular,121,142/104,ingreso_pediatria
EP-2026-02923,SIP-635808,23/08/2026 16:15:40,,Urgencia por traumatologia,68,106/95,ingreso_pediatria
EP-2026-00080,SIP-258224,30/09/2026 10:29 PM,2026-10-01 06:36:54,Urgencia por neurologia,86,130/56,observacion
EP-2026-01814,SIP-722879,07/09/2026 03:26:00,2026-09-07T08:15:00Z,Urgencia por nefrourologia,s/d,157/92,ingreso_pediatria
EP-2026-00681,SIP-395554,2026-09-22T17:17:48Z,2026/09/23 00:09:48,Urgencia por traumatologia,105,142/89,observacion
EP-2026-00850,SIP-623217,19-09-2026 13:17:03,2026-09-19T15:35:03Z,Urgencia por traumatologia,119,110/67,traslado_uci
EP-2026-02224,SIP-113872,2026-09-01T02:09:28Z,01/09/2026 09:22:28,Urgencia por psiquiatria,61,164/74,ingreso_planta
EP-2026-00554,SIP-932337,24-09-2026 03:37:45,2026-09-24 06:47:45,Urgencia por cardiovascular,96,96/78,observacion
EP-2026-01254,SIP-887343,2026-09-14 03:53:40,14/09/2026 07:12:40,Urgencia por infeccioso,95,142/62,INGRESO_PLANTA
EP-2026-02533,SIP-724716,28/08/2026 11:16 PM,29-08-2026 03:26:19,Urgencia por respiratorio,90,123-63,ingreso_planta
EP-2026-00395,SIP-235651,26/09/2026 03:56 PM,26-09-2026 20:56:44,Urgencia por neurologia,52,164/62,traslado_uci
EP-2026-03458,SIP-665189,15-08-2026 11:52:44,15/08/2026 04:16 PM,Urgencia por cardiovascular,68,151/86,traslado_uci
EP-2026-01653,SIP-265833,09-09-2026 05:33:53,09-09-2026 10:18:53,Urgencia por psiquiatria,116,167/84,observacion
EP-2026-01673,SIP-604118,2026-09-09T16:01:19Z,2026/09/09 21:02:19,Urgencia por traumatologia,75,110/62,domicilio
EP-2026-01912,SIP-780453,2026-09-06T14:51:11Z,06-09-2026 15:52:11,Urgencia por nefrourologia,0,168/59,observacion
EP-2026-03332,SIP-653871,2026/08/17 13:13:52,2026/08/17 16:48:52,Urgencia por cardiovascular,91,158/86,
EP-2026-01124,SIP-186914,15/09/2026 12:38 AM,2026/09/15 01:11:10,Urgencia por psiquiatria,82,108/102,domicilio
EP-2026-02755,SIP-720809,26/08/2026 10:42:54,,Urgencia por digestivo,116,NORMAL,traslado_uci
EP-2026-00158,SIP-695804,,2026/09/30 01:49:56,Urgencia por cardiovascular,999,103/60,observacion
EP-2026-02460,SIP-400227,2026/08/29 02:35:43,2026-08-29T10:11:43Z,Urgencia por traumatologia,115,127/97,observacion
EP-2026-02213,SIP-687119,01/09/2026 03:18:33,01-09-2026 05:12:33,Urgencia por digestivo,80,169/93,traslado_uci
EP-2026-02993,SIP-514465,2026/08/22 21:53:25,,Urgencia por cardiovascular,119,106/98,domicilio
EP-2026-01552,SIP-933426,10/09/2026 02:19 AM,10/09/2026 11:07 AM,Urgencia por pediatria,999,116/66,domicilio
EP-2026-02387,SIP-309911,2026-08-30 08:08:30,2026/08/30 14:45:30,Urgencia por pediatria,57,110/78,ALTA_TRASLADO_UCI
EP-2026-00196,SIP-154074,2026-09-28 17:13:24,28/09/2026 21:49:24,Urgencia por respiratorio,98,145/100,null
EP-2026-02545,SIP-590908,28/08/2026 08:20 AM,28/08/2026 12:17:06,Urgencia por psiquiatria,450,96/96,ingreso_planta
EP-2026-00793,SIP-800079,20/09/2026 06:27:05,2026-09-20T14:15:05Z,Urgencia por cardiovascular,103,135/99,observacion
EP-2026-01364,SIP-715274,12/09/2026 16:08:31,2026/09/12 19:55:31,Urgencia por respiratorio,84,107/75,domicilio
EP-2026-02979,SIP-103932,2026/08/22 20:33:25,,Urgencia por neurologia,103,170/101,domicilio
EP-2026-00556,SIP-223801,24/09/2026 02:54:49,24/09/2026 10:07 AM,Urgencia por nefrourologia,113,142/82,observacion
EP-2026-03408,SIP-618299,2026-08-16T05:12:10Z,2026-08-16 07:18:10,Urgencia por infeccioso,97,157/64,ingreso_pediatria
EP-2026-02959,SIP-725461,22/08/2026 21:05:42,2026-08-23 03:05:42,Urgencia por infeccioso,89,112/98,ingreso_pediatria
EP-2026-03088,SIP-832911,2026/08/20 20:20:44,2026-08-20T21:47:44Z,Urgencia por pediatria,87,146/82,traslado_uci
EP-2026-02136,SIP-727389,02/09/2026 11:23:28,2026-09-02T18:05:28Z,Urgencia por pediatria,57,107/65,domicilio
EP-2026-00476,SIP-846597,25/09/2026 06:57 AM,,Urgencia por cardiovascular,116,170/72,ingreso_pediatria
EP-2026-00947,SIP-809374,18/09/2026 09:10 PM,2026/09/18 22:30:39,Urgencia por cardiovascular,ERROR,s/d,ingreso_planta
EP-2026-00260,SIP-378368,2026-09-28T14:38:03Z,29/09/2026 12:36 AM,Urgencia por infeccioso,90,168/89,traslado_uci
EP-2026-03027,SIP-981201,2026-08-21 05:34:25,21/08/2026 07:23:25,Urgencia por pediatria,84,123/103,domicilio
EP-2026-00712,SIP-604172,21/09/2026 09:08 PM,2026-09-22 04:36:05,Urgencia por digestivo,-99,170/102,traslado_uci
EP-2026-01281,SIP-114078,2026-09-14T04:31:06Z,2026-09-14T07:36:06Z,Urgencia por respiratorio,85,127/69,ingreso_pediatria
EP-2026-01470,SIP-320126,11/09/2026 11:33 PM,N/D,Urgencia por pediatria,115,111/65,ingreso_planta
EP-2026-01485,SIP-970563,11/09/2026 16:54:59,11/09/2026 06:06 PM,Urgencia por traumatologia,110,s/d,ingreso_planta
EP-2026-02223,SIP-410241,01/09/2026 02:12 PM,01/09/2026 18:02:49,Urgencia por neurologia,65,108/79,traslado_uci
EP-2026-02241,SIP-875561,01-09-2026 03:21:50,,Urgencia por neurologia,87,126/80,None
EP-2026-03262,SIP-392784,2026-08-18T11:01:30Z,18/08/2026 18:28:30,Urgencia por pediatria,ERROR,155/65,ingreso_planta
EP-2026-02138,SIP-150624,2026-09-02T05:40:02Z,02/09/2026 11:00 AM,Urgencia por respiratorio,78,157/66,observacion
EP-2026-03058,SIP-662432,2026-08-21T04:52:55Z,,Urgencia por respiratorio,109,133/55,traslado_uci
EP-2026-01149,SIP-173473,15/09/2026 21:59:28,16-09-2026 01:03:28,Urgencia por infeccioso,ERROR,124/103,domicilio
EP-2026-00911,SIP-414589,N/D,18-09-2026 19:37:51,Urgencia por psiquiatria,999,144/71,ingreso_planta
EP-2026-01354,SIP-200568,13-09-2026 08:52:54,2026-09-13T12:26:54Z,Urgencia por digestivo,61,121-81,observacion
EP-2026-00253,SIP-310744,2026-09-28T04:28:03Z,28-09-2026 05:55:03,Urgencia por nefrourologia,63,105_68,observacion
EP-2026-01469,SIP-997014,2026-09-11T04:35:37Z,2026/09/11 05:42:37,Urgencia por neurologia,87,114/86,ingreso_pediatria
EP-2026-02086,SIP-549437,2026-09-03 10:47:50,,Urgencia por infeccioso,101,155/97,domicilio
EP-2026-01121,SIP-163541,16-09-2026 11:16:10,16/09/2026 20:58:10,Urgencia por digestivo,94,156/92,domicilio
EP-2026-00318,SIP-803431,2026/09/27 20:20:49,2026/09/27 23:47:49,Urgencia por digestivo,-99,129/80,domicilio
EP-2026-01420,SIP-359049,2026-09-12 03:34:00,12-09-2026 06:37:00,Urgencia por digestivo,81,102/94,ingreso_pediatria
EP-2026-02569,SIP-599358,2026-08-28 23:19:25,29/08/2026 12:52 AM,Urgencia por digestivo,95,100/95,domicilio
EP-2026-00706,SIP-299709,21/09/2026 14:09:26,,Urgencia por cardiovascular,119,142/78,domicilio
EP-2026-02644,SIP-258079,27/08/2026 10:05 AM,NULL,Urgencia por traumatologia,62,164/64,ingreso_pediatria
EP-2026-02891,SIP-281912,2026-08-23T18:53:55Z,2026-08-23 19:47:55,Urgencia por cardiovascular,120,169/75,traslado_uci
EP-2026-02033,SIP-633127,2026-09-04 19:06:36,2026-09-05 03:35:36,Urgencia por neurologia,115,133/65,observacion
EP-2026-02661,SIP-651164,27/08/2026 09:44 AM,27/08/2026 12:44 PM,Urgencia por traumatologia,84,163/96,domicilio
EP-2026-00873,SIP-385414,2026-09-19 12:03:08,2026-09-19T16:24:08Z,Urgencia por nefrourologia,92,161/93,traslado_uci
EP-2026-01886,SIP-389694,06/09/2026 23:18:10,2026-09-07T01:55:10Z,Urgencia por psiquiatria,82,149/62,domicilio
EP-2026-00633,SIP-768861,23-09-2026 09:47:23,N/D,Urgencia por traumatologia,70,150/92,domicilio
EP-2026-03182,SIP-830942,2026-08-19 12:52:20,19-08-2026 20:35:20,Urgencia por neurologia,67,163/105,ingreso_pediatria
EP-2026-01864,SIP-223592,06-09-2026 06:48:55,,Urgencia por traumatologia,61,96/77,domicilio
EP-2026-03173,SIP-591480,2026/08/19 13:51:57,2026-08-19T14:39:57Z,Urgencia por cardiovascular,123,139/66,traslado_uci
EP-2026-03252,SIP-957256,18-08-2026 07:23:49,N/D,Urgencia por psiquiatria,-15,157/95,domicilio
EP-2026-01805,SIP-557018,2026-09-07T18:27:03Z,2026/09/07 20:20:03,Urgencia por nefrourologia,59,150/76,traslado_uci
EP-2026-02766,SIP-229877,2026-08-25 22:31:37,2026-08-26T03:09:37Z,Urgencia por psiquiatria,115,102/91,domicilio
EP-2026-02458,SIP-252398,29/08/2026 09:29 PM,30/08/2026 04:20 AM,Urgencia por respiratorio,101,107/66,observacion
EP-2026-00287,SIP-972062,2026-09-27 05:06:22,27/09/2026 06:39 AM,Urgencia por respiratorio,92,111/95,domicilio
EP-2026-02159,SIP-711804,2026/09/02 18:22:36,2026-09-03 02:48:36,Urgencia por cardiovascular,114,127/66,observacion
EP-2026-00264,SIP-988931,2026/09/28 08:40:00,2026/09/28 17:10:00,Urgencia por pediatria,69,110/86,ingreso_pediatria
EP-2026-00845,SIP-404152,2026-09-20T14:45:07Z,20/09/2026 15:22:07,Urgencia por respiratorio,0,167/62,observacion
EP-2026-01267,SIP-915978,14-09-2026 17:02:41,15/09/2026 02:17:41,Urgencia por psiquiatria,70,169/70,ingreso_planta
EP-2026-01001,SIP-361672,17-09-2026 21:18:11,2026-09-17T23:40:11Z,Urgencia por psiquiatria,113,113/62,domicilio
EP-2026-00458,SIP-493237,25/09/2026 13:01:58,25-09-2026 22:09:58,Urgencia por infeccioso,52,144/92,ingreso_planta
EP-2026-00954,SIP-965502,18/09/2026 22:38:50,,Urgencia por pediatria,102,151/71,traslado_uci
EP-2026-02027,SIP-289317,04/09/2026 11:49:07,2026-09-04 18:41:07,Urgencia por cardiovascular,95,PENDIENTE,observacion
EP-2026-02093,SIP-192958,03-09-2026 23:41:36,04/09/2026 03:44:36,Urgencia por traumatologia,108,152/96,FALLECIMIENTO
EP-2026-01704,SIP-101953,2026-09-08 10:29:00,08/09/2026 11:58:00,Urgencia por pediatria,53,131/56,traslado_uci
EP-2026-02157,SIP-954209,02-09-2026 07:56:45,,Urgencia por psiquiatria,82,109/71,observacion
EP-2026-01639,SIP-365036,2026-09-09T04:49:19Z,2026-09-09T07:41:19Z,Urgencia por pediatria,81,144/102,traslado_uci
EP-2026-02063,SIP-861669,03-09-2026 20:24:11,04/09/2026 00:29:11,Urgencia por cardiovascular,97,NORMAL,ingreso_pediatria
EP-2026-00252,SIP-630347,N/D,2026-09-29 00:14:42,Urgencia por digestivo,103,125/91,observacion
EP-2026-00316,SIP-459820,2026/09/27 03:02:48,2026/09/27 09:30:48,Urgencia por traumatologia,54,132/88,observacion
EP-2026-01527,SIP-573518,2026/09/11 23:22:36,12/09/2026 08:02 AM,Urgencia por infeccioso,67,128/56,traslado_uci
EP-2026-02623,SIP-772400,27/08/2026 08:05 AM,27/08/2026 02:49 PM,Urgencia por cardiovascular,-99,144/65,domicilio
EP-2026-00202,SIP-168565,2026-09-28T21:51:36Z,28-09-2026 22:48:36,Urgencia por nefrourologia,53,121/96,observacion
EP-2026-01282,SIP-650329,N/D,14/09/2026 09:14:17,Urgencia por digestivo,s/d,111/91,ingreso_planta
EP-2026-02821,SIP-202710,25/08/2026 04:08:07,25/08/2026 02:00 PM,Urgencia por nefrourologia,53,PENDIENTE,traslado_uci
EP-2026-00209,SIP-538841,2026-09-28T20:20:35Z,28/09/2026 22:38:35,Urgencia por neurologia,109,116/58,ingreso_pediatria
EP-2026-03360,SIP-426591,16-08-2026 11:34:53,2026-08-16T12:59:53Z,Urgencia por respiratorio,106,129/65,None
EP-2026-02544,SIP-453446,2026-08-28T18:36:23Z,28/08/2026 09:26 PM,Urgencia por cardiovascular,115,105/78,observacion
EP-2026-01415,SIP-680950,12/09/2026 17:46:25,,Urgencia por neurologia,65,138/88,ingreso_planta
EP-2026-02001,SIP-307650,05/09/2026 10:21:56,2026/09/05 14:02:56,Urgencia por psiquiatria,118,126/78,traslado_uci
EP-2026-00957,SIP-136143,2026-09-18T01:52:28Z,18/09/2026 07:52:28,Urgencia por digestivo,110,167/88,domicilio
EP-2026-00321,SIP-959111,27-09-2026 16:48:22,2026/09/27 20:09:22,Urgencia por neurologia,0,149/86,ingreso_pediatria
EP-2026-00682,SIP-894261,22-09-2026 01:13:13,22/09/2026 04:39 AM,Urgencia por neurologia,450,151/68,ingreso_pediatria
EP-2026-02860,SIP-371405,24-08-2026 21:20:56,2026-08-25 02:12:56,Urgencia por nefrourologia,119,116/73,observacion
EP-2026-03015,SIP-859727,22/08/2026 10:27 AM,22-08-2026 17:15:34,Urgencia por traumatologia,60,136/70,ingreso_pediatria
EP-2026-00300,SIP-910139,27-09-2026 19:12:51,28/09/2026 04:54 AM,Urgencia por respiratorio,80,116/97,Domicilio
EP-2026-00399,SIP-918914,26/09/2026 07:30:16,2026-09-26 15:09:16,Urgencia por psiquiatria,84,157/57,traslado_uci
EP-2026-00256,SIP-192080,28-09-2026 02:36:55,2026-09-28T06:12:55Z,Urgencia por pediatria,100,108/83,ingreso_planta
EP-2026-00422,SIP-987932,25/09/2026 01:16 AM,25/09/2026 06:50:26,Urgencia por neurologia,117,105/86,observacion
EP-2026-00343,SIP-802635,27/09/2026 11:30:13,2026-09-27 14:06:13,Urgencia por cardiovascular,82,111/89,domicilio
EP-2026-01907,SIP-951331,2026-09-06 17:02:42,07/09/2026 01:03:42,Urgencia por psiquiatria,105,156/88,observacion
EP-2026-02906,SIP-890241,23/08/2026 04:07:50,2026-08-23 11:02:50,Urgencia por infeccioso,120,PENDIENTE,observacion
EP-2026-01035,SIP-472619,17/09/2026 02:38 PM,17/09/2026 08:49 PM,Urgencia por respiratorio,84,148/98,ingreso_pediatria
EP-2026-00595,SIP-708709,23/09/2026 14:49:21,24/09/2026 00:14:21,Urgencia por infeccioso,91,114/74,ingreso_pediatria
EP-2026-02983,SIP-463049,22/08/2026 18:16:39,23/08/2026 02:21:39,Urgencia por nefrourologia,81,115/72,traslado_uci
EP-2026-02485,SIP-934278,2026-08-29T17:08:02Z,2026-08-29 21:37:02,Urgencia por psiquiatria,95,111/98,observacion
EP-2026-01023,SIP-835352,2026-09-17T14:22:21Z,2026/09/17 14:55:21,Urgencia por traumatologia,78,NORMAL,null
EP-2026-01395,SIP-826415,2026/09/12 06:00:15,,Urgencia por nefrourologia,97,141/66,traslado_uci
EP-2026-00570,SIP-135815,2026/09/24 16:58:21,25-09-2026 00:21:21,Urgencia por infeccioso,85,123/88,traslado_uci
EP-2026-01700,SIP-334674,09-09-2026 19:16:41,10/09/2026 02:12:41,Urgencia por infeccioso,111,135/63,ingreso_pediatria
EP-2026-01283,SIP-616174,14-09-2026 12:14:13,,Urgencia por respiratorio,75,143/68,traslado_uci
EP-2026-00696,SIP-929221,22/09/2026 01:55 AM,2026-09-22 10:29:25,Urgencia por neurologia,54,107/79,
EP-2026-00382,SIP-518174,26-09-2026 20:58:01,27/09/2026 06:57 AM,Urgencia por cardiovascular,121,113/56,observacion
EP-2026-02425,SIP-267905,30/08/2026 02:27 AM,2026/08/30 04:43:07,Urgencia por infeccioso,93,111/82,traslado_uci
EP-2026-01680,SIP-609751,2026-09-09 02:28:33,2026/09/09 05:49:33,Urgencia por digestivo,89,167/91,
EP-2026-00424,SIP-757333,2026/09/25 06:21:53,2026-09-25T11:15:53Z,Urgencia por cardiovascular,82,113/87,observacion
EP-2026-03234,SIP-549177,18/08/2026 05:15 PM,18/08/2026 07:23 PM,Urgencia por cardiovascular,92,153/71,observacion
EP-2026-02790,SIP-755893,25/08/2026 11:22 AM,2026-08-25 13:06:18,Urgencia por pediatria,122,111/98,ingreso_planta
EP-2026-00481,SIP-228877,25-09-2026 20:07:04,26-09-2026 02:33:04,Urgencia por neurologia,105,136/85,observacion
EP-2026-02030,SIP-450649,04-09-2026 11:28:38,04/09/2026 04:44 PM,Urgencia por digestivo,99,140/88,ingreso_planta
EP-2026-03142,SIP-607672,20-08-2026 18:26:29,20-08-2026 20:13:29,Urgencia por respiratorio,76,110/55,observacion
EP-2026-02459,SIP-998903,2026-08-29 15:35:46,2026-08-29T19:38:46Z,Urgencia por psiquiatria,73,147/92,observacion
EP-2026-03331,SIP-578953,17/08/2026 05:21 AM,2026-08-17T08:07:23Z,Urgencia por pediatria,63,117/96,observacion
EP-2026-01844,SIP-831771,2026/09/07 15:57:11,07/09/2026 06:10 PM,Urgencia por infeccioso,67,126/82,ingreso_pediatria
EP-2026-01809,SIP-255127,07/09/2026 04:51 PM,07-09-2026 23:31:20,Urgencia por cardiovascular,70,154/71,traslado_uci
EP-2026-02348,SIP-551205,2026/08/30 11:59:50,30-08-2026 12:40:50,Urgencia por infeccioso,121,134/73,observacion
EP-2026-00051,SIP-611207,2026-10-01T14:42:59Z,01-10-2026 18:54:59,Urgencia por digestivo,56,149/101,domicilio
EP-2026-02432,SIP-358721,2026-08-30 22:06:45,30-08-2026 23:58:45,Urgencia por digestivo,60,120/70,ingreso_pediatria
EP-2026-01050,SIP-221653,16/09/2026 05:34:19,2026/09/16 10:00:19,Urgencia por nefrourologia,s/d,,observacion
EP-2026-02823,SIP-458719,2026/08/25 15:16:33,26-08-2026 00:48:33,Urgencia por psiquiatria,90,170/105,traslado_uci
EP-2026-00498,SIP-228941,24/09/2026 06:01:57,,Urgencia por infeccioso,88,125/88,traslado_uci
EP-2026-02586,SIP-696253,2026-08-28T17:22:41Z,2026/08/28 13:22:41,Urgencia por digestivo,85,106/76,domicilio
EP-2026-03214,SIP-646301,2026-08-18 02:59:05,18-08-2026 12:46:05,Urgencia por pediatria,62,122/78,ingreso_planta
EP-2026-02251,SIP-374928,01-09-2026 14:40:16,2026-09-01T15:36:16Z,Urgencia por pediatria,s/d,98/88,ingreso_planta
EP-2026-00532,SIP-611309,2026-09-24 08:53:31,24-09-2026 10:04:31,Urgencia por traumatologia,75,127/65,traslado_uci
EP-2026-02787,SIP-983628,25/08/2026 04:45:17,2026-08-25 11:21:17,Urgencia por respiratorio,104,158/69,domicilio
EP-2026-00293,SIP-308991,27/09/2026 21:14:04,2026-09-27 23:07:04,Urgencia por nefrourologia,66,157/68,ingreso_planta
EP-2026-01371,SIP-431358,2026/09/12 08:04:25,12-09-2026 14:51:25,Urgencia por pediatria,108,154/57,ingreso_pediatria
EP-2026-00683,SIP-696849,2026/09/22 15:23:08,2026-09-22T16:51:08Z,Urgencia por respiratorio,99,101/87,domicilio
EP-2026-03305,SIP-361645,2026-08-17T06:29:12Z,2026-08-17 14:02:12,Urgencia por respiratorio,122,149/55,domicilio
EP-2026-03025,SIP-624413,21/08/2026 22:37:03,22-08-2026 04:18:03,Urgencia por traumatologia,88,113/71,traslado_uci
EP-2026-00342,SIP-461467,2026-09-27T06:58:39Z,2026-09-27 08:48:39,Urgencia por nefrourologia,450,112/64,ingreso_planta
EP-2026-02008,SIP-413797,2026/09/04 21:10:04,2026-09-05 04:54:04,Urgencia por neurologia,54,155/82,traslado_uci
EP-2026-02681,SIP-755978,26/08/2026 13:25:49,2026-08-26T20:59:49Z,Urgencia por digestivo,109,118/57,ingreso_planta
EP-2026-03493,SIP-195894,14/08/2026 05:34:10,14/08/2026 06:04:10,Urgencia por neurologia,118,126/103,observacion
EP-2026-01032,SIP-169449,2026/09/17 03:21:40,2026/09/17 02:21:40,Urgencia por respiratorio,59,122/68,domicilio
EP-2026-01368,SIP-390841,2026-09-12 19:32:12,2026/09/12 21:56:12,Urgencia por infeccioso,95,161/57,domicilio
EP-2026-00240,SIP-486131,28/09/2026 08:23:45,,Urgencia por infeccioso,63,108/72,observacion
EP-2026-01889,SIP-561946,2026-09-06 03:58:30,2026/09/06 10:40:30,Urgencia por respiratorio,78,138/60,observacion
EP-2026-02492,SIP-635491,2026-08-29 13:34:22,2026/08/29 17:16:22,Urgencia por pediatria,108,128/80,ingreso_planta
EP-2026-02098,SIP-357890,2026-09-03T20:57:00Z,2026/09/04 02:04:00,Urgencia por digestivo,115,109 90,observacion
EP-2026-00932,SIP-787333,2026-09-18 01:32:56,2026/09/18 10:54:56,Urgencia por digestivo,117,PENDIENTE,TRASLADO_UCI
EP-2026-01744,SIP-989286,2026-09-08T09:29:42Z,08-09-2026 12:50:42,Urgencia por respiratorio,54,136/90,ingreso_pediatria
EP-2026-03009,SIP-346485,N/D,22/08/2026 12:54 PM,Urgencia por psiquiatria,116,130/61,traslado_uci
EP-2026-00045,SIP-757943,2026-10-01 00:54:41,01/10/2026 03:52:41,Urgencia por pediatria,72,95/78,domicilio
EP-2026-03225,SIP-280810,2026/08/18 19:49:48,2026-08-19T02:44:48Z,Urgencia por respiratorio,82,95/56,traslado_uci
EP-2026-00072,SIP-997900,30/09/2026 09:02:47,,Urgencia por traumatologia,85,134/67,ingreso_pediatria
EP-2026-01496,SIP-352789,2026-09-11T12:39:57Z,2026-09-11 14:53:57,Urgencia por neurologia,85,99/97,ingreso_pediatria
EP-2026-02048,SIP-399810,04/09/2026 10:52 AM,04-09-2026 20:24:26,Urgencia por pediatria,61,138/104,observacion
EP-2026-02540,SIP-883763,28/08/2026 16:26:36,2026-08-28 16:56:36,Urgencia por traumatologia,73,109/105,ingreso_pediatria
EP-2026-02721,SIP-248540,2026/08/26 17:18:49,2026-08-26T22:19:49Z,Urgencia por digestivo,94,132/81,domicilio
EP-2026-01159,SIP-578155,2026/09/15 21:58:35,2026-09-16 05:58:35,Urgencia por infeccioso,118,162/74,null
EP-2026-03285,SIP-345669,17/08/2026 04:42 PM,17/08/2026 17:48:49,Urgencia por pediatria,64,98/58,traslado_uci
EP-2026-01532,SIP-174481,11/09/2026 02:03 PM,,Urgencia por respiratorio,109,167/56,domicilio
EP-2026-01148,SIP-704106,2026-09-15T10:29:43Z,15/09/2026 19:01:43,Urgencia por traumatologia,78,110_101,observacion
EP-2026-02988,SIP-156843,22/08/2026 23:20:27,23/08/2026 07:13 AM,Urgencia por psiquiatria,73,105/89,domicilio
EP-2026-00871,SIP-711483,2026/09/19 03:43:51,2026/09/19 08:28:51,Urgencia por cardiovascular,77,102/104,domicilio
EP-2026-00465,SIP-307282,2026/09/25 17:48:51,2026/09/25 18:20:51,Urgencia por infeccioso,108,122/77,traslado_uci
EP-2026-01938,SIP-963188,2026-09-05T13:10:11Z,,Urgencia por neurologia,78,144/67,ingreso_planta
EP-2026-03315,SIP-664778,17-08-2026 15:19:59,17/08/2026 17:59:59,Urgencia por infeccioso,77,132/64,traslado_uci
EP-2026-00777,SIP-935804,2026-09-20 09:42:41,,Urgencia por respiratorio,59,148/81,observacion
EP-2026-00064,SIP-257440,30/09/2026 02:45:34,30/09/2026 10:00:34,Urgencia por neurologia,97,114_81,traslado_uci
EP-2026-00781,SIP-133609,20/09/2026 01:07:54,20/09/2026 02:20 AM,Urgencia por digestivo,96,166/91,traslado_uci
EP-2026-00764,SIP-502132,21-09-2026 23:46:00,2026-09-22 08:16:00,Urgencia por respiratorio,-99,109/58,ingreso_planta
EP-2026-02648,SIP-616165,27/08/2026 03:18 AM,27/08/2026 04:18 AM,Urgencia por digestivo,120,111/82,domicilio
EP-2026-00149,SIP-430445,2026-09-29 07:39:44,29-09-2026 10:47:44,Urgencia por neurologia,99,156/64,ingreso_planta
EP-2026-00529,SIP-580067,2026/09/24 19:35:32,24/09/2026 21:11:32,Urgencia por psiquiatria,71,161/93,ingreso_planta
EP-2026-02612,SIP-774554,27/08/2026 08:58:03,,Urgencia por respiratorio,0,117/66,domicilio
EP-2026-02753,SIP-855607,2026-08-26T05:59:23Z,26-08-2026 15:14:23,Urgencia por pediatria,99,139/91,observacion
EP-2026-00154,SIP-968280,NULL,,Urgencia por cardiovascular,79,,ingreso_pediatria
EP-2026-02394,SIP-718743,2026-08-30T11:43:34Z,30-08-2026 12:35:34,Urgencia por traumatologia,65,149/85,ingreso_pediatria
EP-2026-00927,SIP-837205,18/09/2026 11:42 AM,18-09-2026 13:28:15,Urgencia por digestivo,97,97/56,observacion
EP-2026-01560,SIP-937459,2026-09-10 13:16:19,2026-09-10 17:03:19,Urgencia por traumatologia,102,120/60,null
EP-2026-03207,SIP-634940,2026-08-18 12:05:11,18/08/2026 19:05:11,Urgencia por neurologia,73,133/95,traslado_uci
EP-2026-00068,SIP-693533,N/D,30/09/2026 22:28:38,Urgencia por nefrourologia,53,100/71,traslado_uci
EP-2026-01262,SIP-749294,14-09-2026 09:12:07,14/09/2026 02:40 PM,Urgencia por neurologia,57,166/90,observacion
EP-2026-02595,SIP-579474,2026/08/27 10:11:23,2026-08-27T10:50:23Z,Urgencia por nefrourologia,64,162/90,observacion
EP-2026-00173,SIP-584377,29/09/2026 17:39:31,2026/09/29 23:51:31,Urgencia por traumatologia,84,95/66,domicilio
EP-2026-00325,SIP-737745,27-09-2026 02:33:21,2026/09/27 09:46:21,Urgencia por psiquiatria,79,142/105,ingreso_planta
EP-2026-00657,SIP-238438,22-09-2026 10:59:02,22/09/2026 12:42:02,Urgencia por traumatologia,86,110/59,domicilio
EP-2026-00094,SIP-900666,2026-09-30T23:39:32Z,01/10/2026 05:40:32,Urgencia por pediatria,95,168/55,observacion
EP-2026-03489,SIP-228834,14/08/2026 03:36 PM,2026-08-14 19:24:12,Urgencia por pediatria,84,160_69,ingreso_pediatria
EP-2026-01029,SIP-409278,17/09/2026 07:42 AM,2026/09/17 11:19:13,Urgencia por nefrourologia,125,120/58,domicilio
EP-2026-01329,SIP-713843,13/09/2026 02:07 AM,2026-09-13 05:05:49,Urgencia por cardiovascular,56,119/86,observacion
EP-2026-03437,SIP-243627,2026/08/15 02:08:17,15/08/2026 08:33:17,Urgencia por infeccioso,119,165/95,ingreso_pediatria
EP-2026-01702,SIP-997381,09/09/2026 08:40 AM,09/09/2026 12:19 PM,Urgencia por digestivo,-15,119/65,ingreso_planta
EP-2026-02473,SIP-237235,29/08/2026 10:57:23,2026-08-29T16:38:23Z,Urgencia por pediatria,89,169/96,observacion
EP-2026-01773,SIP-645031,07-09-2026 17:03:55,2026/09/07 21:53:55,Urgencia por pediatria,110,136/105,ingreso_pediatria
EP-2026-03466,SIP-965573,2026-08-15T11:35:20Z,15/08/2026 03:04 PM,Urgencia por respiratorio,61,119/78,ingreso_pediatria
EP-2026-02888,SIP-882348,N/D,2026-08-24T02:19:13Z,Urgencia por nefrourologia,55,159/67,observacion
EP-2026-02973,SIP-257204,22/08/2026 20:57:07,2026-08-22 22:08:07,Urgencia por traumatologia,87,101/57,domicilio
EP-2026-00130,SIP-413247,30/09/2026 10:31:42,30-09-2026 12:21:42,Urgencia por respiratorio,111,127/68,traslado_uci
EP-2026-02476,SIP-170524,2026/08/29 04:39:07,,Urgencia por digestivo,60,158/79,ingreso_pediatria
EP-2026-01394,SIP-318774,12-09-2026 05:50:07,12/09/2026 11:54 AM,Urgencia por pediatria,95,154/84,domicilio
EP-2026-02232,SIP-445471,01/09/2026 09:26 PM,02/09/2026 05:11 AM,Urgencia por infeccioso,114,159 93,ingreso_pediatria
EP-2026-00504,SIP-255311,2026-09-24T01:17:04Z,24/09/2026 10:35:04,Urgencia por neurologia,111,162/62,ingreso_pediatria
EP-2026-02582,SIP-180167,28/08/2026 23:18:57,29/08/2026 03:57:57,Urgencia por digestivo,68,103/69,domicilio
EP-2026-01590,SIP-892522,10-09-2026 15:46:28,2026-09-10T16:44:28Z,Urgencia por nefrourologia,60,143/68,ingreso_planta
EP-2026-03126,SIP-781634,2026-08-20T09:04:16Z,20-08-2026 10:27:16,Urgencia por respiratorio,88,134/69,observacion
EP-2026-00516,SIP-974731,2026-09-24T15:48:20Z,2026-09-24T21:25:20Z,Urgencia por respiratorio,67,141/55,domicilio
EP-2026-02497,SIP-307252,2026/08/29 05:22:39,2026-08-29 09:23:39,Urgencia por cardiovascular,120,112/99,domicilio
EP-2026-02504,SIP-431634,2026-08-28 09:26:16,28/08/2026 11:02 AM,Urgencia por respiratorio,73,158/65,null
EP-2026-02037,SIP-859641,04/09/2026 21:48:46,2026/09/05 02:16:46,Urgencia por neurologia,113,168/81,ingreso_pediatria
EP-2026-02289,SIP-315087,31-08-2026 13:25:42,31/08/2026 08:40 PM,Urgencia por infeccioso,106,124/76,traslado_uci
EP-2026-01362,SIP-135319,13-09-2026 11:57:15,13/09/2026 06:46 PM,Urgencia por pediatria,67,118/105,ingreso_planta
EP-2026-02972,SIP-733093,2026-08-22T14:58:12Z,2026-08-22 22:18:12,Urgencia por nefrourologia,112,153/56,domicilio
EP-2026-00525,SIP-760223,2026/09/24 08:39:01,24-09-2026 11:43:01,Urgencia por infeccioso,62,153/69,traslado_uci
EP-2026-02045,SIP-288790,2026-09-04 01:01:08,04-09-2026 06:35:08,Urgencia por neurologia,76,162/61,ingreso_pediatria
EP-2026-01091,SIP-445749,16/09/2026 02:29 AM,16/09/2026 04:10 AM,Urgencia por psiquiatria,86,109/87,observacion
EP-2026-01147,SIP-176928,2026-09-15T08:18:42Z,15-09-2026 13:51:42,Urgencia por infeccioso,122,155/69,domicilio
EP-2026-01941,SIP-963521,2026-09-05T16:56:01Z,05-09-2026 21:47:01,Urgencia por cardiovascular,125,99/62,traslado_uci
EP-2026-01935,SIP-757621,2026-09-05T20:04:34Z,2026-09-06T00:10:34Z,Urgencia por digestivo,64,154/78,ingreso_planta
EP-2026-03206,SIP-531323,2026-08-18T09:00:22Z,18/08/2026 05:44 PM,Urgencia por cardiovascular,99,131/91,traslado_uci
EP-2026-03362,SIP-824104,16/08/2026 08:04 PM,2026-08-17T01:27:29Z,Urgencia por nefrourologia,91,95/82,observacion
EP-2026-02624,SIP-606582,27-08-2026 10:52:09,27-08-2026 15:26:09,Urgencia por infeccioso,80,133/55,ingreso_pediatria
EP-2026-01632,SIP-973178,09/09/2026 15:45:49,09/09/2026 07:53 PM,Urgencia por pediatria,65,127/86,observacion
EP-2026-03388,SIP-299079,16-08-2026 10:38:31,2026/08/16 19:26:31,Urgencia por infeccioso,93,165/57,domicilio
EP-2026-03057,SIP-478071,2026-08-21 12:18:15,2026-08-21 16:17:15,Urgencia por respiratorio,116,167/61,traslado_uci
EP-2026-00919,SIP-107385,2026/09/18 04:29:43,2026-09-18T09:37:43Z,Urgencia por nefrourologia,95,164/92,ingreso_planta
EP-2026-00203,SIP-218135,2026/09/28 13:06:36,2026-09-28 16:47:36,Urgencia por pediatria,65,148/79,observacion
EP-2026-02337,SIP-112670,31-08-2026 00:02:55,31/08/2026 09:31:55,Urgencia por psiquiatria,78,113/86,observacion
EP-2026-01973,SIP-630875,N/D,06/09/2026 04:50 AM,Urgencia por digestivo,105,116/66,None
EP-2026-00660,SIP-144693,2026-09-22T21:51:24Z,2026-09-22 22:52:24,Urgencia por infeccioso,68,117/84,Domicilio
EP-2026-03006,SIP-581882,2026/08/22 13:43:39,22/08/2026 07:48 PM,Urgencia por pediatria,81,114/64,observacion
EP-2026-03311,SIP-660290,2026-08-17 18:37:02,18/08/2026 00:53:02,Urgencia por pediatria,113,109/104,ingreso_pediatria
EP-2026-00923,SIP-225008,N/D,18-09-2026 18:12:29,Urgencia por traumatologia,81,146/64,observacion
EP-2026-00445,SIP-651845,25-09-2026 14:55:21,,Urgencia por traumatologia,94,112/76,OBSERVACION
EP-2026-02716,SIP-562294,26-08-2026 08:51:47,26-08-2026 17:23:47,Urgencia por digestivo,81,108/102,observacion
EP-2026-02710,SIP-807157,NULL,27-08-2026 02:17:22,Urgencia por infeccioso,115,107/90,traslado_uci
EP-2026-02782,SIP-813692,25-08-2026 00:37:04,25-08-2026 05:46:04,Urgencia por pediatria,84,100/55,ingreso_pediatria
EP-2026-01544,SIP-759658,10/09/2026 04:30 PM,11-09-2026 02:08:53,Urgencia por neurologia,69,117/83,domicilio
EP-2026-01796,SIP-207168,2026-09-07 11:41:09,2026-09-07T15:13:09Z,Urgencia por digestivo,72,137/69,ingreso_pediatria
EP-2026-01161,SIP-728692,2026-09-15 09:39:22,2026-09-15 18:16:22,Urgencia por digestivo,119,167/62,traslado_uci
EP-2026-03339,SIP-995842,2026/08/16 15:03:48,17-08-2026 00:18:48,Urgencia por infeccioso,116,148/58,ingreso_planta
EP-2026-03133,SIP-271909,,2026/08/21 00:47:03,Urgencia por psiquiatria,86,105/92,ingreso_pediatria
EP-2026-01900,SIP-380499,06/09/2026 04:38 AM,2026-09-06T12:24:48Z,Urgencia por pediatria,68,167/63,traslado_uci
EP-2026-01944,SIP-709220,05/09/2026 02:40 PM,05-09-2026 20:23:19,Urgencia por traumatologia,87,140/94,traslado_uci
EP-2026-03399,SIP-517321,2026-08-16T14:00:08Z,2026-08-16 21:41:08,Urgencia por neurologia,78,101/57,ingreso_pediatria
EP-2026-00039,SIP-850916,01/10/2026 01:33:47,N/D,Urgencia por pediatria,-15,170/61,domicilio
EP-2026-03163,SIP-855602,2026-08-19T16:12:30Z,19/08/2026 08:31 PM,Urgencia por infeccioso,78,165/72,traslado_uci
EP-2026-00383,SIP-273468,2026-09-26 23:16:41,27/09/2026 02:47:41,Urgencia por traumatologia,108,106/74,traslado_uci
EP-2026-03413,SIP-481996,15-08-2026 17:18:04,2026/08/16 01:40:04,Urgencia por nefrourologia,109,138/75,traslado_uci
EP-2026-00424,SIP-757333,2026/09/25 06:21:53,2026-09-25T11:15:53Z,Urgencia por cardiovascular,82,113/87,observacion
EP-2026-01845,SIP-779220,NULL,07-09-2026 14:34:37,Urgencia por traumatologia,59,138/70,ingreso_planta
EP-2026-01375,SIP-941482,2026-09-12 12:57:50,2026/09/12 22:17:50,Urgencia por digestivo,999,156/100,ingreso_planta
EP-2026-01242,SIP-717038,2026-09-14 05:36:07,,Urgencia por traumatologia,56,144/83,ingreso_pediatria
EP-2026-02874,SIP-893823,2026-08-24T20:12:01Z,2026-08-25T01:44:01Z,Urgencia por pediatria,72,104/80,ALTA_TRASLADO_UCI
EP-2026-00677,SIP-526119,2026-09-22 12:45:01,22/09/2026 10:18 PM,Urgencia por pediatria,102,107/97,domicilio
EP-2026-00121,SIP-144907,2026-09-30T13:04:29Z,2026-09-30T16:33:29Z,Urgencia por pediatria,85,99/64,observacion
EP-2026-01928,SIP-396182,06-09-2026 02:30:30,06-09-2026 09:57:30,Urgencia por psiquiatria,450,144/89,observacion
EP-2026-02848,SIP-640901,24/08/2026 05:11 AM,N/D,Urgencia por respiratorio,ERROR,143/65,traslado_uci
EP-2026-01109,SIP-681773,2026-09-16T02:14:15Z,2026-09-16T03:59:15Z,Urgencia por cardiovascular,0,127/99,ingreso_pediatria
EP-2026-00530,SIP-710699,24-09-2026 04:44:00,,Urgencia por infeccioso,80,162/100,domicilio
EP-2026-02909,SIP-801384,23/08/2026 14:39:11,2026-08-23 16:58:11,Urgencia por cardiovascular,113,s/d,traslado_uci
EP-2026-02427,SIP-529154,2026-08-30 03:33:23,2026-08-30T11:52:23Z,Urgencia por digestivo,118,132/74,observacion
EP-2026-00024,SIP-418493,01-10-2026 21:39:03,2026/10/02 01:12:03,Urgencia por digestivo,s/d,117/100,domicilio
EP-2026-02664,SIP-814803,27/08/2026 07:29 PM,27-08-2026 21:01:57,Urgencia por infeccioso,108,121/72,domicilio
EP-2026-01428,SIP-471683,12/09/2026 18:41:53,12/09/2026 23:23:53,Urgencia por infeccioso,82,130/92,traslado_uci
EP-2026-02346,SIP-261434,2026/08/30 03:56:55,NULL,Urgencia por cardiovascular,122,131/76,traslado_uci
EP-2026-01475,SIP-954096,11/09/2026 10:36 PM,2026-09-12 02:38:11,Urgencia por pediatria,55,162/87,ingreso_planta
EP-2026-01640,SIP-731784,2026/09/09 01:29:29,09/09/2026 11:25 AM,Urgencia por respiratorio,102,156/102,ingreso_pediatria
EP-2026-03312,SIP-153751,17-08-2026 02:27:26,2026/08/17 11:15:26,Urgencia por pediatria,60,137/94,observacion
EP-2026-02730,SIP-725665,2026/08/26 01:51:57,2026-08-26 03:07:57,Urgencia por nefrourologia,66,98/62,traslado_uci
EP-2026-02429,SIP-866962,30-08-2026 21:51:16,31-08-2026 06:26:16,Urgencia por traumatologia,119,148/67,ingreso_pediatria
EP-2026-01707,SIP-710213,2026-09-08 03:02:06,08-09-2026 08:13:06,Urgencia por traumatologia,73,145/63,traslado_uci
EP-2026-02665,SIP-543831,27-08-2026 21:56:51,28/08/2026 06:47:51,Urgencia por cardiovascular,117,,ingreso_pediatria
EP-2026-01937,SIP-301120,05/09/2026 05:03 PM,05-09-2026 23:58:44,Urgencia por infeccioso,76,109/57,
EP-2026-00218,SIP-687769,2026-09-28T17:52:00Z,2026/09/28 23:28:00,Urgencia por nefrourologia,97,97/105,traslado_uci
EP-2026-02382,SIP-527847,30-08-2026 08:01:08,30-08-2026 15:12:08,Urgencia por nefrourologia,76,163/71,domicilio
EP-2026-03031,SIP-980651,2026/08/21 18:19:31,2026-08-21 20:49:31,Urgencia por pediatria,125,148/90,ingreso_pediatria
EP-2026-02244,SIP-754886,2026-09-01T21:45:54Z,02-09-2026 05:04:54,Urgencia por nefrourologia,60,155/68,domicilio
EP-2026-02845,SIP-159221,2026-08-24 21:41:27,25/08/2026 03:08:27,Urgencia por digestivo,ERROR,102/76,domicilio
EP-2026-01009,SIP-751367,17-09-2026 20:59:57,2026/09/18 01:22:57,Urgencia por neurologia,-15,101/63,domicilio
EP-2026-00336,SIP-489377,2026/09/27 14:29:10,27-09-2026 23:11:10,Urgencia por traumatologia,75,140/88,ingreso_pediatria
EP-2026-01168,SIP-461792,15/09/2026 18:14:30,15-09-2026 21:05:30,Urgencia por cardiovascular,107,137/77,domicilio
EP-2026-00153,SIP-953284,29-09-2026 08:14:32,29/09/2026 12:41:32,Urgencia por respiratorio,72,170/58,domicilio
EP-2026-02339,SIP-851962,2026/08/31 08:19:05,31/08/2026 16:34:05,Urgencia por neurologia,125,154/68,ingreso_planta
EP-2026-00930,SIP-778498,18/09/2026 04:52:24,2026/09/18 13:25:24,Urgencia por neurologia,83,102/102,traslado_uci
EP-2026-02561,SIP-922136,28/08/2026 04:43:25,,Urgencia por traumatologia,121,112/85,ingreso_planta
EP-2026-03024,SIP-771957,2026-08-21 03:46:42,,Urgencia por digestivo,105,113/99,ingreso_pediatria
EP-2026-03021,SIP-216019,21/08/2026 23:25:15,22/08/2026 05:20:15,Urgencia por traumatologia,87,141/68,traslado_uci
EP-2026-00586,SIP-401123,2026-09-23T15:55:03Z,,Urgencia por pediatria,112,146/96,domicilio
EP-2026-03035,SIP-982598,21-08-2026 06:44:16,2026-08-21T14:29:16Z,Urgencia por digestivo,104,135/104,ingreso_planta
EP-2026-00444,SIP-470770,25/09/2026 14:14:56,2026-09-25 19:06:56,Urgencia por pediatria,83,155/104,domicilio
EP-2026-00439,SIP-784453,25/09/2026 02:55 AM,25/09/2026 07:00 AM,Urgencia por neurologia,64,126/84,traslado_uci
EP-2026-00355,SIP-778174,2026-09-26 11:45:49,,Urgencia por cardiovascular,92,168/89,ingreso_pediatria
EP-2026-02966,SIP-984215,22-08-2026 04:30:11,2026-08-22T12:59:11Z,Urgencia por psiquiatria,93,104/95,null
EP-2026-01838,SIP-562654,07/09/2026 14:26:43,07/09/2026 04:37 PM,Urgencia por respiratorio,71,165/71,traslado_uci
EP-2026-03037,SIP-311798,,21-08-2026 09:24:54,Urgencia por respiratorio,89,156/63,traslado_uci
EP-2026-02448,SIP-392609,29/08/2026 05:40 PM,2026/08/29 23:36:05,Urgencia por nefrourologia,72,132/70,domicilio
EP-2026-01021,SIP-257699,2026/09/17 05:46:48,17/09/2026 02:39 PM,Urgencia por cardiovascular,104,141/88,observacion
EP-2026-03450,SIP-953170,2026/08/15 00:37:15,15/08/2026 03:08:15,Urgencia por neurologia,69,144/80,ingreso_planta
EP-2026-02649,SIP-121983,2026-08-27 13:13:17,2026/08/27 15:38:17,Urgencia por nefrourologia,77,116/103,ingreso_pediatria
EP-2026-00152,SIP-309139,2026-09-29 05:30:30,2026-09-29T13:48:30Z,Urgencia por pediatria,125,121/87,ingreso_pediatria
EP-2026-01286,SIP-622596,14-09-2026 13:20:50,14-09-2026 19:23:50,Urgencia por infeccioso,92,148/84,traslado_uci
EP-2026-00962,SIP-693278,18/09/2026 04:13 AM,2026-09-18 12:34:49,Urgencia por digestivo,0,103/102,ingreso_planta
EP-2026-02450,SIP-529900,29/08/2026 14:03:08,,Urgencia por neurologia,66,159/65,traslado_uci
EP-2026-01171,SIP-393200,NULL,16-09-2026 01:01:08,Urgencia por cardiovascular,88,113/102,ingreso_pediatria
EP-2026-01647,SIP-332150,2026/09/09 09:54:57,09-09-2026 13:49:57,Urgencia por traumatologia,95,140/77,traslado_uci
EP-2026-03140,SIP-343079,2026-08-20T19:26:43Z,2026/08/20 18:26:43,Urgencia por digestivo,63,125/104,traslado_uci
EP-2026-03359,SIP-312342,2026-08-16 13:23:34,2026-08-16T16:54:34Z,Urgencia por infeccioso,87,140/61,observacion
EP-2026-03136,SIP-344279,20/08/2026 01:16:01,2026-08-20T10:19:01Z,Urgencia por neurologia,122,160/104,ingreso_pediatria
EP-2026-02158,SIP-549209,02-09-2026 16:57:42,02-09-2026 17:32:42,Urgencia por traumatologia,92,166/78,observacion
EP-2026-00788,SIP-377043,20-09-2026 07:43:06,2026-09-20T11:17:06Z,Urgencia por respiratorio,73,123/91,observacion
EP-2026-02547,SIP-773574,28-08-2026 06:49:56,28/08/2026 08:24:56,Urgencia por nefrourologia,-99,150/64,ingreso_planta
EP-2026-02274,SIP-828410,01-09-2026 01:19:12,01-09-2026 03:22:12,Urgencia por pediatria,88,100/88,ingreso_planta
EP-2026-02964,SIP-706465,2026-08-22 22:49:16,NULL,Urgencia por respiratorio,93,109/97,observacion
EP-2026-01269,SIP-327226,2026-09-14T21:41:45Z,15/09/2026 04:42 AM,Urgencia por pediatria,92,165/67,ingreso_planta
EP-2026-00617,SIP-927592,2026-09-23T08:03:58Z,2026/09/23 14:48:58,Urgencia por cardiovascular,61,135/84,traslado_uci
EP-2026-01322,SIP-525031,13/09/2026 14:02:12,2026-09-13T15:21:12Z,Urgencia por pediatria,74,s/d,ingreso_pediatria
EP-2026-00119,SIP-717841,30/09/2026 12:00 PM,30/09/2026 17:40:55,Urgencia por traumatologia,85,103/90,ingreso_planta
EP-2026-01083,SIP-369809,2026-09-16 00:35:20,16-09-2026 04:56:20,Urgencia por respiratorio,73,95/84,domicilio
EP-2026-00482,SIP-437027,2026-09-25 21:39:55,2026/09/26 02:33:55,Urgencia por nefrourologia,117,124/84,ingreso_pediatria
EP-2026-00924,SIP-631583,N/D,2026/09/18 17:27:40,Urgencia por psiquiatria,0,99/63,traslado_uci
EP-2026-01955,SIP-976942,05/09/2026 10:06:55,2026-09-05 10:57:55,Urgencia por digestivo,92,168/74,observacion
EP-2026-03499,SIP-900808,14-08-2026 03:26:11,2026-08-14 11:37:11,Urgencia por cardiovascular,78,148/83,ingreso_pediatria
EP-2026-01132,SIP-762587,15/09/2026 03:18 AM,,Urgencia por nefrourologia,999,PENDIENTE,domicilio
EP-2026-02605,SIP-895049,27/08/2026 12:54 PM,2026-08-27 20:02:54,Urgencia por respiratorio,73,145/68,None
EP-2026-00369,SIP-663027,26/09/2026 01:54 PM,2026-09-26T20:26:51Z,Urgencia por nefrourologia,104,133/90,ingreso_planta
EP-2026-01228,SIP-765912,14/09/2026 17:44:01,14/09/2026 09:26 PM,Urgencia por neurologia,101,127/74,domicilio
EP-2026-03153,SIP-394235,19/08/2026 14:02:21,19/08/2026 17:32:21,Urgencia por infeccioso,80,153/71,observacion
EP-2026-00061,SIP-646922,2026-09-30T19:31:30Z,2026-10-01T04:56:30Z,Urgencia por respiratorio,103,138/71,domicilio
EP-2026-02633,SIP-722578,27-08-2026 03:16:46,2026-08-27 11:53:46,Urgencia por psiquiatria,65,120/95,traslado_uci
EP-2026-01990,SIP-696033,05/09/2026 06:28:28,2026-09-05 07:11:28,Urgencia por respiratorio,76,111/60,observacion
EP-2026-03079,SIP-605596,20-08-2026 20:29:17,2026/08/21 01:12:17,Urgencia por psiquiatria,109,133/100,ingreso_pediatria
EP-2026-01549,SIP-790522,10-09-2026 12:58:14,,Urgencia por neurologia,90,96/99,ingreso_pediatria
EP-2026-00183,SIP-145098,2026-09-29 06:03:33,2026-09-29 03:03:33,Urgencia por traumatologia,101,102/160,traslado_uci
EP-2026-01230,SIP-868756,14/09/2026 04:22 AM,14/09/2026 06:00 AM,Urgencia por respiratorio,115,105/65,traslado_uci
EP-2026-01047,SIP-468414,17/09/2026 02:57 PM,2026-09-17T15:39:23Z,Urgencia por neurologia,64,127/86,traslado_uci
EP-2026-00151,SIP-394575,29/09/2026 21:02:32,2026-09-29 21:32:32,Urgencia por cardiovascular,67,136/103,FALLECIMIENTO
EP-2026-02206,SIP-642795,01/09/2026 10:35 PM,,Urgencia por psiquiatria,89,141/66,ingreso_pediatria
EP-2026-03419,SIP-971949,15-08-2026 06:56:33,N/D,Urgencia por nefrourologia,59,136/86,observacion
EP-2026-02129,SIP-918769,02/09/2026 14:22:24,2026/09/02 23:39:24,Urgencia por respiratorio,94,105/65,domicilio
EP-2026-00978,SIP-803833,2026-09-18T07:56:25Z,2026-09-18 14:26:25,Urgencia por pediatria,102,117/73,ingreso_pediatria
EP-2026-00564,SIP-293601,2026-09-24T10:13:27Z,24-09-2026 12:40:27,Urgencia por digestivo,97,95/102,ingreso_planta
EP-2026-00093,SIP-247931,30/09/2026 21:19:26,01/10/2026 02:28 AM,Urgencia por respiratorio,87,135/105,ingreso_planta
EP-2026-00009,SIP-130192,2026-10-01 15:27:55,2026/10/01 18:06:55,Urgencia por neurologia,105,123/104,
EP-2026-01543,SIP-593445,2026-09-10 07:52:44,10-09-2026 13:01:44,Urgencia por neurologia,109,112/98,INGRESO_PLANTA
EP-2026-02205,SIP-707523,2026-09-02T02:19:12Z,02-09-2026 08:25:12,Urgencia por psiquiatria,101,,observacion
EP-2026-02615,SIP-755999,2026-08-27 18:33:27,,Urgencia por respiratorio,102,96/91,ingreso_planta
EP-2026-00518,SIP-775549,2026/09/24 21:48:44,25/09/2026 02:15 AM,Urgencia por respiratorio,59,126/95,traslado_uci
EP-2026-03122,SIP-289755,2026-08-20T14:07:40Z,2026/08/20 19:47:40,Urgencia por neurologia,62,152/69,traslado_uci
EP-2026-02667,SIP-148791,2026-08-27 12:03:21,2026-08-27T21:18:21Z,Urgencia por pediatria,72,102/90,ingreso_pediatria
EP-2026-03055,SIP-737016,,,Urgencia por nefrourologia,450,145/62,None
EP-2026-02981,SIP-459308,2026-08-22T21:41:46Z,23/08/2026 06:58 AM,Urgencia por traumatologia,74,96/85,null
EP-2026-00608,SIP-153144,2026-09-23 02:07:14,2026-09-23 09:09:14,Urgencia por digestivo,96,119/65,
EP-2026-02040,SIP-534636,04-09-2026 05:06:19,,Urgencia por respiratorio,81,145/73,domicilio
EP-2026-03473,SIP-938937,2026-08-15T12:06:36Z,2026-08-15 22:04:36,Urgencia por neurologia,53,146/82,traslado_uci
EP-2026-02949,SIP-298002,2026-08-22 16:41:53,23/08/2026 01:29 AM,Urgencia por psiquiatria,99,99/83,domicilio
EP-2026-02362,SIP-723952,30-08-2026 00:17:49,30/08/2026 02:29:49,Urgencia por neurologia,-15,139/98,ingreso_pediatria
EP-2026-00398,SIP-826008,2026-09-26T20:18:31Z,,Urgencia por traumatologia,78,144/75,traslado_uci
EP-2026-00011,SIP-665162,2026-10-01T18:48:31Z,2026/10/01 21:59:31,Urgencia por psiquiatria,94,165/71,traslado_uci
EP-2026-00101,SIP-797726,2026-09-30T13:35:57Z,2026-09-30T16:36:57Z,Urgencia por neurologia,82,NORMAL,ingreso_pediatria
EP-2026-01634,SIP-639676,09-09-2026 20:46:25,10/09/2026 03:36 AM,Urgencia por pediatria,106,150/93,domicilio
EP-2026-02984,SIP-397373,2026/08/22 16:00:12,2026-08-22T19:21:12Z,Urgencia por infeccioso,104,107/64,observacion
EP-2026-01540,SIP-269779,2026/09/10 11:01:07,2026/09/10 13:23:07,Urgencia por neurologia,94,101/75,observacion
EP-2026-00799,SIP-339676,20-09-2026 02:48:05,20-09-2026 10:45:05,Urgencia por neurologia,83,159/95,traslado_uci
EP-2026-00996,SIP-761395,17/09/2026 12:34:20,2026/09/17 15:23:20,Urgencia por neurologia,81,152/59,observacion
EP-2026-01885,SIP-282971,2026-09-06 12:57:23,06/09/2026 21:30:23,Urgencia por nefrourologia,70,125/99,ingreso_planta
EP-2026-01772,SIP-899584,2026/09/07 18:32:02,08/09/2026 01:15:02,Urgencia por traumatologia,116,80/103,ALTA_INGRESO_PLANTA
EP-2026-03032,SIP-782420,2026-08-21T22:03:56Z,N/D,Urgencia por cardiovascular,71,134/100,FALLECIMIENTO
EP-2026-02908,SIP-289316,23/08/2026 21:13:26,,Urgencia por digestivo,115,161/72,traslado_uci
EP-2026-00618,SIP-137853,2026-09-23 06:59:46,2026-09-23T13:41:46Z,Urgencia por digestivo,92,136/96,ALTA_OBSERVACION
EP-2026-01061,SIP-135782,2026-09-16T19:56:24Z,,Urgencia por digestivo,57,165/104,observacion
EP-2026-02706,SIP-668210,2026-08-26T14:22:35Z,2026-08-26T22:15:35Z,Urgencia por infeccioso,83,111/66,ingreso_planta
EP-2026-01929,SIP-233854,06-09-2026 23:58:46,2026-09-07 05:01:46,Urgencia por digestivo,67,106/68,observacion
EP-2026-01630,SIP-215892,09/09/2026 05:34 PM,10/09/2026 01:21:05,Urgencia por digestivo,112,146/56,ingreso_planta
EP-2026-00654,SIP-709670,2026-09-22T01:00:22Z,2026-09-22 03:56:22,Urgencia por infeccioso,111,169/66,ingreso_pediatria
EP-2026-00384,SIP-305134,26/09/2026 23:23:11,2026-09-27 09:14:11,Urgencia por neurologia,119,159/102,ingreso_planta
EP-2026-00099,SIP-354322,2026-09-30T12:52:42Z,2026-09-30 21:40:42,Urgencia por pediatria,60,122/79,ingreso_planta
EP-2026-02233,SIP-520992,01-09-2026 17:02:27,02/09/2026 12:34 AM,Urgencia por cardiovascular,110,99/75,domicilio
EP-2026-02182,SIP-429805,2026-09-02 15:27:31,02/09/2026 17:54:31,Urgencia por traumatologia,95,150_71,observacion
EP-2026-01574,SIP-798269,2026/09/10 08:23:37,2026-09-10 13:13:37,Urgencia por traumatologia,77,100/98,observacion
EP-2026-00446,SIP-633011,25/09/2026 12:20 AM,2026-09-25 03:10:08,Urgencia por cardiovascular,98,126/90,ingreso_pediatria
EP-2026-00638,SIP-112420,2026/09/23 00:55:04,,Urgencia por pediatria,69,162-99,domicilio
EP-2026-01373,SIP-594381,2026-09-12T11:22:02Z,2026-09-12T17:35:02Z,Urgencia por neurologia,113,123/76,observacion
EP-2026-01692,SIP-380953,2026-09-09T21:37:52Z,09-09-2026 22:11:52,Urgencia por nefrourologia,61,109/80,ingreso_planta
EP-2026-01261,SIP-657967,14/09/2026 12:16 AM,NULL,Urgencia por pediatria,121,118/87,traslado_uci
EP-2026-01499,SIP-869037,2026/09/11 02:48:24,11-09-2026 11:14:24,Urgencia por digestivo,92,124/95,ingreso_pediatria
EP-2026-02180,SIP-872301,2026/09/02 21:43:09,,Urgencia por neurologia,94,107/82,traslado_uci
EP-2026-02018,SIP-154495,04/09/2026 09:03 PM,05/09/2026 05:39:01,Urgencia por infeccioso,92,148/72,alta
EP-2026-01019,SIP-939911,17/09/2026 10:15 AM,17-09-2026 19:45:54,Urgencia por digestivo,123,s/d,ingreso_planta
EP-2026-03102,SIP-191908,N/D,,Urgencia por cardiovascular,52,159/65,ingreso_pediatria
EP-2026-03209,SIP-930945,18/08/2026 07:40:34,18/08/2026 10:24:34,Urgencia por traumatologia,68,138/55,observacion
EP-2026-01206,SIP-272857,2026-09-14T16:36:22Z,14/09/2026 05:06 PM,Urgencia por infeccioso,63,134/72,ingreso_planta
EP-2026-03034,SIP-761950,21/08/2026 15:39:32,2026-08-22T00:17:32Z,Urgencia por psiquiatria,99,127/95,ALTA_TRASLADO_UCI
EP-2026-03301,SIP-277484,17/08/2026 10:16:41,2026-08-17 19:27:41,Urgencia por psiquiatria,84,111/101,domicilio
EP-2026-03302,SIP-252843,17/08/2026 12:47:34,2026-08-17 19:06:34,Urgencia por respiratorio,110,129/101,observacion
EP-2026-00759,SIP-861879,2026-09-21T05:39:54Z,2026-09-21 08:10:54,Urgencia por pediatria,80,s/d,ingreso_planta
EP-2026-02124,SIP-119880,03-09-2026 10:53:01,03/09/2026 19:07:01,Urgencia por nefrourologia,78,151/76,traslado_uci
EP-2026-02031,SIP-279516,2026-09-04 07:39:32,NULL,Urgencia por digestivo,107,119/67,domicilio
EP-2026-03095,SIP-576809,2026/08/20 02:41:51,20/08/2026 11:42:51,Urgencia por nefrourologia,77,105/57,ingreso_pediatria
EP-2026-01768,SIP-815096,2026/09/07 21:11:36,NULL,Urgencia por neurologia,120,125/103,traslado_uci
EP-2026-01169,SIP-943867,NULL,16/09/2026 01:13 AM,Urgencia por pediatria,96,133/102,ingreso_pediatria
EP-2026-00411,SIP-706942,2026/09/25 03:45:20,2026-09-25T05:43:20Z,Urgencia por cardiovascular,117,113/74,ingreso_planta
EP-2026-03421,SIP-315216,2026-08-15 23:43:22,2026-08-16T00:32:22Z,Urgencia por nefrourologia,72,s/d,domicilio
EP-2026-02950,SIP-252895,22/08/2026 08:12 AM,2026-08-22 13:00:42,Urgencia por cardiovascular,66,162/87,Domicilio
EP-2026-02021,SIP-850281,04-09-2026 17:58:08,2026-09-05T03:08:08Z,Urgencia por respiratorio,103,114/92,ingreso_planta
EP-2026-03056,SIP-400590,21/08/2026 21:18:32,2026/08/21 22:59:32,Urgencia por respiratorio,62,95/95,ingreso_pediatria
EP-2026-02778,SIP-617506,NULL,NULL,Urgencia por pediatria,61,131/84,traslado_uci
EP-2026-01160,SIP-186876,15/09/2026 01:12:10,15/09/2026 10:10 AM,Urgencia por neurologia,86,150/104,domicilio
EP-2026-01624,SIP-175850,09-09-2026 19:00:22,10/09/2026 01:07 AM,Urgencia por digestivo,103,130/75,ingreso_planta
EP-2026-00114,SIP-326088,2026-09-30 00:44:27,,Urgencia por pediatria,s/d,118/63,observacion
EP-2026-00221,SIP-465241,2026-09-28T04:20:30Z,2026-09-28 09:15:30,Urgencia por respiratorio,74,144/70,ingreso_pediatria
EP-2026-01478,SIP-436766,11/09/2026 15:03:00,12-09-2026 00:41:00,Urgencia por nefrourologia,79,132/65,observacion
EP-2026-00910,SIP-919950,2026-09-18 16:51:16,2026/09/19 02:05:16,Urgencia por respiratorio,103,110/78,domicilio
EP-2026-00018,SIP-956114,01/10/2026 03:16 AM,2026-10-01T10:58:43Z,Urgencia por nefrourologia,80,158/68,traslado_uci
EP-2026-01877,SIP-202519,2026-09-06 22:17:10,2026-09-07T05:54:10Z,Urgencia por digestivo,73,133/55,domicilio
EP-2026-00892,SIP-155170,19-09-2026 06:59:54,19/09/2026 12:09:54,Urgencia por respiratorio,110,100/78,ingreso_pediatria
EP-2026-00109,SIP-338067,2026/09/30 11:15:38,2026-09-30T15:28:38Z,Urgencia por traumatologia,57,117/103,traslado_uci
EP-2026-01162,SIP-917095,15/09/2026 11:10 AM,2026/09/15 14:12:58,Urgencia por pediatria,56,105/103,FALLECIMIENTO
EP-2026-03444,SIP-782126,NULL,N/D,Urgencia por respiratorio,119,149/63,domicilio
EP-2026-02297,SIP-526082,31/08/2026 04:02 PM,2026/08/31 17:32:36,Urgencia por psiquiatria,113,109/55,observacion
EP-2026-01792,SIP-990804,2026-09-07 16:21:07,2026-09-07T20:42:07Z,Urgencia por psiquiatria,91,108/101,None
EP-2026-01189,SIP-654196,15-09-2026 01:34:25,N/D,Urgencia por nefrourologia,79,108/69,domicilio
EP-2026-03119,SIP-687859,2026-08-20 16:58:59,2026-08-20T17:39:59Z,Urgencia por traumatologia,105,167/70,ALTA_OBSERVACION
EP-2026-02067,SIP-153459,2026-09-03 22:29:33,04/09/2026 06:01:33,Urgencia por neurologia,125,146/66,domicilio
EP-2026-02604,SIP-602677,2026/08/27 07:53:55,2026/08/27 10:33:55,Urgencia por psiquiatria,ERROR,117/59,domicilio
EP-2026-00431,SIP-621479,25/09/2026 03:20 PM,26-09-2026 00:39:02,Urgencia por infeccioso,125,152/79,
EP-2026-00904,SIP-123252,18-09-2026 09:05:01,18/09/2026 09:37:01,Urgencia por nefrourologia,96,101/92,traslado_uci
EP-2026-00063,SIP-824677,2026-09-30T08:36:45Z,2026-09-30T16:51:45Z,Urgencia por cardiovascular,124,101/89,ingreso_planta
EP-2026-01104,SIP-401839,16/09/2026 03:25 AM,2026/09/16 05:11:36,Urgencia por nefrourologia,124,144/84,observacion
EP-2026-03349,SIP-971479,2026/08/16 01:45:02,2026/08/16 05:25:02,Urgencia por traumatologia,54,140/101,ingreso_pediatria
EP-2026-02553,SIP-806395,2026-08-28T10:05:51Z,28/08/2026 11:58:51,Urgencia por traumatologia,120,158/99,domicilio
EP-2026-00972,SIP-813652,2026-09-18T03:03:32Z,2026/09/18 12:20:32,Urgencia por traumatologia,90,113/87,ingreso_planta
EP-2026-02372,SIP-587770,30-08-2026 02:16:46,2026/08/30 12:11:46,Urgencia por infeccioso,111,146/80,traslado_uci
EP-2026-02744,SIP-836564,2026-08-26T04:03:42Z,26-08-2026 08:24:42,Urgencia por traumatologia,55,116/60,ingreso_pediatria
EP-2026-02219,SIP-348513,2026/09/01 11:58:53,N/D,Urgencia por neurologia,112,111/94,observacion
EP-2026-02678,SIP-698373,26-08-2026 22:01:19,27/08/2026 04:03:19,Urgencia por pediatria,94,120/86,ingreso_pediatria
EP-2026-01467,SIP-649647,11/09/2026 01:45:33,11-09-2026 10:21:33,Urgencia por traumatologia,73,167/94,observacion
EP-2026-00420,SIP-468865,25/09/2026 09:17 PM,2026-09-26T03:36:30Z,Urgencia por nefrourologia,125,145/86,ingreso_pediatria
EP-2026-00573,SIP-527157,2026/09/24 03:18:51,24-09-2026 11:27:51,Urgencia por nefrourologia,105,122/71,domicilio
EP-2026-01671,SIP-513108,2026-09-09T01:01:30Z,2026/09/09 08:32:30,Urgencia por respiratorio,121,115/103,ingreso_pediatria
EP-2026-01163,SIP-324966,15/09/2026 06:05 AM,2026/09/15 06:58:47,Urgencia por respiratorio,60,168/70,domicilio
EP-2026-01134,SIP-670806,2026-09-15T14:55:53Z,2026/09/15 16:25:53,Urgencia por nefrourologia,100,168/93,traslado_uci
EP-2026-03370,SIP-710126,16-08-2026 15:02:12,2026-08-16T19:31:12Z,Urgencia por cardiovascular,67,95/100,ingreso_planta
EP-2026-02474,SIP-668792,2026-08-29T01:46:15Z,2026/08/29 02:44:15,Urgencia por traumatologia,106,140/93,ingreso_planta
EP-2026-02693,SIP-555988,2026/08/26 09:05:06,26-08-2026 18:02:06,Urgencia por cardiovascular,81,110/57,domicilio
EP-2026-00612,SIP-350769,2026-09-23T17:41:51Z,24/09/2026 02:08 AM,Urgencia por infeccioso,64,164/82,ingreso_planta
EP-2026-02229,SIP-822400,01/09/2026 12:14:12,2026-09-01 17:37:12,Urgencia por psiquiatria,58,114/96,observacion
EP-2026-02849,SIP-796282,2026/08/24 20:41:18,2026-08-25T01:36:18Z,Urgencia por psiquiatria,107,127/76,ingreso_pediatria
EP-2026-03165,SIP-697176,19/08/2026 16:24:57,20/08/2026 01:58:57,Urgencia por psiquiatria,96,101/55,None
EP-2026-01015,SIP-379945,17-09-2026 08:19:43,17/09/2026 02:26 PM,Urgencia por neurologia,119,168/99,ingreso_pediatria
EP-2026-02500,SIP-624804,2026/08/29 00:52:06,29/08/2026 03:42 AM,Urgencia por traumatologia,84,110/77,ingreso_pediatria
EP-2026-02049,SIP-117046,04/09/2026 06:57 PM,N/D,Urgencia por psiquiatria,123,154/60,ingreso_pediatria
EP-2026-03068,SIP-927328,21/08/2026 17:04:39,2026/08/22 02:35:39,Urgencia por respiratorio,101,109/64,domicilio
EP-2026-00148,SIP-576967,2026-09-29 01:45:41,29/09/2026 03:49 AM,Urgencia por infeccioso,124,143/56,observacion
EP-2026-00259,SIP-627071,2026/09/28 12:26:35,2026/09/28 14:22:35,Urgencia por infeccioso,114,100/89,domicilio
EP-2026-00016,SIP-746352,01/10/2026 03:18 AM,01-10-2026 12:29:10,Urgencia por psiquiatria,95,141 66,observacion
EP-2026-00043,SIP-428005,2026/10/01 04:23:11,01/10/2026 12:46:11,Urgencia por psiquiatria,70,138/66,observacion
EP-2026-01981,SIP-391844,05/09/2026 07:39:13,05-09-2026 10:41:13,Urgencia por respiratorio,101,99/59,observacion
EP-2026-01275,SIP-263395,14/09/2026 04:19:06,2026-09-14 09:13:06,Urgencia por cardiovascular,58,101/90,observacion
EP-2026-03115,SIP-972053,20/08/2026 20:58:49,2026-08-20 22:27:49,Urgencia por nefrourologia,109,96/81,domicilio
EP-2026-01177,SIP-968208,2026-09-15 10:13:51,2026-09-15T13:34:51Z,Urgencia por infeccioso,97,s/d,ingreso_pediatria
EP-2026-00419,SIP-885765,2026-09-25 03:15:29,25/09/2026 06:26:29,Urgencia por digestivo,78,157/89,ingreso_pediatria
EP-2026-00744,SIP-399566,2026-09-21T17:34:36Z,21/09/2026 21:46:36,Urgencia por neurologia,73,139/89,observacion
EP-2026-00828,SIP-914772,2026-09-20 18:23:11,21-09-2026 01:30:11,Urgencia por psiquiatria,122,137/100,domicilio
EP-2026-01249,SIP-644479,14-09-2026 18:24:43,15/09/2026 03:30:43,Urgencia por traumatologia,124,PENDIENTE,ingreso_planta
EP-2026-01686,SIP-469394,09/09/2026 15:45:47,09/09/2026 06:36 PM,Urgencia por cardiovascular,87,169/57,ingreso_planta
EP-2026-02670,SIP-563252,2026-08-26 11:48:40,26-08-2026 21:11:40,Urgencia por cardiovascular,124,96/66,ingreso_pediatria
EP-2026-03402,SIP-868847,16/08/2026 20:27:46,NULL,Urgencia por nefrourologia,104,156/100,ingreso_planta
EP-2026-02734,SIP-307762,26-08-2026 13:04:55,2026/08/26 14:10:55,Urgencia por traumatologia,87,159/67,ingreso_planta
EP-2026-00733,SIP-458739,2026-09-21 22:10:41,22/09/2026 02:58 AM,Urgencia por psiquiatria,75,PENDIENTE,ingreso_pediatria
EP-2026-02139,SIP-200357,2026-09-02T21:26:28Z,03-09-2026 04:47:28,Urgencia por traumatologia,100,116/75,traslado_uci
EP-2026-03145,SIP-670866,20/08/2026 20:11:47,2026/08/21 00:31:47,Urgencia por pediatria,80,144/77,traslado_uci
EP-2026-01263,SIP-753444,2026-09-14T11:33:45Z,2026-09-14T14:05:45Z,Urgencia por traumatologia,999,120/93,domicilio
EP-2026-02254,SIP-137788,01/09/2026 03:05:24,2026/09/01 09:18:24,Urgencia por psiquiatria,103,140/79,ingreso_pediatria
EP-2026-02043,SIP-597856,04/09/2026 04:45 AM,04/09/2026 11:10:02,Urgencia por cardiovascular,73,159/58,ingreso_pediatria
EP-2026-00438,SIP-238129,2026/09/25 11:37:47,25/09/2026 12:28:47,Urgencia por respiratorio,73,124/65,observacion
EP-2026-02259,SIP-539031,2026/09/01 05:51:41,2026-09-01T11:22:41Z,Urgencia por traumatologia,117,123/79,domicilio
EP-2026-03175,SIP-990720,2026/08/19 02:07:26,19/08/2026 04:12:26,Urgencia por nefrourologia,73,149/94,domicilio
EP-2026-02808,SIP-623569,25/08/2026 11:53 AM,25/08/2026 17:19:28,Urgencia por psiquiatria,112,90/158,traslado_uci
EP-2026-03113,SIP-742027,2026-08-20T03:03:44Z,2026-08-20T11:46:44Z,Urgencia por nefrourologia,80,103/72,observacion
EP-2026-01157,SIP-630667,2026/09/15 07:32:42,15/09/2026 09:38 AM,Urgencia por pediatria,103,114/83,ingreso_pediatria
EP-2026-01345,SIP-364677,2026-09-13 20:44:00,14/09/2026 00:51:00,Urgencia por digestivo,61,130/89,observacion
EP-2026-00983,SIP-604672,2026/09/17 22:47:55,18-09-2026 06:23:55,Urgencia por pediatria,ERROR,153/79,traslado_uci
EP-2026-02857,SIP-872576,2026-08-24 11:29:59,24/08/2026 05:54 PM,Urgencia por cardiovascular,65,136/98,ingreso_pediatria
EP-2026-01105,SIP-762787,16-09-2026 08:19:01,2026-09-16 13:54:01,Urgencia por infeccioso,79,151/95,ingreso_planta
EP-2026-02829,SIP-216111,2026-08-24T17:03:21Z,24/08/2026 20:36:21,Urgencia por cardiovascular,84,165-62,FALLECIMIENTO
EP-2026-02941,SIP-206506,22/08/2026 02:48 PM,22/08/2026 18:58:23,Urgencia por cardiovascular,108,124/83,domicilio
EP-2026-00089,SIP-481789,N/D,30/09/2026 22:01:55,Urgencia por respiratorio,56,122/66,alta
EP-2026-02076,SIP-257920,2026-09-03 03:47:29,2026-09-03T05:18:29Z,Urgencia por pediatria,104,163/85,observacion
EP-2026-00254,SIP-269113,28/09/2026 06:08 PM,2026/09/29 03:13:46,Urgencia por respiratorio,97,163/100,traslado_uci
